:020000040000FA
:1000000040570020F9E10000FFAA0100E5E10000EF
:10001000E5E10000E5E10000E5E10000000000008E
:1000200000000000000000000000000061E300008C
:10003000E5E100000000000001E30000E5E1000050
:1000400021E5000059D0010021E5000021E5000074
:1000500021E5000021E5000021E5000021E5000088
:100060006FD0010021E5000021E5000043D0010030
:1000700021E5000021E5000021E5000021E5000068
:1000800021E5000021E5000021E5000021E5000058
:1000900021E5000021E5000021E5000021E5000048
:1000A00021E5000021E5000021E5000021E5000038
:1000B00021E5000021E5000021E5000021E5000028
:1000C00021E5000021E5000021E5000021E5000018
:1000D00021E5000021E5000021E5000021E5000008
:1000E00021E5000021E5000021E5000021E50000F8
:1000F00021E5000021E5000021E5000021E50000E8
:10010000064B074A5B7802604FF422728280C3710B
:100110000822002382710372704700BFD0070020BD
:1001200087C80000064B074A5B7A02604FF49C7256
:100130008280C3710822FF2382710372704700BF5F
:10014000D00700209BC30000F8B5C41D002824F090
:100150000704054614BF2046002000F07FFA071E62
:1001600002DA6FF00B00F8BD254EB1887088F37984
:10017000B2790331033089B280B20AF0BDF80028A9
:10018000EFDB737831783C4403341944002D24F0BC
:10019000030400FB01F114BF2046002000F0E4FB43
:1001A00023180DB9002BDCDB717A184679B10333C3
:1001B000002D23F0030414BF20460020728900F0B4
:1001C00045FC0028CDDB20440DB90028C9DB317A7D
:1001D00091B1737A83B1C41D002D24F0070414BFBC
:1001E0002046002003F050F80028BADB0DB10020B3
:1001F000B9E72018B7D5B4E7002DF8D1B3E700BFB1
:10020000D00700201FB572B6194BDD68EDB9BFF3FA
:100210004F8F1849184BCA6802F4E0621343CB6051
:10022000BFF34F8F00BFFDE72346B2FBF6F25C1C25
:10023000002AF9D104AEDCB256FA83F303F80C2C91
:100240000A2234B901A8A847E1E7024600230A269A
:10025000EDE7631E04AEDCB256FA83F3B0FBF2F6B0
:1002600002FB1600303003F80C0C3046E9E700BF03
:10027000D007002000ED00E00400FA0507B50A4BA6
:10028000DA88ADF8002068469A885B88ADF80420CB
:10029000ADF8023001F04AFD18B1FC219C20FFF7B7
:1002A000B1FF03B05DF804FBD007002010B5044691
:1002B00028B309F0D7F810B94FF0FF3010BD06F0A1
:1002C000F5FFB0F5FA7FF7D80E4B00221A744FF401
:1002D00080721A801B225A809A8040F20322DA80B0
:1002E0004FF484721A811F22DC605A81EFF310846C
:1002F00072B600F009FC04B962B60020DEE76FF0C8
:100300001500DBE7D007002010B5002840D1234CB2
:10031000237C032B39D059B1002A3CD0023905295E
:1003200036D8DFE801F0031227352A2D13786370E1
:100330000020FFF709FF0028B7BF01230223237421
:100340006FF00B00A8BF237410BD13791BB3537952
:100350000BB31188FB291ED853881B3B9BB2E02BA3
:1003600019D81A2917D91368C4F802300C4B92888F
:100370009A80DDE713786372DAE713886381D7E741
:100380001388FF2B07D82372D2E74FF0FF30DBE74B
:100390006FF02C00D8E76FF01500D5E7D0070020EC
:1003A000D2070020F8B50D46064620B319B311F068
:1003B000070420D1114F3B7C012B02D16FF00B00C1
:1003C000F8BD032B02D14FF0FF30F9E700F060F8E1
:1003D0000028F8D02846FFF7B7FE0028EEDB0CF027
:1003E000AFFA3046214601F023FDFFF747FF032314
:1003F0003B742046E4E76FF01500E1E7D0070020EA
:1004000010B5064C237C032B03D101F027FD02F02D
:10041000A3F90AF07BF80020207410BDD00700205B
:1004200050B1074B03F1140253F8041B40F8041BAE
:100430009342F9D1002070476FF01500704700BF5C
:1004400014FB010008B501F0BFFCBDE808400249FB
:10045000012000F0FBB800BF2501000008B501F045
:10046000C7FCBDE808400249002000F0EFB800BF1B
:1004700001010000024B02681A600020704700BFB3
:10048000E4070020014B1B68184700BFE407002069
:10049000024B1868003818BF01207047E40700209D
:1004A000074B4FF0FF3141F6FF72C3E900120549D7
:1004B0000022C1E900221F21C3E90212704700BFD8
:1004C00000000020E80700203F280CD801380B4B23
:1004D000C0F3421200F01F0053F8223023FA00F05C
:1004E00000F001007047FF2806D04038C0F34212E8
:1004F000034B00F01F00EFE70120704700000020D1
:10050000E80700200146074B006849681A4603C205
:1005100040F48C221A6041F0107242F4FF625A607B
:1005200000207047000000200246034B006851681D
:1005300003C30020704700BFE80700200246034BBA
:100540000068516803C30020704700BF0800002006
:10055000382800F1FF33DBB21FBF064A590902EB0E
:10056000810203F01F031DBF9068D84000F0010016
:100570000020704700000020F0B50C88C37C028882
:10058000A5B2C4F30E0404F118060233865B1A44C4
:10059000334497B213FA82F3013B4288B3FBF7F37B
:1005A00013FB07439BB29A42044A93BF22EA050316
:1005B0002A4013439BB20B80F0BD00BF0080FFFFB9
:1005C0004A1E062A08B50346084604D84FF4D171DE
:1005D0001520FFF717FE094A914202D940F2A311F4
:1005E000F6E711B903B1196008BD2BB11B680022F1
:1005F000C3E901211A1D1A600430F5E7FAFFFF7FF5
:1006000010B5114B00EB41041A786389B3FBF2F388
:1006100003FB0223013A1A44B2F5706F0279807825
:1006200028BF00231A440B18B2FBF0F100FB112184
:100630005B1AB3FBF0F100FB113313446FEA434341
:100640006FEA5343638110BDF0070020024B03EBB8
:1006500080035960704700BFF00700202DE9F04F7C
:1006600010F0070A85B0054604D040F26F1117203C
:10067000FFF7C8FD534F07F10C06B1460446B046DC
:1006800057F8043B8DF80BA03BB101A898479DF8A3
:100690000A30082B01D9F521E9E79DF80B1041BB81
:1006A00005B131604F4506F10406E9D1002D70D047
:1006B000DFF81491002289F800209646022758F8A6
:1006C00027A0013FBAF1000F56D09AF804609AF8BB
:1006D00002C0FF2E61D039460023481C39D19C440A
:1006E000BCF1FF0F40D90AB189F800E04FF49A71CC
:1006F000BDE79DF80AC06046022838BF02204B1DA6
:100700005A0004EB4303441E2344BDF808406444EC
:10071000013CCCF1000C04EA0C044042B4F5803FEB
:1007200003EA000302D340F20511A0E775B19A1A5B
:100730000120326091701480D0709DF80C0010710F
:10074000019810814FEA104CA2F806C004FB013456
:10075000A8E758F8210028B190F804B0B34504BFC9
:1007600080781B180139B8E7DBB2E6458AF8043017
:100770003CBF5FFA8CFE01227B1CA0D10AB189F834
:1007800000E0022640F6FF6A58F82670B7B9013E2D
:10079000FAD2601B05B0BDE8F08F0023E5E707EB58
:1007A00041033846A3F80AA0FFF72AFF09F101091F
:1007B000BB785FFA89F18B42F1D8E8E74FF0000986
:1007C000F6E700BFF4070020F007002038B54FF629
:1007D000FF730380184B03EB810302461869A8B12D
:1007E00084780379B3FBF4F104FB1133DBB21946CF
:1007F00000EB4105B5F90A50002D0EDB0131B1FBCC
:10080000F4F504FB1511C9B28B42F1D1002038BDBB
:100810006381BDE8384009F04BBD00EB41046389BA
:10082000C3F30E031380C278002AF1D14FF4E571AF
:100830001720FFF7E7FC00BFF00700201C4B03EB7D
:10084000810370B51C69054644B3030404D54FF415
:10085000EC711720FFF7D6FC0146204609F00AFD8F
:10086000FF28014604D02046BDE8704009F020BDB5
:10087000A078B5FBF0F300FB1353DBB219460A1D59
:1008800004EB4206B6F90260002E09DB0131B1FB30
:10089000F0F200FB1211C9B28B42F0D1002070BD02
:1008A0008B4201D00023E37004EB42025580DAE76B
:1008B000F0070020094B03EB810310B51C690146CA
:1008C000204609F0D7FCFF28014604D02046BDE8A9
:1008D000104009F0EDBC002010BD00BFF007002063
:1008E000F8B5104B03EB810307461C69014620460F
:1008F00009F0C0FCFF28054611D0E288238953EA9D
:10090000024606D00146204609F0D2FC0146384690
:10091000B04720462946FFF773FE0020F8BD0520AA
:10092000FCE700BFF007002038B50E4B827903EBDF
:1009300082030446186908B9052038BD8278E17938
:100940009142F9D24B1CE37100EB41035D89B3F98D
:100950000A30002BF3DBA58009F0AAFC2060002000
:10096000EBE700BFF007002070B5044610F003006D
:100970000E4603D04E211820FFF744FCFFF720FE5F
:10098000054624B1034831460460FFF719FE2846A6
:1009900070BD00BF0C0800202DE9F14FDFF870B0EA
:1009A0009DF828A09DF82C901E46DBF800300746E5
:1009B0000D4690461BB960211820FFF723FC5246D4
:1009C0000921404609F0DBFA4A4684B20921304643
:1009D00009F0D5FA14FA80F1DBF8000009F01EFCEA
:1009E000386018B9286001B0BDE8F08F04442C606D
:1009F000386853464146092209F084FA28684B4674
:100A00000922314601B0BDE8F04F09F07BBA00BFC2
:100A10000C08002070B50E46044609F0C3FA0546DE
:100A2000304609F0BFFA044B2A1821461868BDE881
:100A3000704009F018BC00BF0C080020024B186879
:100A400008B109F0DFBB70470C0800201F2AF8B579
:100A5000044626D804200323134D12FB003254B160
:100A6000A30703D068210920FFF7CCFB22F0030382
:100A700029706C602B8122F003022823120403FBEF
:100A800001F001276B68120C0025EEB2B14200D8CC
:100A9000F8BD14B126181F705E601044013528336C
:100AA000F3E74FF0FF30F3E71008002070B5154A68
:100AB000157853680021C8B2854203D8BA210920AD
:100AC000FFF7A0FB1C46184614F8286B01310EB93D
:100AD0002346F0E700219970128999610124D961B8
:100AE00059685C70920803F11E0403F1260524F88E
:100AF000022FAC4243F8041F1144F8D10023436194
:100B0000037070BD10080020134B012200214FF02C
:100B1000FF309A60C3F80012C3F80803C3F8001549
:100B2000C3F804259A60C3F80803C3F80015C3F896
:100B300004250A490A4A03F580334FF40040C3F8FC
:100B40000825C1F88000BFF34F8FBFF36F8FC1F846
:100B50008001C3F80825704700F0004000E100E084
:100B60000000F63F0A46192302F8033B0448C36815
:100B7000C1F803300369536043699360704700BF55
:100B80001C080020024B5A8C02435A845B6A1847A7
:100B90001C080020014B00215B6A18471C0800203C
:100BA00010B5154C05F064FA05F0FCFD208DFFF73B
:100BB000F1FF237E63B12246104952F80C3BE360FB
:100BC0006368536004F11900A36893600AF046FD5E
:100BD0000B4B228D93E8030002F08AFB236B1888ED
:100BE00002F008FBA36B94F8341094F83500984792
:100BF000002384F83C3010BD1C080020650B000069
:100C000048080020034B93F83C300BB1FFF7C8BFF6
:100C1000704700BF1C08002070B51B4C256B236D6E
:100C200023644FF481730646A4F8443094F85400CA
:100C300095F88B3095F8691000EB83002EB9FF28EA
:100C400003D195F868308B4201D005F0B1F895F8E2
:100C50008B309BB1A06D05F0A9FAA16D206C05F059
:100C60007DFD16B9304605F0F5FA95F868100020BC
:100C700005F044FB022384F83C3070BD206C05F085
:100C800095FA05F08FFDECE71C080020F0B590F810
:100C90006940134A0B46012CD1E91C6792F8542095
:100CA00087B001F1780103F188034FF0010006D00D
:100CB000022C13D040F22C410620FFF7A3FA0024A7
:100CC0000025CDE9013205900090CDE9034532467B
:100CD0003B46012005F0A0FC07B0F0BD0446EFE75D
:100CE0001C08002008B5094B93F83C20022A04D0C8
:100CF00040F2E6212720FFF785FADA7A42F0010276
:100D0000DA72BDE80840FFF74BBF00BF1C080020A7
:100D1000F7B5184CE56D06460DB1A36C23B940F24A
:100D2000E7712720FFF76EFAB4F84C306B702B7820
:100D30002F4601F0030123F003030B4307F8033BA5
:100D4000B4F84C20A16C384608F020FE0DF10202E8
:100D500001A9206E2564A76409F04AFA019809F0F8
:100D600035FAB4F84C1030600122206E09F0DDF93C
:100D700003B0F0BD1C0800202DE9F0412A4C94F886
:100D80003C30012B06460F465FFA83F804D040F64C
:100D90002F012720FFF736FA256B95F87C303BB101
:100DA000002185F87C100420FFF7ECFE85F87D809B
:100DB00095F88030042B0AD11C490220FFF7E2FE8F
:100DC000E36E1B78991E4B424B4184F8743095F8C2
:100DD0008B3023B1206B05F17801FFF757FF1EB16F
:100DE000BDE8F041FFF7DCBE002FF9D0A36F30461D
:100DF00098470028F4D094F83430002BF0D1638C5D
:100E00009A0708D594F87430002BE9D0BDE8F0417A
:100E10000020FFF701BF002BE2D194F87C30002BBB
:100E2000F4D194F87D30EFE71C08002088080020FA
:100E30002DE9F04F894C8FB00023CDE90B3394F8A6
:100E40003C30256B0791022B074604D04FF40C6110
:100E50002720FFF7D7F9236C5A781E78A4F84C2086
:100E600003221344A36406F0030895F88B30A4F81A
:100E70004420002800F0E180C6F3C009C3B105F0AA
:100E8000A9FC831EDBB2012B04D8FFF789FE0FB04B
:100E9000BDE8F08F60B9B4F84C304BB195F88230B2
:100EA00003F001034B4503D1012384F83530ECE70F
:100EB000B4F84C1019B1206E09F017F9014695F8F5
:100EC0008120238DE1650132D2B282EA960A43F491
:100ED00000731AF0010A238523D0069795F8822023
:100EE00002F0010399455CD04FF0000995F88A3073
:100EF000002B00F0C68095F868C0BCF1010FD5E961
:100F0000382305F1F00105F5807E4FF0010000F077
:100F1000AB80BCF1020F00F0FB8040F22C410620B8
:100F200097E795F8803053B3013BDBB2042B85F88B
:100F300081200ED84A4AD35C002BCED0022B0BD195
:100F4000D4F884000BA909F079F888B940F2F76168
:100F50007EE740F2D6617BE7032B10D101F036F833
:100F600010B940F2017173E751460820FFF70AFEFD
:100F7000D5E93832013342F10002C5E9383295F83B
:100F80007D30002185F8801023B185F87D10102078
:100F9000FFF7F8FD238D43F40063238500230693B8
:100FA0009CE7B4F84C30E3B108F1FF31012918D8BF
:100FB000218D41F48051218594F88810994206D200
:100FC00094F8343043F0100384F834308CE7E16D4A
:100FD000002989D094F8891019B12020FFF7DAFD93
:100FE00082E70132B8F1030F85F882201AD008F1A8
:100FF000FF32012A0BD8002B3FF476AFD5E93A3205
:10100000013342F10002C5E93A32B9466EE7002BDE
:101010003FF46AAFD5E93A32013342F10002C5E943
:101020003A3261E7238D0F49012043F4805385F85C
:101030007C002385FFF7A6FDECE70BB105F006FC6D
:1010400094F88A30013384F88A30238D4FF00009F8
:1010500043F480632385CDF8189047E71C080020EF
:1010600010E80100640800204FF0000C05900020FB
:10107000CDE903C04FF0FB0CCDE901EC009005F089
:10108000CBFAE36D002B45D1B4F84C30B3FA83F3BF
:101090005B0903EA161384F87D30079B002B3BD1D4
:1010A000628C94F88A30110702D594F874209ABBA8
:1010B000012B31D8A36F0120984768B394F83460AE
:1010C00056BBD4F830A094F854309AF88B209AF894
:1010D000681003EB8203FF2B03D19AF869308B422F
:1010E00002D0FF2004F064FED4F830B000228DF866
:1010F0002920ADF82A209BF88020052A00F23381B0
:10110000DFE812F061000F01120112012401240135
:101110008446ABE70123BCE705F0FAF8B9F1000F0C
:101120004CD1012307939B4C238D5A0606D44020B3
:10113000FFF730FD238D43F040032385069B6BB101
:10114000B4F80720B4F805301343B5F87E201343F4
:101150001EBFB4F809300133A4F80930002F00F0A5
:101160001281B4F805300133A4F80530002384F867
:101170008A30894802F02CF80B9830B109F026F833
:1011800000220272294601F0EFFB0C9B33B10022D2
:101190001A720C220C98294601F0B4FB079B002B15
:1011A0007FF473AE238D1B063FF571AE8020FFF7F1
:1011B000F1FC238D43F08003238568E641460CA8AB
:1011C000FFF7A6FDADE794F88B20ABF858200DF1A2
:1011D0002A010DA8ADF82A2000F0EAFE38B10D98DA
:1011E00028B104228BF88020BDF82A2016E09BF855
:1011F000C320002A40F08F80D4F884000DF129022A
:101200000DF12A0108F0F5FE002800F08480BDF8F9
:101210002A20002A70D101218BF880106066A4F882
:101220007020002A00F0A28003309BF881300893E0
:101230009BF882309BF880B0E066BBF1020F099307
:1012400009D0ABF10402012A00F292800378022B4C
:101250004FF0030B0ED0D4F8840008F025FF0028CF
:1012600040F08980BBF1030F04D000F0BBFE80F09A
:101270000106F6B2616E089A0B78D000099A00F068
:10128000080003F0F3030343900000F0040003435D
:1012900023F0100343EA061323F003034BEA03028F
:1012A0000A70B4F870304B700222A4F868209AF8E3
:1012B0008A2006F0010684F87C60364E002A5CD055
:1012C000002B5AD0A06D04F071FF616EA06D05F087
:1012D0000BFA9AF86910012005F010F8012386F83E
:1012E0008C3086F83C30B9F1000F3FF41CAF41461A
:1012F0000CA8FFF70DFD16E79DF8291019B901801C
:10130000817003226EE7017801F0030101290CBF0F
:101310000321022180E70022ADF82A2001228BF868
:1013200080201E48002279E7BBF85820ADF82A201B
:10133000D4F884000DF129020DF12A0108F059FEBC
:1013400000287FF451AF40F20D5181E50DF12A01E3
:101350000DA800F02DFE08B10D9810B940F21C51F7
:1013600076E505223EE740F2265171E510465CE73E
:101370004FF0010B6FE701267CE7706E04F016FF5B
:1013800005F010FAA5E7B4F807300133A4F80730E8
:10139000EFE600BF1C080020480800209A08002043
:1013A00010B5064B93F83C2002F0FF0422B91C76DE
:1013B00001F096FF204610BD0C24FBE71C0800201E
:1013C000094B0A4A10B51A60FFF7EAFF20B14FF443
:1013D000A4712720FEF716FF00F050FD044C206595
:1013E00000F050FDA06510BD94110020DC15000038
:1013F0001C080020F7B56D4C089FCDE9000194F85A
:101400003C1001F0FF0511B90AB103B127B94FF43F
:1014100008712720FEF7F6FEDDE9000104F12C0C2F
:101420008CE8030084F8345084F88A5084F83550EE
:1014300084F88C506584258584F87C5084F87D5030
:1014400084F874506566E566A4F870502564A56458
:10145000A4F84C50256BA3679DF8243084F889309C
:101460006262A76304F0E6FC05F09CF995F9700050
:1014700004F06CFD6E6AE86904F06EFD304604F01D
:1014800087FE95F89B0004F071FD236B93F89F3164
:101490000BB104F0BDFC0AF09AFC95F8692000F14C
:1014A0008201012004F0D0FD414B186804F076FE63
:1014B0002B69C4F884306B692366236B93F885200D
:1014C00093F86860A2F12901012903D993F88610E5
:1014D000292951D193F85E322BB1012E03D0012B73
:1014E0000CBF0126022605F13007314638460AF0C6
:1014F00045F9314609F089FEAB8F95F869108342B2
:1015000028BF0346384684F88B300AF020F995F856
:101510008B7095F86910B5F8446009F076FE0FB944
:10152000043080B2864228BF0646F3B284F8883081
:1015300084F8543095F88B3023B105F178012846B2
:10154000FFF7A4FB0120FFF767FB236BD3F8B00183
:1015500004F048FE002323606360A360B5F87E308A
:1015600063802B88238095F89B302371EB6E0BB141
:1015700001221A6003B0F0BD243A012A0DD82729B0
:101580000DD093F8263113F0010202D19B07AAD5A2
:101590000222012E18BF1646A5E72729A3D193F8EA
:1015A000262193F861301340EDE700BF1C080020AE
:1015B00094110020014B93F88C0070471C08002008
:1015C000024B93F82900C0F3C00070471C080020AC
:1015D000014B93F88A0070471C080020E50C0000BE
:1015E000310E0000790D0000050C0000F0B5070C6D
:1015F000A7F5AA42144B543A012A03EA90231FD9B3
:1016000027F4004042F6AA22801A18BF01200022C7
:10161000162116461F2487EA060562EA05050135EC
:1016200010D0DD03ADB245EA5606E503ADB201398F
:1016300045EA52024FEA53034FEA5404EBD1F0BD9E
:101640000020E4E70020FAE7E0FF3F00304BF0B570
:101650005A88B0F85C70B0F85A609D88974228BFED
:101660001746964228BF16461B2E85B00C462ED034
:10167000B5F5A47F2DD040F648039D4201A928BFAF
:101680001D4608F074FFBDF80A30BB4228BF3B4638
:10169000E380BDF80C30AB4228BF2B462381BDF858
:1016A0000630B34228BF33466380BDF80830AB42F2
:1016B00028BF2B46A380FF232370E3881B3B9BB2EC
:1016C000E02B08D940F2E7613920FEF79BFD1B2F84
:1016D000CED105B0F0BD63881B3B9BB2E02B02D995
:1016E00040F2E961F0E72389A3F5A4739BB2B3F557
:1016F000E06F02D940F2EB61E6E7A388A3F5A4739B
:101700009BB2B3F5E06FE4D940F2ED61DCE700BFD6
:10171000AC08002010B501210020FFF7CBF80446EB
:1017200070B90121FFF78AF8044620B94FF45971C6
:101730003920FEF767FD034B93F906100AF0FFFD11
:10174000204610BDAC080020024B987DC04300F03D
:1017500001007047D40C0020044B987DC0F340007A
:1017600080F0010000F00100704700BFD40C0020A1
:1017700008B509F0DCFC00F079FD00F0A3FB09F0EE
:1017800045FF01F093FD03F0F5FF094B00221A60BD
:10179000084B1B214FF4A47098801A805980064B87
:1017A000064818605A829A7599805A749A8208BDC0
:1017B00098110020AC080020D40C002003021B006C
:1017C000044B41F64C52C3E902221B221A74FFF764
:1017D000CFBF00BFD40C002073B5244DAB680363AA
:1017E000234B836104460AF03AFC064600F05AFB9C
:1017F000830654BF1B236B88A4F85A3058BF1A467F
:101800001C4B297C1B6848BFAA88A4F85C2084F87C
:10181000381066871BB194F9701020889847164ECF
:101820002046314609F000FD01236A886978E38586
:10183000AB88019116F8121C0091033303329BB25E
:1018400092B204F1140104F11000FFF7A5F8236926
:1018500023B940F2BE613920FEF7D4FC636913B9A5
:1018600040F2BF61F7E7002002B070BDD40C002049
:1018700000093D009C110020E60C0020024B1B6873
:1018800003B118470C20704798110020034B5A8869
:1018900002801B7883700020704700BFD40C0020AA
:1018A00037B583781A2B054608D8042B04D9144A77
:1018B00022FA03F3DB0705D412241AE0292B01D006
:1018C0003B2BF9D12888B0F5706FF5D2694609F045
:1018D000D5FC88B9019B93F8182102F0FF046AB97E
:1018E000AA7883F81921FF2283F81821684608F0A6
:1018F00077FF204603B030BD0224FAE70C24F8E756
:10190000200038040188A1F11B039BB2E02B0CD806
:101910004288A2F5A4739BB244F24810834204D8D3
:10192000034B002059809A8070471220704700BFF7
:10193000AC080020034B5A889B880280438000201B
:10194000704700BFAC08002038B50278447802F038
:10195000010354EA030102F0020201D1112038BD53
:10196000BAB98578002DF9D0002B18BF002400E00B
:101970001D46204608F0CEFD0028EFD0284608F08E
:10198000C9FD0028EAD0054B00209C74DD749882C4
:10199000E5E7002BECD000242546EAE7D40C002034
:1019A00013B50088694609F085FC044620B9019802
:1019B00090F82A311BB13A24204602B010BD90F8AD
:1019C000CE3003F0FF04002BF5D190F8C5309B0713
:1019D00006D1FF2380F82A31684608F001FFEBE7C3
:1019E0000249C63009F03AFEE6E700BF25BD000017
:1019F000F7B50778EF2F05460C460FD890F9012070
:101A00004378002A0ADB8278900707D113F0100090
:101A10001DD1990603F0030202D51AB1122442E047
:101A2000032AFBD01E07F9D42979EA78EE7942EA35
:101A30000122697942EA0142A97941EA06212E7A16
:101A400041EA06418A42E9D81F2A0FD8E6E713F097
:101A5000600FE3D103F00702052A05D003F00F0160
:101A60000D22CA40D107D9D51A07DDD56A7A013AC5
:101A7000062AD3D8AA7A032AD0D813F0040102D1B7
:101A8000023A012A03D8EA7A012AC7D811B9AA7CF6
:101A9000032AC3D82A7D48B1012ABFD12A7E012A50
:101AA000BCD830B91124204603B0F0BD022AF5D1CC
:101AB000B4E7DB0712D46B782A7D03F01803082BF8
:101AC00011D1022AEED101213846FEF7F3FE064677
:101AD00078B10AF0E8FBB8B10C24E4E700F0A2F911
:101AE0000028E8D1DEE7022AEDD02B7F002BEAD0D8
:101AF000D8E701213846FEF7A1FE064640B3154B54
:101B000093F906100AF01BFC30460AF008FD29463E
:101B10002070E87430460AF058FCEB7E0446002B37
:101B2000C1D00028BFD1B16A0246684608F0FBFB6D
:101B3000B06A2246012108F042FCB16A68460422DC
:101B400008F0F1FBB06A2246214608F038FCAAE70B
:101B50000724A8E7AC08002030B50279042A8BB02E
:101B600003464FD84088B0F5804F4BD826498D5C4E
:101B7000114400244A79ADF8004042F0100242EAD4
:101B800045028D7AC97B8DF8084042EA850242EA17
:101B9000C10202F01F028DF80020BDF80020ADF850
:101BA00009201A888DF80B208DF80E00120A000A01
:101BB0008DF80C208DF80D408DF80F008DF8104039
:101BC0005A7B8DF811205A798DF812209A79D3F822
:101BD00007008DF81320B3F80B209B7B8DF81A308B
:101BE0007F2305908DF81B3069464FF0011302A842
:101BF000CDE90734ADF818208DF82440FFF7F8FE42
:101C00000BB030BD1220FBE715E80100F7B5064622
:101C1000FFF780FD04460AF08DFC3378012B054662
:101C200061D120460AF0BEFB00287BD020460AF096
:101C300081FC18B115B9122003B0F0BD20460AF09E
:101C400032FB08B10C20F7E720460AF069FB074693
:101C50000028F7D1204602F0BDFC0028EBD0ED01B2
:101C600042F2107339462046ADB25D430AF04EFC95
:101C700020460AF057FC014658B92A46204601F092
:101C8000AFFE08B90020D7E741F66D413920FEF7D5
:101C9000B9FA39460DF10600FEF798FD064608B977
:101CA0000D20C9E7394600F0E5FBBDF8063033806A
:101CB000314620460AF042FC01213046FFF78CFDF8
:101CC0002A463146204601F08BFE024610B141F60D
:101CD0009041DBE7144B9B68002BD3D006F58D7148
:101CE00030469847CEE7002BA5D120460AF05AFB94
:101CF000C0B120460AF0D7FA0028C3D020460AF027
:101D00007EF9054620460AF07DF90146002899D162
:101D1000002DB7D02888FEF7E3FD0028B2D041F6A9
:101D2000B241B3E7422087E7AC08002002780346BF
:101D300072B1427862B142881A2A09D982881A2A75
:101D400006D9044A006810609B8893800020704781
:101D500012207047D40C0020024B02689A600020C9
:101D6000704700BFD40C00200378A3F10A02112AA7
:101D70009DBF024A0020137412207047D40C00202B
:101D800008B5052000F082F803F0B4FC014B024ACC
:101D90009A6008BDAC0800204D16000008B5094B3C
:101DA00001221A7002F006FC0AF087FD09F0BDF965
:101DB000FFF706FB002008F083FABDE8084000F0BA
:101DC000DBBC00BFB808002010B5064C0649201D3A
:101DD00008F075FF04F108000449BDE8104008F060
:101DE0006EBF00BFB808002048000020500000204F
:101DF00010B5084C0849201D08F061FF04F10800E7
:101E0000064908F05CFF04F10C000549BDE81040EC
:101E100008F055BFB80800205800002060000020DE
:101E200068000020014B1878704700BFB8080020F8
:101E300010B5064C00F07CFC606808F038FFFFF736
:101E4000BFFC00F057FE0123237410BDB80800202A
:101E5000014B187C704700BFB808002010B5064C35
:101E6000A06808F024FFE06808F021FFFFF780FC7D
:101E70000023237410BD00BFB8080020004870473D
:101E8000C908002000487047CB090020C208044957
:101E900000F0070001238340885C03438B547047A4
:101EA00010000020014BD3E9000170471000002012
:101EB000034B1868C0F30020400040F00100704759
:101EC0001000002008B505F0F1F9084A002332F8A7
:101ED0002310814205D302EB83029378044A1370E6
:101EE00008BD01330C2BF2D10023F7E72AE80100EB
:101EF000CD0A002010B544682388A4F8683194F80E
:101F0000683084F86711012B06D0022B04D040F210
:101F100011310620FEF776F984F86A3194F86930B9
:101F2000012B01D0022BF2D184F86B31044904F566
:101F3000AF7009F093FB002384F8243110BD00BF7B
:101F40004BAD0000406808490388A0F85A3190F86A
:101F5000603080F85C3190F8613080F85D3100F2DB
:101F6000511009F075BB00BF61AD0000024B0022AB
:101F700083F822209A847047CE0A0020044B93F8FD
:101F80002220012A1ABF036001200020704700BFF1
:101F9000CE0A0020054B93F82210012902461DBFEE
:101FA000012083F822009A8400207047CE0A002086
:101FB000054B024693F8220020B1136009B19B8CB7
:101FC0000B800120704700BFCE0A0020044B93F81D
:101FD000220000229A8410B183F822200120704749
:101FE000CE0A0020034B93F82200B0FA80F040099B
:101FF000704700BFCE0A002050B90A4A134601209C
:1020000003F8010B0868C2F801008A889A807047BB
:10201000012805D1034B0A689A608A88D8719A8191
:10202000704700BFF40A002050B90B4B187888B1F4
:10203000D3F80120B3F805300A608B800120704787
:10204000012806D1044BD87920B19A680A609B898F
:10205000F3E70020704700BFF40A002010B9044BDA
:1020600018787047012806BF014BD87900207047C7
:10207000F40A0020F7B500238A888DF80600ADF831
:10208000042008680B4A8DF80730019D147801463A
:1020900002F5A872D8B2844201D8082008E052F8AC
:1020A000087F5668AE4208BF8F4203F10103F1D1A9
:1020B00003B0F0BD080B002030B5094B01465C7839
:1020C000002203F20113D0B2844201D8082005E0B7
:1020D00013F8015F8D4202F10102F4D130BD00BF5F
:1020E000080B0020F0B5254D95F8984189B022469F
:1020F00005F29911684607F049FC2146684609F047
:1021000035F80446B8B300EB4001C9B202A8FEF7A7
:10211000B9F9631E95F8A161DBB2012495F8981115
:1021200005E0721CB2FBF1F001FB1022D6B206F101
:1021300020020DEB020010F8202C002AF1D103EB55
:1021400043012031694406EB46022A4411F8187C09
:1021500082F8A27111F8177C11F8161C82F8A3718D
:1021600082F8A41100F8204C013BAA19DBB2FF2B26
:1021700082F89941D2D109B0F0BD00BF080B002010
:1021800070B5064688B00C46002A4ED0294A92F80F
:10219000A131D01890F8991119B9FF212820FEF724
:1021A00031F803EB43011144013391F8A251E5707A
:1021B00091F8A35191F8A41161710021257180F863
:1021C000991192F89811B3FBF1F001FB103382F8EA
:1021D000A13192F8C23123B9174902F5DD7009F037
:1021E0003AFA657905F03F0545F0400565710D2225
:1021F0000021684607F08AFBE3788DF80F302379D9
:102200008DF80E3004AA0423694630468DF80D502F
:1022100007F0DAF99DF81F3023709DF81E306370C7
:102220009DF81D30A37008B070BD03216018FEF743
:1022300029F9D6E7080B0020E5200000044B5A7866
:10224000824286BF1B1893F84A010020704700BFE6
:10225000080B0020044B5A78824286BF1B1893F863
:1022600042010020704700BF080B0020064B0022EF
:102270004FF461711A8083F8C32183F8C421A3F855
:10228000C61183F8C2217047080B0020014BB3F838
:10229000C6017047080B002030B50A4B5C788442B9
:1022A0000ED9184490F802012B3003EBC004A57935
:1022B0000D7053F830001060A3889380012030BD6A
:1022C0000020FCE7080B00200246074810B590F8F4
:1022D000C34124B1417821B1023003F06DFA2046A8
:1022E00010BD0C46FBE700BF080B00202DE9F74F9F
:1022F0002F4C9A46637883428046894656D92318E4
:1023000093F8425185F00105F9B193F84A31E3B9E8
:1023100045F002070135BAF1000F18D1FA070AD5C6
:10232000062101FB084104EB0810524601F58571B6
:102330008230FFF725FFBB0734D504EB0810524667
:1023400049460230FFF71CFF2CE02F46E3E794F8E4
:10235000A1614FF0010B002DE0D0A319019393F878
:10236000991199B90092DAB100F094FB06EB46019D
:102370002144019B81F8A2014FEA102C009A81F8B8
:10238000A3C1000C81F8A40183F899B194F89831A5
:102390000136B6FBF3F103FB1166F6B2013DDAE755
:1023A00047F00407384603B0BDE8F08F0027F9E78F
:1023B000080B0020074B5A78824209D91A1892F864
:1023C00042212AB9062202FB003000F585707047D1
:1023D00000207047080B0020064B5A78824281BFCC
:1023E0001B1893F83A01B0FA80F0400998BF00201A
:1023F000704700BF080B0020034B80F870101B686B
:102400000BB1008818477047A01100200B2808B5B1
:1024100004D940F20D112920FDF7F4FE014B33F8E9
:10242000100008BD5AE8010030B500248487B0F8D8
:10243000404042F210754C43B4FBF2F4A0F8404027
:10244000541E05FB0343B3FBF2F3C387084BB3FBF6
:10245000F2F30133A0F84430038F05FB0344036B10
:10246000B4FBF2F459434463B1FBF2F1016330BDB4
:10247000005A620270B504460D4641BB4FF4227209
:1024800007F044FA012384F88D306FF0360384F8A6
:10249000D530042384F8D6306FF03B0384F8D7306E
:1024A0006F2384F8D8306FF03C0384F8D9306FF094
:1024B0007F0384F8DB302B2384F8D430FE2384F8A8
:1024C0000E317F2384F8DA5084F8833070BD0129FF
:1024D00023D10023A0F8B43180F8AB31826940F6F3
:1024E000B833A0F8B0301146438C7830FFF79CFF2A
:1024F000104B1B68062B01D001330CD10E4B1B680F
:10250000063B083307D9E069FFF770F818B90123D3
:1025100084F89F31DAE70023FAE70229D6D1B0F830
:102520006A32D0F864228169BDE870407830FFF7E4
:102530007BBF00BF181100201C1100200346084675
:1025400071B13F2B0BD8074AD35C03F07F02914255
:1025500005D08CBF0120002000EAD3107047012075
:10256000704700BF72E801002DE9F7430E46694647
:102570001546994608F082FE044620B9019F35B9F8
:10258000012387F88C30012003B0BDE8F083D7F831
:1025900010802946404607F0D6FC01460028F3D0BB
:1025A000134B5B88AB4221D3404607F00BFE97F8F4
:1025B0008C30A0F80140002B18BF0226494600F8D5
:1025C000036B2A4607F0E2F92946404607F0F6FC7D
:1025D00018B98B212B20FDF715FE684608F000F98D
:1025E000019BA3F8A24187F88C40CCE72046CBE7BB
:1025F000D40C0020FF230B7002234B7083238B70BD
:10260000014B1B78CB707047EC0C00202DE9F84F84
:10261000D0F80480D8F8146030460C4607F0C4FDAA
:10262000054620B940F253111020FDF7EBFD01469D
:10263000304607F0C7FDB5F800B01FFA8BF78246A9
:1026400017B940F25711EFE7224B1B6800F103095D
:10265000D3B998F8003098F8012023706378A4F873
:1026600002B002F00F0223F00F03134323F0C00364
:1026700063709AF8003003F00303012B0FD0022B94
:102680000DD040F27511CFE7B8F800003A46494640
:10269000984705460028DCD12846BDE8F88F6278C7
:1026A00063F305126270304607F092FD054610B9DB
:1026B00040F27F11B8E7FB2F02D94FF4C771B3E79F
:1026C0003A464946201D07F061F9304607F0DBFC29
:1026D000E2E700BFA411002038B5134C10220021FE
:1026E000201D07F013F901252574102204F10803B9
:1026F000002104F11400C4E9013307F007F984F85C
:10270000205004F11803C4E90533084A002363622A
:10271000A36284F82C30C4F82D30C4F8313084F82A
:1027200035301360A36338BDEC0C0020A4110020E9
:1027300010B5084C2378FF2B04D04FF4CC71102037
:10274000FDF760FD06F086FF2070BDE81040FFF742
:10275000C3BF00BF1D00002010B5034C207806F059
:1027600093FFFF23237010BD1D000020014B18783C
:1027700006F09ABF1D000020014B024A1A60704704
:10278000A81100200D2600002DE9F341DFF8688133
:10279000054608F11407D8F80830D8F81840227A0E
:1027A000012A22D1D8F8382052B1137A1BB9BF219F
:1027B0001020FDF727FDD8F83840C4B9002083E089
:1027C0001A7A012AFAD04D4A1C46EFF3108172B6EC
:1027D00050680068506001B962B6A34208BFC8F8EB
:1027E0003840237A1BB9EE21E2E73A46EDE7267A34
:1027F000F6B205232372731E0B2B6ED8DFE803F0AD
:102800006A062235676D3E6D6D6D6D5B636813B949
:1028100040F20B21CCE72046294698470420EFF3ED
:10282000108272B6237A052BD9B24FF0000359D12A
:102830002372D8F83810A14201D1C8F83830B2BBA1
:1028400062B634E0636813B94FF40571B0E7294606
:10285000204698470346C3F30723012BADF8040035
:10286000C0B22FD0022BDAD11AE0636813B94FF44B
:1028700007719DE7204698470020D0E763680BB9B1
:10288000FE2195E70B222A7001221988AA706A712D
:1028900000221869A5F80310AA7107F0F4FB0420C0
:1028A000D8F83830A34202D10023C8F838300028C5
:1028B0003FF471AF08E0124B29461B682046984749
:1028C000034668B9267298B102B0BDE8F08140F2C3
:1028D00053216DE740F256216AE740F2592167E73C
:1028E0000220DDE711B940F27A2161E71846A6E738
:1028F000002B7FF450AF61E7EC0C0020F00C0020BF
:10290000A811002010B51346027A22B140F201311D
:102910001020FDF777FC0A46BDE81040014601484B
:1029200008F076BEF00C0020044890F82C301BB95B
:102930000349243008F089BE704700BFEC0C00202A
:1029400003B600000346064890F83C203AB190F8E0
:10295000352022B900F82D3B024908F076BE7047B9
:10296000EC0C0020F525000010B50A46037A23B1CF
:1029700040F209311020FDF745FC0146BDE810404A
:102980000148072308F044BE000D00201346027AD8
:102990000AB1037270470A460146014808F038BE82
:1029A000F00C00201B234FF01B12838403848261F0
:1029B0008382C260038539B94FF4A473034AC38488
:1029C0004384C261C3820261704700BF480148016D
:1029D0000346F0B4B3F85420B3F84840B3F8446069
:1029E000DF8FB3F84250944228BF14460846B3F82C
:1029F0004C20B3F85610DC878A4228BF0A46B3F849
:102A00004610A3F84220914238BF1146A64238BF73
:102A10002646A742A3F84460A3F846101FD1AA1A7D
:102A200018BF0122B3F84A50B3F85040B3F85270BF
:102A30009E8FB3F84010A54228BF2546B3F84E40FC
:102A40009D87BC4228BF3C46AE42A3F8404002D11D
:102A5000A14200D12AB1F0BC034908F0FFBD012218
:102A6000E0E7F0BC704700BF63B600000B8BA2F834
:102A70000B304B8BA2F80D308B8BA2F80F30CB8B29
:102A8000A2F809000249A2F81130104608F0E0BD92
:102A9000B3B60000094AD2E90003434083EAB0110B
:102AA00081EA43214FEAF3435360054B11605843D9
:102AB0004FEAF06000EB8000704700BF2C0D002053
:102AC000BB79379E094AD2E90003434083EAB0113B
:102AD00081EA43214FEAF3435360054B11605843A9
:102AE0004FEAF06000EB8000704700BF200000203C
:102AF000BB79379E10B50A4C09480821FDF7C2FC86
:102B0000D4E900321343F7D0064CFFF7DBFF206017
:102B1000FFF7D8FF236860601843F6D010BD00BFF0
:102B2000200000202C0D0020174B184A9A60184AEC
:102B30005A60184A1A60184A9A62184ADA62184AA1
:102B4000DA60184A9A61184A1A63184A1A62184ACF
:102B5000DA64184A9A64184A5A62184B184A9A60FA
:102B6000184A5A62184ADA62184A1A61184A5A61AF
:102B7000184A9A61184A1A63184A9A64184ADA6419
:102B8000184A9A63704700BFAC11002069B9000071
:102B900099B9000005BA000069BB0000BDBB000088
:102BA000D92E0000D3BB00003D310000C52F00002E
:102BB000A1BC0000BDBC000011300000AC12002020
:102BC00085B9000073BC0000F5BB000099BB000094
:102BD00019BC0000652F000043BD0000EBBC0000E5
:102BE000DDBC000059BC0000044B054A5A65054B8A
:102BF000054A1A65054A5A65704700BFAC110020A6
:102C0000AFBA0000AC12002095BA000015BB00005E
:102C1000054B064A9A65064A1A66064B064A9A65A5
:102C2000064ADA65704700BFAC110020E7AE00002D
:102C300089AF0000AC12002033AE00000BB10000E1
:102C4000023A08B5232A00F29980DFE802F01297D1
:102C50001E9A9A2E9730979A3540449797489A9A99
:102C60005C5C737397979797979797979797977ACF
:102C7000879002784368012A02D193F8103101E06D
:102C800093F819314B7002200EE04268D2F8BE3141
:102C9000C1F80130D2F8C231C1F805304368D3F829
:102CA0000431C1F809300D2008BD4368E5E700F0A4
:102CB0000BFA0028F8D147E059228A70002210232D
:102CC000CA70A3224B700A714B710620ECE743686F
:102CD00093F80A31D6E7084600F0E4F9E9E702780C
:102CE000436852B993F810213AB193F80D214A7014
:102CF00093F80C318B700320D6E793F80B214A70C0
:102D000093F80A31F6E74368B3F854204A70120A80
:102D10008A70B3F81221CA70120A0A71B3F85020EF
:102D20004A71120A8A71B3F81031CB711B0A0B7207
:102D30000920B9E7436893F826214A7093F82731B0
:102D4000D8E7114B1B6823B940F20D515120FDF714
:102D500059FA0246232098470420A5E70A4B1B682E
:102D6000002BF1D002462420984705209CE7064B13
:102D70001B68002BE8D002462520F5E74FF4A1613F
:102D8000E4E7012090E700BFAC1300203F289ABF82
:102D9000024B53F820000020704700BFAC11002008
:102DA0003F289ABF024B53F820000020704700BF15
:102DB000AC120020F7B545682E6904464FF6FF7740
:102DC0000DF102010DF101023046ADF8027007F07D
:102DD00010F901A9304607F031F940B1019807F028
:102DE000F5F9616800220272FFF7BEFDE8E70449C9
:102DF00005F19E0003B0BDE8F04008F029BC00BF1B
:102E0000FDB80000F0B5044685B00D46FF2600F879
:102E1000A56C10F8A63CF3B1174F3B781BB15F21AE
:102E20001F20FDF7EFF90C21381DFDF72BFB3E703D
:102E3000002304F8A53C2A46072302F8033BD4F8F4
:102E40000930C5F80330D4F80D305360D4F8113090
:102E5000936005B0F0BD01A80C21FDF713FBA4F5AC
:102E6000B473039A1A6001AB03CB44F8AE0C44F878
:102E7000AA1C04F8A66CDBE7340D002010B5054C45
:102E800023782BB90C21201DFDF7FCFAFF232370BA
:102E900010BD00BF340D0020024690F8C631BBB90A
:102EA00090F8C73103F0FF010BB100207047094BC8
:102EB00018780028F9D01970D968C2F804110433C1
:102EC00003CBC2F8BE01C2F8C211FF2382F8C6319B
:102ED00001207047340D002038B5426892F88630E2
:102EE00004460D463BB1132B05D0113B0F2B8CBF75
:102EF0000120082038BD92F8C43013B9204608F0EC
:102F0000BAFC6268D5F80B30C2F8B631D5F80F308C
:102F1000C2F8BA316368D5F81320C3F800211A88C3
:102F2000A3F87522D5F80120C3F87722D5F805203B
:102F3000C3F87B226368B5F80920A3F87F22636891
:102F4000002583F8C6516068054900F51B7008F03C
:102F50007CFB6368162283F886202846CAE700BFF8
:102F6000052E000038B5436893F88620202A0446D1
:102F700004D04FF410711F20FDF744F993F8C410EA
:102F80001D88002283F8C32003F5C97069B10B497D
:102F900083F8C420A3F89C5183F89B2108F055FBCB
:102FA0006368002283F8862038BD012283F89B11D4
:102FB000A3F89C51024983F89E21EFE755BB00001E
:102FC00047BB000038B54568AB6F13F0010419D159
:102FD000D1F801200C4BD1F8051013400B4AC5F86D
:102FE000D430C3F3076343F008030A4085F8D730B1
:102FF000C5F8D82008F03FFCAB6F43F00103AB6786
:10300000204638BD0120FCE72FC904F76FDB0080A4
:1030100010B5406890F88530042B2CD1D1F80130E0
:10302000D1F80540C0F8D430C3F3076343F0080378
:1030300080F8D73000234A1CC0F8D84080F8BE3052
:1030400080F8853090F8743103F0FF040BB1002054
:1030500010BD0388A0F8763180F87541D1F80130B1
:10306000C0F878315368C0F87C31044900F5B67077
:1030700008F0EBFAEBE70120EAE700BF37BC0000FD
:10308000406890F8743153B90388A0F876311A2358
:1030900080F87531024900F5B67008F0D6BA70476D
:1030A00037BC000010B50446FEF7FCFE044A054B91
:1030B00002400B40C4F80120C4F80530092010BDBF
:1030C0002FC904F76FDB008037B50C464568FEF763
:1030D000E9FE0A4A0A4B0A4095F8D41001920340CF
:1030E00000930B408DF800306B4603CBC4F8010011
:1030F0000920C4F8051003B030BD00BF6FDB0080AD
:103100002FC904F738B5DB04154604D5C37C13B1C9
:103110000023036338BD046B0134046308F0F2FD3F
:10312000436B9C42F6D30023036303492846BDE862
:10313000384008F093BA00BF93BC000038B544682B
:1031400094F88530012B054602D0A36F98073AD436
:1031500094F8C5309A0713D44A7884F8CF204A8867
:10316000A4F8D0208A88A4F8D220D80743F002021D
:1031700084F8C5200FD5154904F1C60008F06EFA91
:1031800094F8C530D90711D4A36F9A0708D55821F0
:103190004020FDF737F894F82A31002BEBD1EFE708
:1031A00043F00203A367284608F065FB94F88530D6
:1031B000012B4FF0000301D0002038BD84F885308A
:1031C00084F8BE30F8E70120F7E700BF25BD000016
:1031D00070B54568044602F0ABFA054B85F88300EC
:1031E0001B6801461BB12046BDE87040184770BD02
:1031F000B4130020024B1B6803B11847704700BF8F
:10320000B0130020F0B51F4D2B78002414709BB133
:10321000013B6D68DBB21E1B012E0FDC05EBC40603
:1032200055F8347076688E4208BF874227D0B8427E
:1032300071EB060612D214700020F0BD1E19771033
:1032400005EBC70E55F837C0DEF804708445C6F3A9
:1032500047068F412CBF33463446DCE705EBC304F9
:1032600055F8335064688C4208BF854206D0A842A6
:1032700071EB040428BF01331370DDE71C461470A2
:103280000120DAE7540D002010F0070208B503D042
:1032900063214820FCF7B6FF18B1034B1972586040
:1032A0001A70C80008BD00BF540D0020014B002259
:1032B0001A707047540D0020FF230B70074A0D232E
:1032C0004B7082238B701368C1F803305368C1F8C8
:1032D00007309368C1F80B30704700BF6A0D0020BB
:1032E00002481622002106F011BB00BF6A0D002023
:1032F00082B002AB03E903000B48437D93B1530650
:1033000010D50A880280D1F84022B1F87E304260A0
:10331000D1F8442205498260438002220C3002B079
:10332000FFF734BB02B070476A0D0020B9320000CD
:10333000094B53F8203070B503F523430C4616466D
:10334000A1334FF47A72B3FBF2F503F0F1F8344491
:103350002C44204470BD00BF74E901002DE9F04FFA
:103360008DB09A4690F869300293044689460692D9
:1033700007F0E9FC834694F87300FFF747F88344AD
:1033800008F025FD94F886300393069B1FFA8BFB0B
:1033900000F1590783BB94F88430032B2CD1039B95
:1033A0000D2B29D1B4F85C324B4525D1D4F8E0314E
:1033B000C4F8D031A369B4F8B421C4F8D431B4F856
:1033C00052321344C4F8D831204602F063F9D4E9EC
:1033D0009823A262B4F85E22A285D4F86822226201
:1033E00041F64B529342A3618CBF0023012384F822
:1033F0007230022384F88430B4F85052B4F87E80DE
:10340000A9EB05052DB204F50873A9EB0808002DFA
:1034100004930FFA88F818DAD4E98E23C4E99223CA
:10342000012345460493CB4B1B7813B103F022FFD5
:1034300070B9002694F88430032B00F2E081DFE8B5
:1034400013F06C006901BD008D01CDF810A0EAE712
:10345000B4F8C831012BECD994F88430022BE8D0B1
:1034600094F8F261002EE4D194F87300FEF7CEFFD9
:1034700094F8843000F5C86B012B1FFA8BFBD9B28E
:103480003ED194F88920A36A032A32D1D4F8D421FA
:1034900013445946D4F8D401079303F0AFFED4F88F
:1034A000D061079BD4F8D821C4F8D001861B5946B7
:1034B0001846564303F0A2FED4F8DC31C4F8DC0110
:1034C000C31A5946A0691E4403F098FEB4F8B431FB
:1034D000D4F8D82143445B1B9B1AD4F8E021013B6C
:1034E000821A02FB03660123C4F8E00184F8F2317A
:1034F000A0E73046079307F0ACFE079B0344C8E7FC
:10350000A069594603F07AFEB4F8B461D4F8E0310A
:103510004644761BC31A5E43E5E70121002007F00D
:1035200098FE8046A06A5946404403F067FE59461B
:10353000C4F8DC01A06903F061FE09A9C4F8E00148
:103540000AA802F0F5FE099B0093D4E99201DDE997
:103550000A2303F035FF0290204608F050FCA16AD0
:10356000D4F8542294F869008D1802F0E9FFD4F8D9
:10357000DC11029B203D6D1AED1B454400F52340F4
:10358000ED1AA1304FF47A73B0FBF3F0A38D303114
:103590002D1A03EB410194F869003A46FFF7C8FE83
:1035A000D4F85432EB1A2230B3F5917FC4F8E40119
:1035B00059D240F2C7413020FCF724FEA36AD4F868
:1035C000D4015946184403F019FE5946C4F8DC01E9
:1035D000A06903F013FEC4F8E001204608F00FFCD8
:1035E000A36AD4F8D4511D44B4F8B431002B40F090
:1035F0008D80BAF1000F00F0898094F8690002F024
:103600009FFFD4F8DC11D4F8403294F869206D1A89
:10361000203D1D44D4E98EBC4F4B53F82220A5EB2E
:103620000B054FF47A7302F2E732B2FBF3F2154462
:10363000ED1B00F52340A130B0FBF3F02D1AD4F8B8
:10364000D821D4F8D03194F8690002FB0313A18D7E
:10365000303301EB43013A46FFF76AFE0123C4F819
:10366000E40184F88430A369D4F8E021E73B9B1A95
:10367000DF1B002384F82032D4E992328742A5EB85
:10368000060528BF07465B1942F10002C4E98C32E7
:10369000C4F8B07104F1300008F057F8042384F83E
:1036A0002932D4E98C23C4E99223B4F8A031A4F8D8
:1036B0005092A3EB09031BB2002BD4BF00220122BE
:1036C000520084F82822039A38440D2AC4F82402B0
:1036D00000F09880BAF1000F40F0978094F88430A1
:1036E000002B00F0AF80A169D4F8E03104F5087038
:1036F000C91A07F05CFD80B2002800F0A380169B79
:1037000003B1188001200DB0BDE8F08FD4F8DC11B2
:103710006D1A94E7D4F8E011A369B4F8B421D4F891
:10372000D801D4F8D0C15B1A5D43D4F8DC314244EF
:10373000121A3033013A0CFB003301FB0233A18D26
:1037400094F869003A4601EB4301FFF7F1FDC4F834
:10375000E40188E7800D002074E90100D4F8E0E17D
:10376000A369A3EB0E035D4394F88530292B03D0A6
:1037700094F88630292B0CD1B4F85C32A9EB030302
:103780001B0406D4029A94F85F32002B18BF1A4625
:103790000292049BB4F8B4C143B3BCF1000F25D12D
:1037A000D4E99023D4E98E01904271EB030302D354
:1037B00040F21B51FFE694F869102C4B53F821306E
:1037C000D4E98E01CDE904010498203A121A03F2DB
:1037D000E7314FF47A7B03F52343B1FBFBF10A4455
:1037E000A133B3FBFBF3D21AD21B15440CEB080137
:1037F0000EFB01F1303102983A464900A5E740F24C
:103800003351D8E6BAF1000F1CD0B4F8C80118B390
:10381000B4F8CA1194F8CC21A4F8CA1101FB022211
:10382000904201F101050DDD002B0BDD002384F832
:103830002832A4F8CA51FFF72DF900F00700013033
:1038400084F8CC0104F5087104F5FC7004F02CFF39
:1038500020B940F27D51AEE60146DBE7069B83F0DE
:10386000010384F8F03100204DE700BF74E9010046
:103870002DE9F8430E46044618B9D5213020FCF74F
:10388000C1FC052900F2A780DFE801F00376413D85
:10389000A52E03F0E9FEC4E94601204600F0BCFF76
:1038A000D4F80C01CB3803F083FD204608F042FE2B
:1038B000054600BB0146204608F079FD00F1E5060B
:1038C000D4F80C01B04209D2301A322838BF322065
:1038D000032103F099FE60B103F06EFDC4F80C61A2
:1038E000204608F037FE45B12046BDE8F84308F011
:1038F00032BE0125F2E70025F2E7D4E94623C4E908
:103900004023BDE8F883BDE8F84302F01DBD08F090
:1039100059FD042384F811318146884603F046FDA1
:1039200007220F46A9FB023102FB0811D4E94052DD
:103930005B1941EB0205D4F8E8203AB159EA0802D4
:1039400004D0984277EB050228BF012684F8106165
:10395000D4E94826121A66EB070694F8301139B9F3
:10396000012A76F100010BDA204600F05DFF03E04A
:10397000012A76F10006F7DB002384F82831C0E73E
:10398000984277EB05010FD259EA08080CD01B1AB0
:1039900065EB07019A4276EB010005DB012B71F123
:1039A0000000A4BF1A460E460C490123914284F838
:1039B00029314FF0000384F80831B341B8BF0A46FB
:1039C00004F1C00004F5847104F022FF002898D1AE
:1039D00040F2BA6152E7F12150E700BF0040420FC8
:1039E0002DE9F84304460E46154690F8283103F0B9
:1039F000FF07002B40F0948000F1C0083946782280
:103A0000404605F083FF47492246404604F046FE03
:103A1000C4F8E860FF2384F8283166B1FFF752F854
:103A200000F00700013086F8CC013F49324606F528
:103A3000FC7004F033FE40F202434FF00009A4F89A
:103A4000103184F8089103F03BFC00F19E062046FB
:103A500008F070FDB6B20146C0B307F074F900F586
:103A6000CD6189B2284603F0C9FB2844C4F80C0193
:103A700003F09CFC301841F10001C4E9460101202B
:103A800084F8EC00A4F81E9008F007FEE53D2D1A1E
:103A9000C4F8F0504FF0FF356FF00041D4E94623F1
:103AA000C4E948510025C4E93E23C4E9402384F811
:103AB000295142F2107204F58471404604F0A8FEC8
:103AC00038BB40F2BB113020FCF79CFB204608F0CD
:103AD0006EFCDFF85890E530C4F80C01B9F802002C
:103AE00048B1E08B38B1FEF7EDFFB9F80230B0FB1A
:103AF000F3F202FB1300064403F058FC361841F1C0
:103B00000001C4E94661002DC4D0AD1941F10001A6
:103B1000C4E72946204608F020FD3846BDE8F88372
:103B20000C27FAE77138000019BE0000800D002054
:103B3000F0B5002385B0CDE9003301238DF80630C0
:103B40006846FCF7F1FE70B1114E0123337100237A
:103B5000CDE9023302A8FCF7E7FE044638B10023A2
:103B6000337105B0F0BD009808F04CFAE8E7029D0B
:103B700095F88430002BEDD005F5FC77384604F03D
:103B800007FE384604F042FE85F88440E2E700BFB5
:103B9000800D0020054B002201215A7119701A7105
:103BA00042F210725A80FFF7C3BF00BF800D0020A1
:103BB000014B5871704700BF800D002008B502F01E
:103BC000D3F8044B9A6882422ABF1879002080F00B
:103BD000010008BD800D00202DE9F34704460629A9
:103BE00000F2DA80DFE801F0048673838A8FD30065
:103BF000D0E98E01D4E99023904271EB030354D2B3
:103C000094F8F231002B50D094F88430032B4CD12F
:103C100008F0DDF894F869A0814607F094F80646AC
:103C200094F87300FEF7F2FB064494F87300FEF775
:103C3000EDFBD4E98E23D4F84072D4F8B05180461D
:103C40005046BF1A02F074FC554A52F82A20A5F1DA
:103C5000590302F52342A1324FF47A71B2FBF1F21B
:103C60009B1AA3EB09031B1A09F1820909EB5309FB
:103C7000B6B2603B08F5C86873431FFA88F8B3FB17
:103C8000F8F360335A08A9EB53039F4202D39144DF
:103C90004F4501D903F0F4FAA069314603F0AEFABA
:103CA0000023C4F8E00184F8F2313E4B1B7903F0A5
:103CB000FF0263B90092B4F8A41101232046FFF774
:103CC0004DFB38B140F2D6613020FCF79BFA04235B
:103CD00084F8843002F01CFA04F0CCFCB4F87E20A6
:103CE000A4F8EE210023A4F8523284F8F13102B096
:103CF000BDE8F087032380F88430F8E708F08AFEF7
:103D0000C4E99001F3E790F86900264F08F067F8DE
:103D1000B530D4F8E031A56995288CBF0020C0F1FA
:103D20009600C218954288BFED1A7B798CBF2D1A78
:103D300000251BB9236B9D4228BF1D4604F13000AE
:103D4000D4F8B06107F001FD0644022003F030FC16
:103D5000AD1B25EAE575854228BF054602212846A8
:103D600003F052FC10B103F027FB2E44012340F274
:103D700045123146204607F045FDD4F8B031B86011
:103D8000A069184402B0BDE8F04703F011BB02B0CF
:103D9000BDE8F04708F033B840F2A47194E700BFE3
:103DA00074E90100800D0020014B5880704700BF6E
:103DB000800D0020074A03461068D3F84920C0F858
:103DC0000320B3F84D20A0F8072093F8481007F01F
:103DD00054BB00BF8C0D002070B504460E466588AC
:103DE000807D15F00401134618BF04F157013246D7
:103DF000FEF77CFA4107054621D4C2070BD5012303
:103E000084F84830A07DFEF7D5FA0368C4F849303D
:103E10008388A4F84D30AB0701D4012070BD094B55
:103E20001868D4F85730012184F85610C0F80930CA
:103E3000B4F85B30A0F80D3007F028FBEDE7002068
:103E4000ECE700BF8C0D002038B5C38C0F4D01335B
:103E5000C3F30E03C3842B7C04462BB102F028FA73
:103E600001F0DCFC00232B7400232B7194F86930E3
:103E70002BB101212046BDE8384008F092B9637C9F
:103E800013B1E28C9A42F4D20021F3E78C0D0020AA
:103E900010B5074C2379012B05D1237C1BB102F00F
:103EA00007FA01F0BBFCA069BDE81040FFF7CCBFEA
:103EB0008C0D002070B5254C2379012B04D04FF4D4
:103EC00048612D20FCF79EF998B90125237C1BB190
:103ED00002F0EEF901F0A2FC002D36D0A06908F046
:103EE000ACF868B302F0C4F8E369BDE870409B68C1
:103EF00018472168A26911F8095B02F14903E80932
:103F000092F8482007F014F90028DED0206800213C
:103F100007F0E1FA0028D8D02379A069012B02D05C
:103F200040F65A41CDE72379E26903F180435269B3
:103F3000013B05F00F0152F8233098470546C5E7CD
:103F4000A069BDE87040FFF77FBF70BD8C0D0020F9
:103F5000074A0346906903B909B9FFF775BF13799A
:103F6000D26903F180431269023B52F823301847AB
:103F70008C0D00202DE9F043032985B00546174636
:103F800007D14388980723D40024204605B0BDE814
:103F9000F083428890F86830D107DBB2F4D5002B6B
:103FA000F2D14FF00108DFF8D49099F81060C6B153
:103FB00007F0F3F80828387016D002AA0DF10701AF
:103FC000FEF76AF938B940F6F5612D20FCF71AF9C9
:103FD0004FF00208E7E79DF8070002A907F0DFFEAF
:103FE00006463B78082B08D1D9F8001011F8030BCE
:103FF000C0F3801007F0D3FE0646D9F8001095F8FC
:104000004F2011F8030B05F15003C0F3801007F0A7
:104010008FF8D9F80010044611F8030BC0F3801094
:1040200007F0B1F88146FEF7D7F940B1B9F1080FB2
:104030001BD04846FEF702F980F00103D8B23A7867
:10404000082A14D01CB9AC7DA21A544254416A8883
:1040500053079AD4002897D176B9EC7C444518BF11
:10406000002C0CBF012400248FE70020E7E780F03C
:1040700001022240D4B2EAE7344686E78C0D0020E4
:104080002DE9F04F85B008230DF107020521044604
:104090008DF80730FFF76EFF064620B90026304640
:1040A00005B0BDE8F08F734F39687A7C11F8030BC7
:1040B00007F11203C0F3801007F03AF88046002899
:1040C000ECD13B68A169184691F88D2010F8035B8C
:1040D00002EA551202F0010281F88D20D3F8032084
:1040E000C1F803208288A1F807201D46A26915F8AF
:1040F0001F1BC1F380119170D3F81F00029002A919
:1041000028790871D3F80F00D061587D1D7D000417
:1041100040EA0520DD7C28435062B3F8190082F89C
:10412000728040F2E24909FB00F090619D7DC5EB91
:10413000451005EB800505EB85056D009585B3F809
:10414000170009FB00F09062B3F81B001084B3F86D
:104150001D00508493F8243003F01F005B0982F89F
:10416000990082F87330A56994F912A005F18D00C9
:1041700007F0E1F840F20113A5F868304FF0FF0BAB
:1041800085F86AB0414605F13000FEF70BFC514658
:104190002846FEF731F9A36984F873801A88A4F8D9
:1041A000742084F891B04FF6FF72A4F892209A69B7
:1041B000B2FBF9F2A4F88A201A8CA4F88C205A8C4D
:1041C000A4F88E2093F8732084F89020627D9DF8E7
:1041D000070004F17E015AB394F84820012A27D140
:1041E00094F84E2002F0C002402A21D1D4F8492090
:1041F000C4F87E20B4F84D208A809A7884F877201D
:10420000082803F1030504F18401D3F8033004F115
:10421000780227D0C4F88430AB888B8004F1770112
:10422000FEF73AF840B94FF43E612D20FBF7EAFF64
:104230000022C4F87E20DFE794F8773043F00203D1
:1042400084F8773004F16A000B4907F0FEF90B4B54
:10425000A0691B6800223A71002B3FF420AF214671
:1042600098471CE7A367AB8893800023C4F8843089
:104270008B80E7E78C0D0020CBC20000BC13002030
:10428000032937B5044604D0052953D0012003B0D3
:1042900030BD08230DF107028DF80730FFF76AFEE5
:1042A0000028F3D0237C284D03B39DF8070094F831
:1042B000B630DBB9237884F8B730082804F1B902A6
:1042C00029D004F1B801FDF7E7FF20B940F66E717F
:1042D0002D20FBF797FF94F8B83043F0020384F8E1
:1042E000B8301A4904F1AE0007F0AFF92B68042288
:1042F0001A7006225A702046FFF75CFD286894F871
:104300003820616B07F0D8F8032328682B7101F07F
:104310004DFF0020BBE72868034613F8031BC1F3D9
:10432000801184F8B810D0F80310C4F8B9109B8835
:104330009380D6E7064B1B68002BEAD0984780F0A5
:104340000100C0B2A3E700BF8C0D0020B3C2000083
:10435000B8130020F8B504460F4619B300F1200544
:10436000284608F073F9A0B963881A072ED52846A5
:1043700008F083F90646284608F068F9301AC0B2FA
:1043800008F08BF9474A936803442846936008F085
:1043900039F9284608F03BF901F0E8FD217925209C
:1043A00001F006FD3F4E94F856203068002303705C
:1043B00043706388103B0D2B64D8DFE803F05F6324
:1043C0005B0C634063636363636363402046BDE8E3
:1043D000F840FFF739BD06234370202303702046C1
:1043E000FFF7E8FC638823F008039BB2152B05D088
:1043F00094F83020E16A306807F04FF8306801F037
:10440000D5FE022321793371002001F0BDFD054660
:1044100007B9F06063881B0704D508F03BF9054431
:10442000C4F8F4506388103B0D2B36D8DFE803F056
:1044300038352F2F352F353535353535352F0C237C
:1044400043700346212103F8091B52B1D4F85720C9
:10445000C0F80920B4F85B209A80012107F016F813
:10446000BDE7226DC0F80920B4F854209A8094F872
:104470004F10F3E7062303704370B0E70223037085
:104480000623F9E740F259612D20FBF7BBFE2179A5
:104490000120BDE8F84001F031BF40F6F341F3E7F9
:1044A000F8BD00BF8C0D002038B54388102B0446A2
:1044B00004D1BDE838400121FFF74CBF0B4D2B7CE8
:1044C00023B101F091F9402001F0E6FE286801F0E7
:1044D0006DFE608810F0040002D1217901F00EFF1A
:1044E000002001F0B7FE01232B7138BD8C0D002098
:1044F000024B01219869FFF72DBF00BF8C0D0020F2
:1045000010B5124C237C1BB101F0D2FE01F086F9EC
:10451000A06907F092FD38B12379012B09D040F64C
:1045200084312D20FBF76EFEA069BDE81040FFF737
:104530008BBC2379E269A069D26803F18043013B17
:10454000BDE8104052F82330184700BF8C0D002002
:1045500010B50748037903F0FF0433B9142221464C
:10456000043005F0D3F9204610BD0C24FBE700BF52
:104570008C0D002010B50A4C00232371FDF77EFC42
:104580002060FFF7E5FF20B14FF442712D20FBF7CB
:1045900039FEE36913B940F20B31F7E710BD00BFF4
:1045A0008C0D0020014B024ADA6170478C0D00200F
:1045B00074480000034B044A1A60044B044A1A6012
:1045C000704700BFB813002081400000BC130020DA
:1045D00053C10000F8B5057DAF1E0446FFB2002DA3
:1045E0003AD0012F2DD800F1500190F84F0006F07D
:1045F000CAFD0828064624D0FDF72CFE10BB023D5C
:1046000018BF0125012F8CBF0027012784F84850CF
:104610006775A675FDF73AFE054602F0C7FE154B15
:104620000022E5FB0301C4E9100184F8562011467D
:104630002046FFF7D1FB70B940F2A3412D20FBF7D4
:10464000E1FD0826022D09D104F149010020FDF702
:10465000EBFC60B90020F8BD0826F5E704F149013C
:104660000120FDF7E1FC0028F4D00125CAE7002570
:10467000C8E700BF40420F00F0B5444E327985B024
:10468000044602F0FF0312B90278FF2A04D140F673
:10469000DC112D20FBF7B6FDB36080F869303C4B90
:1046A00000933C4B01933C4B0293F36968465B6873
:1046B000039301F073FD01F0BDFB01F0F9FD01F082
:1046C000ADF8364801F048FC04F12005344801F00B
:1046D0005FFD284607F096FF284607F098FF01F097
:1046E00045FC2179252001F063FB94F9120001F0CB
:1046F0002DFC04F12C01A06A05F086FE04F13401C2
:104700000746A06A05F0A7FE0546DFB1237FCBB1BF
:10471000B4F92650ED43ED0F637D13B963885B0751
:1047200009D5D4E910126FF000439A4208BFB1F1E5
:10473000FF3F0DD19DB930680330FDF7C5FD3074E2
:1047400005B0F0BD002DE7D0657F002DE0D1E3E797
:1047500002F02CFED4E9102390429941EAD30122C1
:1047600029462046FFF738FB50B1FDF78FFD05467F
:1047700002F01CFE0B4BE5FB0301C4E91001DAE774
:10478000002DD8D040F61A2183E700BF8C0D002001
:1047900001450000B53E0000513F0000D6BE898EA5
:1047A0005555550040420F0073B50446FFF764FFAE
:1047B00000212046FFF7CEFD236E0BB101221A60C7
:1047C0006388DB0721D50023114EA569CDE90033AD
:1047D000FF2373746846FCF7A7F8B0B9009CA542A4
:1047E000F8D06A7A607A05F10A0304F10A0106F04A
:1047F0009FFC0028EED0A3787374D4F80330C6F879
:104800001230044BB4F807209A8002B070BD00BF8C
:104810008C0D00209E0D0020024B9861DB691B6807
:10482000184700BF8C0D002043881B0710B50446B5
:1048300011D583690A493C2280F873201B88A0F8AF
:104840007430FF2380F891304FF6FF73A0F8923058
:104850006A3006F0FAFEFF2384F8693010BD00BF0D
:10486000CBC2000017C30000A94400001DC3000014
:1048700081420000A9470000913E0000F144000081
:1048800064480000684800007048000001380228B1
:1048900008B503D9C4212F20FBF7B4FC13290A4B18
:1048A00005D811290CD8102907D0D221F3E71529F2
:1048B000FBD103EB4003D88801E033F8100008BDBA
:1048C00003EB40039889FAE7F6E801000C4A1178F7
:1048D000034689B9906833B9B0F85810828F914275
:1048E0000AD8FFF76BB993891B0707D590F88700A3
:1048F000073818BF0120704700207047012070471B
:10490000AC0D00202D4A38B5948903461C43402B3A
:104910009068948104D10421BDE83840FFF75CB968
:10492000802B01D10521F7E703F00304032C04D108
:1049300040F62E313120FBF765FCDD0706D50C680B
:1049400011612478062C0FD00B2C19D09C0706D5AA
:1049500009680978117505291DD00B2927D09B06F8
:1049600044BF0823137038BD90F886401C2CEDD14D
:1049700000240025C0E93845012480F88A40E5E795
:1049800090F88640122C01BF002480F88A40012450
:1049900080F8C440DAE790F886101829DFD10024A7
:1049A0000025C0E93A45012180F88B10D7E790F83F
:1049B00086101129D3D10021F6E700BFAC0D0020ED
:1049C00073B504464068836F13F0300F0D4649D12C
:1049D000B1F805101A2904D9B5F80730B3F5A47F4A
:1049E00006D22978204602B0BDE8704006F075BFB7
:1049F000B5F801201A2AF4D9B5F80360B6F5A47FFA
:104A0000EFD30096303006F0B2FE174B9A8992072A
:104A10000DD51B7D142B0AD16268936F43F01003F0
:104A20009367204606F027FF002002B070BD636840
:104A300093F88520212AEFD093F81B31002BEBD17E
:104A4000636893F81A31002BE6D16268936F1146C0
:104A500043F02003936731F8300B02F59F72FEF7A5
:104A600005F8DEE70120E0E7AC0D002013B50446B1
:104A700001A8FDF783FA20B940F617113120FBF7A2
:104A8000C1FB22220021019804F040FF0199074850
:104A900001F8034F2246FEF7D3F8FDF77BFA10B971
:104AA00040F61E11EAE702B010BD00BFB00D0020B5
:104AB000254B70B59C6894F85E5294F85F62002DA7
:104AC0003ED194F86810002E3CD194F8693084F8F7
:104AD000681084F86930FF2384F86A301B4B1B6828
:104AE0000BB12046984794F82431012B01D035436F
:104AF00003D017480021FDF7FDF904F130063046D8
:104B000006F023FE04F2351105462046FDF760FF4E
:104B100020460621FFF760F8304606F016FE854273
:104B200004460BD202F0A2FD0146601B322838BFBA
:104B3000322002F069FD10B102F03EFC012070BD90
:104B40002946C0E73346C2E7AC0D0020CC13002055
:104B5000B00D00202DE9F8436A4D0646AC680028E8
:104B600040F08C80AB891A072DD594F80E31FE2BBE
:104B700004D140F2F7513120FBF744FBFE2384F8C7
:104B80000E3194F886301E2B06D184F8C300281D00
:104B900006F07BFE84F8866094F88530242B0AD1D9
:104BA00094F88630A3F12402062A2AD9322B28D081
:104BB000252384F8853094F88730072B02BF022321
:104BC0006B7584F80E31AB89DB071CD4AB895F07AA
:104BD0007CD4990740F18480287DAB6801220D28A0
:104BE00083F80F2179D0112800F08580072800F084
:104BF0008480FEF7D5F8034600286FD140F2EA51D1
:104C0000B9E73223D5E7D5F80880296998F88630C6
:104C1000D1F80090113B0F2B99F8007009D8BB1EFA
:104C2000DBB2092B6BD840F2333222FA03F3D807F8
:104C300065D509793846FDF781FC20B939463248F7
:104C400006F04BFE3AE0012F01D9162F22D198F839
:104C5000850006F02FFE40B198F88530242B04D053
:104C6000252B07D1322388F885303846FEF78EF899
:104C700003461CE0162F14BF022620262B781B07A4
:104C800005D594F88630113B0F2B98BF0826304687
:104C9000BDE8F883112F15D005D8072F14D00D2F9C
:104CA000E3D11A4B05E0142FDFD1194B1B68002B01
:104CB000C4D02A691448127949469847002885D0FB
:104CC0000646DBE7134BF4E7134BF2E794F8872033
:104CD000062A04BF01226A757BE7104B0A489847F1
:104CE000AB89DA06CAD594F886300A2BC6D10B23D5
:104CF00084F88630C2E70A4BF0E70A4BEEE7082655
:104D0000BCE700BFAC0D0020B00D002025C800009E
:104D1000C01300206DC80000294D000073C70000BB
:104D200091C70000C1C7000070B54D78A5F10E0312
:104D3000DBB2152B04460DD8012101FA03F640F22F
:104D40005122164208D14268152B92F8852027D0AF
:104D5000082B07D0002070BD02462846BDE87040F1
:104D600007F09FBC252A01D0322AF3D1204606F055
:104D700079FD636893F88620262AEBD093F8D52036
:104D800022F0010283F8D520626892F8D53023F032
:104D9000080382F8D5301A212046FDF7ABF8D9E791
:104DA0002C2AD7D1024B1B68002BD3D09847D1E7D0
:104DB000C81300202DE9F041A0F10E040029E4B24F
:104DC00008BF1F21172C13460AD80126A64040F21F
:104DD00051273E4207D116F4600F23D1082C07D08B
:104DE0000020BDE8F081BDE8F041002107F059BC8A
:104DF000546894F88520252A08D11846FDF77AF8DA
:104E0000002384F8853084F8BE30E9E7322AE7D100
:104E100094F88620A2F124010629F1D9322AEFD094
:104E20002A21EAE7054A1468002CD9D00A4601462F
:104E300018462346BDE8F041184700BFC4130020C0
:104E40002DE9F84FB54F0E46B989BC688D0556BFA0
:104E5000B4F8B4200023013204F1780A804646BF3A
:104E6000A4F8B43084F8AF31A4F8B420504607F069
:104E7000C8FC30B10B4604F5967221465046FEF749
:104E800041F9BB8903F4C0632BB194F88930002B3E
:104E900046D0032B4BD094F88920BB89012A04D13A
:104EA000180544BF022284F88920B8F1000F40F0B1
:104EB000948059065DBFB4F8C821013292B24246CF
:104EC000A4F8C82103F00A020A2A0CD13A7D022A6A
:104ED00009D123F008033046BB81FFF73BFE0823CE
:104EE0003043C6B2BB813046FFF734FEBD6895F84B
:104EF0000E313043FE2BC6B23CD1DEBB95F8873075
:104F0000063B012B36D995F81831ABB195F819311C
:104F1000A5F8B86085F810310122022128462EE15B
:104F2000012184F889102046FEF756FEB3E70223DC
:104F300084F889300121F6E795F886B0ABF1100BC3
:104F40005FFA8BFBBBF1100F40F2EC80AB6FDA071E
:104F500002D532460921E1E7980740F192803246B6
:104F60000C21284607F0ECFB95F8C53043F001030F
:104F700085F8C530B4F8A83194F8AC510133A4F8E1
:104F8000A831002D00F0F281FCF71AFB10B10023CC
:104F9000A4F8A83194F88910012940F21C8294F8F1
:104FA0008730072B40F0FA81B4F8B430022B40F27E
:104FB0001282B4F8B6500135ADB2B4F87E302B444D
:104FC000A4F8A03194F8AD31002B00F00882012341
:104FD000B4F87E201344A4F8A431BB89BD685B06F5
:104FE0005FBFB5F8B431B5F8A6219B189BB248BF96
:104FF0000023A5F8B43195F8183123B995F8873016
:10500000063B012B06D8B5F8B830B5F8A6211344F5
:10501000A5F8B83095F8BE1031B1B5F8BA30B5F88A
:10502000A6211344A5F8BA3095F9C220002AC1BFC1
:10503000B5F8C030B5F8A6011B18A5F8C03095F832
:10504000A73063B9B8F1000F40F05B827B7D022B83
:1050500040F00C8295F81031062B18BF162395F8F6
:10506000A62022B92E4885F8A730FDF7A3FE2846D2
:1050700007F02AFC002384F8AB31BDE8F84FFCF7B9
:10508000A5BF590702D53246132147E71A0706D5AF
:1050900095F8083185F81031324607213EE713F0C4
:1050A000300F35D095F81B31002B5BD195F81A31B4
:1050B000CBB195F88630292B05F58D7105F25E226E
:1050C00024D095F88530A3F1290043424341284676
:1050D00006F03FFBAB6F23F0200343F01003AB67F8
:1050E000002385F81A31AB6FDA063BD505F235118E
:1050F0002846FDF76DFCB5F85230A5F81031B5F82B
:105100005630A5F812310022152107E70123DEE70A
:105110005B0627D50022242100E700BFAC0D00204C
:10512000B00D0020D7F8089099F88630182B32D0AF
:1051300013D8112B20D0162B24D095F88530002BB6
:1051400067D195F88630103B102B6AD995F8B230AC
:10515000002B66D001221221E0E6202BEDD1324651
:1051600006210BE0B86890F88630262B41D0352B0D
:10517000E3D10022112102E032460B21484607F01C
:10518000DFFAF7E64846FDF787FE00283FF4F2AE67
:1051900000220421F2E799F85832012B07D1324658
:1051A0000521484607F0CCFA89F85862E2E699F8FA
:1051B0005832022BD9B27FF4DDAE99F8C43053B126
:1051C000062389F810313246484607F0B9FA002321
:1051D00089F85832EAE703210622B14806F064FB59
:1051E00099F8D43013F0040F32460CBF0D21112171
:1051F000EAE790F82431022B02D100221721BEE702
:1052000090F82431012B98D190F82531002BF4D05F
:1052100093E7092B05D195F8093185F81031012262
:105220003BE7BBF1100F7FF6A5AEBD6895F8859002
:10523000B9F1000F7FF49EAE95F82B313BB10122FE
:105240000E21284607F07CFA85F82B91AEE795F8F9
:105250002A3183B195F8C59019F0030B0BD10122C7
:105260000C21284649F0010907F06AFA85F8C59033
:1052700085F82AB19AE795F81A3133B395F81B31BE
:105280001BBB95F88630292B05F58D7105F25E2242
:1052900019D095F88530A3F12900434243412846AF
:1052A00006F057FA002385F81A3101221421284606
:1052B00007F046FAB5F85230A5F81031B5F8563077
:1052C000A5F8123156E60123E9E795F82431012BC0
:1052D0003FD195F82531002B3BD195F88630A3F1CD
:1052E0002402062A35D9322B33D095F868000128DC
:1052F00006D0022804D040F211310620FAF782FFCE
:1053000095F86910012901D00229F4D1022895F8F5
:1053100026210BD0012A14BF0022012242B90A3BE8
:10532000042B7FF627AE01221621F7E5022AF2E7C9
:10533000022995F827210AD0012A14BF0022012250
:10534000002AECD056480021FCF7D4FD12E6022AD0
:10535000F3E7544B1B68002B3FF40CAE50489847C2
:10536000FE2801463FF406AE0122D7E5FCF722F9FC
:1053700008B1A4F8A851FCF72BF900283FF40AAEB5
:1053800094F8AF310133DBB2022B84F8AF3182BF26
:105390000023A4F8A83184F8AF31FBE594F8B230CB
:1053A0001BB194F885300F2B15D1B4F8B650B4F872
:1053B000B4305046ED1A033D07F023FA68B1D4F833
:1053C000AC30D4F8A820033B9B1A9D42A8BF1D46D1
:1053D000012D3FF7F1AD0125EFE52B46F5E7012D56
:1053E0007FF6F5AD94F8863013B10B2B7FF4EFAD5B
:1053F00094F88530002B7FF4EAAD94F88730002BC9
:105400007FF4E5AD02297FF4E2AD94F8AF31002BD3
:105410007FF4DDAD2069B4F82E9004F03EFE002844
:105420003FF4D5AD94F80E31FE2B7FF4D0ADB4F837
:10543000A231012B7FF6CBADB4F8A821238C9A4280
:10544000BFF4C5AD9B1A9BB2013DADB2B5FBF9F5FA
:105450009D4228BF1D4619FB05F3003D03F10103E2
:1054600018BF01259BB284F8AA51B1E5012B09D1DF
:1054700095F88830002B7FF4F2AD00212846FEF726
:10548000ABFBF7E586B1F00639D4310739D4B20663
:1054900039D4B30739D140F6AF2131202EE700BF10
:1054A000B00D0020D013002039B1B5F8BA10B5F80E
:1054B000BC30994201D32223D1E5002A05DDB5F89D
:1054C000C020B5F8BC309A42F5D2B5F8B820B5F88E
:1054D000B6309A420AD295F88920B5F8B43052B164
:1054E000B5F8B6209A42C8D80823B8E595F818311F
:1054F000002BE0D1EFE7052BBFD93E23AFE51E23FC
:10550000ADE53D23ABE52323A9E52A23A7E500BFAD
:105510005B4B73B50122002504461A7198609D818A
:105520001D705D75FF2380F8AB31B0F8A231D3B1A7
:1055300090F80E31FE2B16D190F818319BB190F8EF
:105540008730063B93420ED990F81931A0F8B85035
:1055500080F81031022107F0F3F884F8AA510220F4
:10556000FFF784FA03E094F80E01FE28F8D1B4F8AE
:10557000A611B4F8A821E38D013989B2B1FBF3F388
:105580001344A4F8A831B4F8B43004F178060B44FD
:10559000A4F8B430304607F034F920B1D4F8A8307C
:1055A0000B44C4F8A830B4F8A231012B9CBF0133DE
:1055B000A4F8A231002509B184F8AF5194F88630DF
:1055C00084F8AA51A3F10A02012A29D8B4F87E303E
:1055D000B4F85C229B1A19043BD404F25E2104F156
:1055E0008D0005F0A8FE84F88650FF2384F8BF30B4
:1055F000B4F8A6212146304605F0E3FE94F8863043
:105600002049214A113B0F2B8CBF0023012301931A
:105610001E4B009303C91E4BFBF7ECFE02B070BD9E
:10562000292B16D1B4F85C22B4F87E309B1A1A04E8
:105630000FD484F88650FFF73BFA014630B984F85E
:10564000240102B0BDE87040FFF7FABB84F8245192
:10565000CEE794F8853003F0FD03292BC8D1B4F8C8
:105660007E30B4F85C229B1A1B04C1D4002384F85A
:105670008530FFF71DFA01460028B9D1E1E700BFE8
:10568000AC0D0020B00D002005490000414E000087
:10569000CD480000D0F864328269934210B50446C8
:1056A00004D1D0F86812026A914215D02288A4F879
:1056B0008A2140F2E242B3FBF2F3A4F88C31B4F851
:1056C0006832A4F88E31B4F86A320949A4F89031EE
:1056D00004F5C07005F0C2FF02212046FCF7CAFEA7
:1056E000002384F88630032384F8893010BD00BF7E
:1056F000E5B9000008B5FDF777FA024B024A1A60D7
:1057000008BD00BFC0130020C1490000074B93F93A
:1057100000301844142804DC10F17F0F03DB40B282
:105720007047142070476FF07E007047C40D002052
:1057300007B57F230DF107008DF8073000F0C6FD97
:1057400003469DF9070053B1094B5B785B4240FA71
:1057500083F0142806DC10F17F0F05DB40B203B0A4
:105760005DF804FB1420FAE76FF07E00F7E700BF56
:10577000C40D0020024B00221A705A70704700BFFF
:10578000C40D0020064BD3F8000138B1D3F8040152
:1057900020B1D3F80801B0FA80F04009704700BF8B
:1057A00000F00040034B00221A705A7010229A70C9
:1057B000704700BFC60D002070B506460220144693
:1057C0000D4600F0A3F8064B01221A70054B033C6E
:1057D000C3F81045C3F80865C3F8045570BD00BF91
:1057E000C60D002000F0004008B5022000F08EF841
:1057F000084B01221A70084B0022C3F80021C3F89D
:105800000421C3F8082103F580334FF40002C3F8E4
:10581000042508BDC60D002000F000400E4A08B562
:10582000137883B10D4B4FF40001C3F80815FFF74F
:10583000A9FF68B101235370094BD3F80034DBB2E0
:10584000937000231370BDE80840002000F05EB89C
:1058500050701023F4E700BFC60D002000F0014097
:1058600000F00040094B1A7862B1094BD3F80021CF
:1058700052B1D3F8040140B1D3F80801B0FA80F076
:10588000400970475878704702207047C60D0020C5
:1058900000F0004008B5074B1A783AB1FFF772FFE5
:1058A00030B1054BD3F80004C0B208BD9878FCE7CE
:1058B0001020FAE7C60D002000F0004008B50A4BA2
:1058C000D3F80025032A04BF01229A600022C3F8FE
:1058D0000025C3F8002500F065FF044B4FF40002DB
:1058E000C3F8082508BD00BF00F0004000F00140EB
:1058F000054B4FF40042C3F88020BFF34F8FBFF336
:105900006F8FFFF7DBBF00BF00E100E010B504467A
:10591000FFF7D4FF012C06D0022C0CD054B18C21FF
:105920003D20FAF76FFC0B4B0222C3F800250A4A10
:10593000C3F8142510BD074B0322C3F80025064AFF
:10594000C3F8142503F580334FF40002C3F804258F
:10595000F0E700BF00F00040C90D0020044B1868BC
:10596000062818BFB0F1FF3F0CBF01200020704790
:105970001811002008B5FFF7F1FF38B1044B186883
:10598000063810F1080F94BF0020012008BD00BFA9
:105990001C11002008B5FFF7E1FF38B1044B18686F
:1059A000063810F1080F8CBF0020012008BD00BF91
:1059B0001C110020064B0022C3F80021C3F80C2163
:1059C000C3F81021C3F80421C3F80821704700BFB1
:1059D0000010004070B5144D95F825600346084648
:1059E00026B940F634213E20FAF70CFC6BB9012EA3
:1059F0002C6A95F8241005D100F0C2FD2044AB6953
:105A0000C01A70BD07F010F8F8E7012B0AD1012E7B
:105A10002C6A95F8241002D100F0A2FDEEE707F001
:105A20000EF8EBE70020EAE7D80E00200B4B93F8C6
:105A3000330088B193F832307BB1094BD3F80022A0
:105A400042F00102C3F80022D3F8500500F0F6003E
:105A5000023818BF0120704701207047D80E00207F
:105A60000010004008B5094B01281873084B06D0F8
:105A7000022808D04FF474613E20FAF7C3FB0322DA
:105A8000C3F8102508BD0422FAE700BFD80E002095
:105A90000010004008B570B9104B2831D960184685
:105AA0000F4900F03DFF0130012816D940F6BE0134
:105AB0003E20FAF7A7FB01280CD1084B2931D96009
:105AC0001846074900F032FF0130012805D940F699
:105AD000C801EDE740F6CC01EAE708BD2800002048
:105AE00008E9010008B50C4B5B78012B09D100F0E7
:105AF00023FF013001280ED940F684213E20FAF719
:105B000081FB022B07D100F01DFF0130012802D9D3
:105B100040F68A21F2E708BDD80E0020094B0A4A58
:105B20001B8AB3F5166F3ABFA3F6381343F480739C
:105B3000A3F5166300F07F00C2F80835C2F85405DB
:105B4000704700BFD80E00200010004010B50C4672
:105B5000FFF788FF2046FFF7E1FF0F4A0023C2F856
:105B60001C31D2F8003243F48873C2F8003240F29C
:105B70000313C2F8343540F25B63C2F83835FFF7DF
:105B8000F9FE40B9FFF706FF28B9D2F8683543F4AB
:105B9000C023C2F8683510BD0010004037B50D466F
:105BA0000446FFF75FFF2846FFF7B8FF1B4A01AB2B
:105BB00092F90D202946204600F04EFE9DF8050082
:105BC00000F0C6FE20B140F2B1713E20FAF71AFB98
:105BD0009DF9040000F0BCFC114A40F20313C2F826
:105BE000343540F25B63C2F83835FFF7C3FE90B13D
:105BF0004FF08053D2F88825D3F82033022C22F4BA
:105C0000FE420CBFC3F30663C3F3062342EA032339
:105C1000034AC2F8883503B030BD00BFD80E00205B
:105C2000001000402DE9F04106460C46174601F0F1
:105C3000CBFB0028FBD02C4B2C4D4FF40022C3F89B
:105C400008259EBB01236B7095F832301BB9A97BE8
:105C50003846FFF7A3FF264B33F817304FF47A721C
:105C600003F5FA73B3FBF2F3224AE41A1E4BC3F8AE
:105C7000AC25AB691C4A204FE1184FF001081F4BBF
:105C800085F83280C7F84015C2F8A835AB6A43F4EE
:105C90000023AB624FF40023C2F80435FFF7C6FEC1
:105CA0000446B8B900242046BDE8F081012E0CD18D
:105CB00002236B7095F832301BB9A97B3846FFF789
:105CC00045FF094B0E4A293CD1E74FF41B613E20AA
:105CD000FAF798FAC7F84C80D7F84C358B42E1DADE
:105CE0003046FFF7D7FEDEE700F00140D80E002077
:105CF00080E9010000100040008000404081004029
:105D00000410004008B548221048002103F0FEFDB1
:105D10000F4B1B6823F004020A2A05D0102B03D076
:105D2000082B0ED1402200E024220A48FF2103F074
:105D3000EDFD4FF080430022C3F8082EC3F8102E6B
:105D400008BD0D2BEED03822EFE700BFD80E0020A3
:105D500018110020000E0040024B0344187E00F58D
:105D60001660704708E90100024B186A9B69C01A67
:105D7000704700BFD80E00200A4B93F82420D3E9C7
:105D80000630C01A084B03EB82031B6CC01A074B8A
:105D900053F822304FF47A7203F2F313B3FBF2F3A9
:105DA000C01A7047D80E002008E9010074E901000C
:105DB000FF2808B504D940F20D313E20FAF722FA47
:105DC000114B0129188604D0022919D040F27D31E7
:105DD000F3E700230D4A43F4801340F0007043F4CE
:105DE000847340F44030C2F81435C2F81805D2F874
:105DF000503503F0F703032B05D140F29731DCE770
:105E00004FF08073E6E708BDD80E00200010004078
:105E100008B5FFF7AFFD50B1054AD2F8743723F04B
:105E2000807323F0010343F08073C2F8743708BD18
:105E3000001000403E4B022270B5C3F88020BFF333
:105E40004F8FBFF36F8F01F0B9FA044601F00CFCDD
:105E5000384D394A0023001BA861C2F8FC3F0123DA
:105E6000C2F8FC3FFFF796FD28B1D2F83C3743F467
:105E70008063C2F83C37FFF771FD58B1D2F83C3768
:105E800023F0004323F0FF0343F0004343F0960365
:105E9000C2F83C37FFF76EFD274C38B1D4F84037D5
:105EA00023F47F4343F4B053C4F84037234BC4F882
:105EB000783700F05FFD38B14FF08053D3F83033BE
:105EC0005A1C18BFC4F84C374FF010231A4C1A6EE6
:105ED000531C1EBFD4F88C3562F31743C4F88C35BD
:105EE0000123C4F830352B730323C4F8103540F276
:105EF0000123C4F850360226114BC4F80062187C06
:105F000000F03EFD0F4B104AC3F804250023AB847C
:105F10006B862B62064B1022C3F88061C4F8042301
:105F20001E60AB6C03B19847BDE8704000F0ECBC5C
:105F300000E100E0D80E0020001000402C00008995
:105F40002800002000F001400000020C014B5873B3
:105F5000704700BFD80E0020034B020E0002C3F8AA
:105F60002425C3F81C05704700100040044B054A67
:105F7000034490731B7E03F516631382704700BFC2
:105F800008E90100D80E0020F8B52B4C94F8333006
:105F900006460F4623B940F606113E20FAF732F9BD
:105FA000264A012384F83230D2F8003243F001034C
:105FB000C2F8003201F008FA0028FBD02EBB012302
:105FC000A17B63703846FFF7E9FD6378012B02D0AF
:105FD00040F61F11E1E71A4AD364A2F5E0421360CC
:105FE000174BD3F84C5530462946FFF753FDA369AC
:105FF000ED1AF6B9134B33F817304FF47A7203F5F4
:10600000FA73B3FBF2F35819F8BD012EE8D102235D
:10601000A17B63703846FFF799FD6378022B02D0AD
:1060200040F62811B9E7064BDE64A3F5E0435E6055
:10603000D6E705F12900E7E7D80E00200010004060
:106040000080004080E9010008B5FFF7EBFD58B97A
:10605000064BC3F84005A3F5E04301221A61022074
:10606000BDE80840FCF76EBC08BD00BF00800040E2
:1060700073B5234B2349D3F80443234D02224FF039
:10608000FF30C3F80803C1F880212049C3F800227B
:1060900000226A86C1F8402501F5B8314FF4602628
:1060A000C1F80865D3F85015C9B204F01004D1B195
:1060B0008DF80700C3F8102101221A619DF807200E
:1060C00012B1D3F810213AB19DF807305BB940F610
:1060D00072213E20FAF796F89DF80720013AD2B2D5
:1060E0008DF80720EAE7FFF7FDFC054B0022C3F817
:1060F00010212A8014B11022C3F8042302B070BD0D
:106100000010004000E100E0D80E002000800040B8
:1061100038B51B4D0024C5F84845C5F84445C5F8B9
:106120004045C5F84C45FFF7A3FF00F0F3FB154BC6
:1061300015499A6A9C6242F0446242F40032C1F806
:106140000825C3E907441C71104BC5F848450222D5
:10615000C5F84445C5F84045C5F84C45C5F8484123
:10616000C5F84441C5F84041C5F84C41C3F880200A
:10617000BFF34F8FBFF36F8FC3F8802138BD00BFCF
:1061800000800040D80E002000F0014000E100E057
:10619000014BC3F83C0570470010004010B50FC814
:1061A000014C84E80F0010BD240F00200A490B4B5E
:1061B00010B5C1F80405012483F83340D862FFF715
:1061C00035FC40B9064BC3F840050C610320BDE81F
:1061D0001040FCF7B7BB10BD00100040D80E0020E7
:1061E00000800040174B9A6910441A6A824210B529
:1061F000154C09D30220FCF7A5FB0023C4F8403559
:10620000124B01221A610DE001221A71986062643A
:10621000D4F844150531814205D30C4BD3F8041151
:106220000029EFD010BD0022C4F84421C4F8440571
:106230009A6A42F480029A62054B4FF48002C3F8D6
:106240000425EFE7D80E0020008000400010004039
:1062500000F0014010B50E4C034694F8250094F868
:1062600024100222012822714FF09600227B0BD1CC
:1062700000F094F9074AA0600023C2F84431236A71
:106280000344C2F8443510BD00F0A2F9F2E700BFA4
:10629000D80E002000800040044BC3F86005D3F8FE
:1062A000002242F04002C3F8002270470010004074
:1062B000054BD3F8002222F04002C3F8002200224E
:1062C000C3F86025704700BF001000400A4A01462D
:1062D000D2F81C0182B068B1D2F8483503F07F03D0
:1062E0005B420B700023C2F81C31D2F81C310193C1
:1062F000019B012002B0704700100040034B0028B2
:1063000014BF0222012299701A707047D80E002023
:10631000054B0022C3F84025044AD2F85035DBB2C1
:106320000BB1012313617047008000400010004052
:1063300030B5044BD3E90E451B6CC0E900450B603A
:1063400030BD00BFD80E00202DE9F041744C754DD2
:10635000278E01F037F80123C4E90E01EB64D5F86C
:106360004C352364FFF7BEFB6F4BA26AC3F80825C8
:1063700000216E4AA162D2F8003223F48E7323F01A
:106380000103C2F80032237984F8331023B1D5F821
:1063900044315B1A18BF0123617801290AD1D2F870
:1063A0000C51002D3DD1614BD3F81031A3B145F014
:1063B000100511E0022932D15C4AD2F80C51D2F812
:1063C0000024003D18BF01256D00D20758BF45F0DD
:1063D000040503B345F00105FFF7ECFAEE06637818
:1063E00003D5012B08BF45F020054E4A2678D2F888
:1063F00048152162D2F8442584F82530237BE261D8
:1064000084F824307EB9667026716686E8071ED54A
:10641000E36C98474DE015F00B0FDDD1C3E7002585
:10642000C1E70825D8E715F011085AD1013E18BF79
:106430000126A27896213046FFF7CCFAA278A4F87C
:1064400000800146304684F83280FFF7FDFD15F0EC
:10645000020049D0FFF78EFAE0B9FFF79BFAC8B9FE
:10646000324BD3F85034D90114D51A0705D013F0A4
:10647000F00F02D013F4706F0CD12C4AC3F3044117
:106480000129D2F8542405D1012A03D0C3F3425381
:10649000022BBDD9E36A5B78BB4288BF45F0040597
:1064A000C5F3800080F00100236D002100F00100A1
:1064B00098476378022B12D1237983B1022B194AB2
:1064C00020D1236AA1680B44C2F84435A36A43F47F
:1064D0008003A362144B4FF48002C3F80425BDE887
:1064E000F081FFF7C5FD91E715F0280F05F02001B9
:1064F00004D0B1FA81F1636D4909D9E7EB06D8D52B
:10650000A36D86E7012B04D040F619613E20F9F710
:1065100079FEA368216A8B42D6D840F61A61F5E766
:10652000D80E00200080004000F001400010004024
:10653000024B03EB8003186C704700BF08E90100B1
:10654000024B03EB8003D86C704700BF08E90100E1
:10655000024BC0B2C3F80C05704700BF00100040EA
:10656000064A4FF47A7332F91120584300F2E730AB
:106570001044B0FBF3F00238704700BF6CE9010033
:10658000054A4FF47A7332F9112000FB03301044AE
:10659000B0FBF3F0704700BF6CE9010038B51D4651
:1065A0000A4B33F9114003EB820305359B681C4409
:1065B00004F6B7344FF47A7303FB00441046B4FB7F
:1065C000F3F4FFF7B5FF2544284438BD6CE901001A
:1065D00070B5064608461546FFF7B2FF094B03EBB8
:1065E00085039C684FF47A7304F6B73403FB0644C2
:1065F000241A2846B4FBF3F4FFF79AFF0530204431
:1066000070BD00BF6CE90100024B00221A705A7085
:106610009A707047340F00202DE9F04105460120A3
:106620000C4617469846079EFFF770F99DF82430F0
:1066300005F0030141EA0341244B41F08071C3F8A6
:106640000415234B214604F11002184651F8044B5F
:1066500043F8044B9142F9D11E499DF81830C0F817
:1066600014800761CB763368CB6173680B62174B7C
:10667000194AC3F808051268062A09D001321FBF5B
:10668000D3F81825BDF8200060F30702C3F81825D9
:10669000124B134AC3F8082515F0FB0F01BF114A2E
:1066A000C3F89825FC3AC3F89C250122022D4A70B4
:1066B00081F8245007D8054B0A700021C3F8001157
:1066C000C3F800121A60BDE8F08100BF00F000407E
:1066D000370F0020340F00201811002000F0014077
:1066E0000000020200F1004070B5194C637823B934
:1066F0004FF4D5713C20F9F785FD164BC3F80C1506
:10670000C3F8100594F824500122A270C5B924786A
:106710000CB99721EEE7104CC3F804514FF4003543
:10672000C4F80455D3F8006116B15A60C4F808558E
:106730000B7803704B78043343708B78837070BD93
:1067400000212270C3F80411C3F800221A60F6E792
:10675000340F002000F0004000F001400E4A08B560
:10676000537823B94FF4DF713C20F9F74BFD0B4B05
:10677000C3F80C150121C3F81005917012780AB9FD
:10678000BA21F1E70022C3F80421054B4FF0007253
:10679000C3F8042508BD00BF340F002000F00040FE
:1067A00000F00140084B1A784AB10849084AC1F87C
:1067B00008250022C1F89825C1F89C251A700022EE
:1067C0005A709A70704700BF340F002000F00140EB
:1067D00000000202194B1B7870B523B94FF4F27117
:1067E0003C20F9F70FFD164CD4F80431BBB9022355
:1067F000C4F80433134B144E1D691A6942F0100299
:1068000005F010051A61D4F804317BB125B90D4AA1
:10681000136923F0100313610223C4F80833084BF3
:10682000D3F80004003818BF012070BD4FF40043B6
:10683000C6F8803106F0F7F9E5E700BF340F002015
:1068400000F0004000ED00E000E100E0014B01221B
:106850009A60704700F000402DE9F04F264C85B05B
:10686000054698460E46174600F0C8F82378AB4216
:10687000814611D16378B3420ED194F90230BB4204
:106880000AD1E378834207D1A388A8F8003094F9AD
:10689000060005B0BDE8F08F012D06D0022D10D006
:1068A00040F28F410620F9F7ADFC00200DF10F03F7
:1068B0003A46314600F0A8F8824620B14121A9208D
:1068C000F1E70120F2E730469DF90FB0FFF744FAF7
:1068D000A91E4A4203464A41CDF800A04146584607
:1068E00000F03CF8B8F80030A071A3802570667005
:1068F000A77084F80390CAE740000020014B1B6892
:106900001B68184770000020014B1B685B68184724
:1069100070000020014B1B689B6818477000002026
:10692000014B1B681B69184770000020014B1B6856
:106930005B69184770000020014B1B689B69184772
:1069400070000020014B1B68DB69184770000020B5
:10695000014B1B689B6A18477000002030B4044C40
:106960009DF8085024680295E468A44630BC60474E
:1069700070000020014B1878704700BFD41300202E
:1069800010B500220C49134640FA02F4E40744BF54
:10699000CA545C1C02F1010248BFE3B2042AF3D1DD
:1069A000054AFF24D118032B01D9107110BD013302
:1069B00001F8014BDBB2F6E7E013002089CA0000C2
:1069C0008FCA000091CA0000B7CA000095CA000033
:1069D000C1CA00009BCA0000CBCA0000A1CA0000C7
:1069E000D7CA0000ADCA0000B1CA0000A3CA0000A7
:1069F000A9CA0000C7CA0000D1CA0000014B187D17
:106A0000704700BF680F0020042810B511D883B16B
:106A100004280CBF10242824A1420AD2064C54F8A2
:106A2000200018B141568A42A8BF0A461A700020B9
:106A300010BD6FF01500FBE7680F002030B503466E
:106A4000114890F91C209A4219DD90F924209A42AD
:106A500017DA9A1A846AA05C0C4A15569D420DD02A
:106A60000E32002918BF01309442C0B206D129B1BC
:106A7000013BDBB2012B01D80130C0B230BD0D208B
:106A8000FCE70020FAE700BF680F002094E901004E
:106A900008B5054B93F91C30984203DAFFF7CEFF97
:106AA000024B1B56184608BD680F002094E90100F0
:106AB00008B5184B93F82C20FAB9012283F82C2042
:106AC000154A1268A2F10800082803D813490141A9
:106AD000C90709D5911F092910D9013212D04FF4E5
:106AE000DF71742002F03AFC0D4A9A62D8221A62D1
:106AF00083F8242008229A611A7708BD094A0A41BE
:106B0000D207ECD4084A9A62D8221A6283F8242069
:106B10000422F0E7680F002018110020DEFEFFFFBE
:106B2000CFE90100EEFCFFFFA2E9010010F0FF0039
:106B300008B508D14FF0804301225A60C3F8000124
:106B4000034B187008BD7C21B52002F007FC00BF84
:106B5000950F0020014B01221A707047950F0020FD
:106B600008B548B94FF08043D3F8003113B9044B4E
:106B7000187808BD0120FCE7C221B52002F0EEFB29
:106B8000950F0020044B1868062818BFB0F1FF3F8E
:106B90000CBF0120002070471811002008B5094BD8
:106BA0001A680A2A02D1084B1B6823B1FFF7EAFFD3
:106BB00008B9082A04D14FF080430222C3F8342CCC
:106BC00008BD00BF181100201C110020F8B50F4EA1
:106BD0000127375404460D4605F08AFF60B934B9E1
:106BE0004FF08043B7707560C3F80473F8BD40F28E
:106BF00029116D2002F0B2FB002DF7D01CB9204600
:106C0000A8477460F2E74FF4A271F2E7980F0020F2
:106C1000044B191800228A7003EB80011A544A6051
:106C2000704700BF980F0020014B9881704700BF4C
:106C3000980F0020014BD889704700BF980F0020A3
:106C4000014B9889704700BF980F002010B5EFF3F3
:106C5000108472B6064B03441A7C0132D2B21A7405
:106C60001B7C012B01D105F037FF04B962B610BDC2
:106C7000980F002010B505F063FF05F039FF4FF0C5
:106C80008044084940B1FFF789FF012323610423B1
:106C90008B740023CB7410BD03238B740123C4F8C1
:106CA0000433F6E7980F002010B5EFF3108472B6A6
:106CB000094B03441A7C22B940F25B216D2002F09B
:106CC0004DFB1A7C013AD2B21A741B7C0BB9FFF748
:106CD0002DFF04B962B610BD980F0020024B987CBE
:106CE000003818BF01207047980F002038B5164CA7
:106CF000237D23B940F20A316D2002F02FFB637D22
:106D0000C3B9A37DB3B1E27C013B9A4212DA05F02C
:106D1000EFFE054602F062FCA37D012B82BFE37CFF
:106D20000133E37455B1A369C31A0133022B09D9A6
:106D300035B1A061BDE83840FFF79CBFE369F3E7D8
:106D4000E061F7E738BD00BF980F002073B51B4D19
:106D50006B7D63B9286A00F0030005F0E1FE30B1F5
:106D6000EFF3108372B6AA7C1AB103B962B602B00F
:106D700070BD0122AA7403B962B64FF080430822A5
:106D8000C3F808234FF42073ADF80630BDF8064071
:106D9000A4B2631E9BB2ADF80630002CF6D14FF0C2
:106DA00080460748C6F80C4105F01FFF85F82540CE
:106DB000FFF760FF0823C6F80433D8E7980F0020D8
:106DC000BC0F00202DE9F347484C237D002B00F039
:106DD0008A800323ADF804304FF08043D3F800518C
:106DE000F5B9D3F80481B8F1000F09D04FF0804312
:106DF0000022C3F804210222C3F80823FFF7A6FFEC
:106E000094F825603A484FF08047F6B2D7F80C81E5
:106E100005F0EFFE48B340F247316D2002F09EFAD4
:106E200000258DF804500122D3F80481C3F808230B
:106E30000DF10409271DA61C19F8010B03280AD01F
:106E4000337843B13B684FF0000A86F800A013B1D5
:106E50009847C7F800A06B1C022B07F1040706F146
:106E600001064FF00105E7D1BDE745B1A37C032B37
:106E700005D10423A374FFF791FE01233B61B8F110
:106E8000000F1FD04FF080430022C3F80C21A37CD9
:106E9000042B02D040F26D31BFE7164B1A680A2A64
:106EA00002D1154B1B6823B1FFF76CFE08B9082A05
:106EB00004D14FF080430022C3F8342C0223A37482
:106EC00005F041FE4EB1002384F82530A37C022B4F
:106ED00001D1FFF7CFFE05F036FE054802B0BDE850
:106EE000F04705F095BE02B0BDE8F087980F00208E
:106EF000BC0F0020181100201C11002010B5054CFB
:106F0000206A00F0030005F00BFE0028F8D00020F6
:106F100010BD00BF980F0020F8B5054650B10278AB
:106F2000042A07D8437842B9013B1F2B02D8837843
:106F3000212B07D96FF0150075E0002BFAD183786B
:106F4000002BF7D17B4B0127C3F88070BFF34F8F25
:106F5000BFF36F8F4FF08046C3F88071764C0B23E0
:106F6000C6F808330023C6F80031C6F80431C6F865
:106F70000C3123746374AB88E38105F0BCFD08B168
:106F800027702774D6F80C24D6F80C34D20303D516
:106F9000DF0701D5FFF7DEFD4FF4AF63A3812B7848
:106FA000A978637500222262A175E274042B4DD882
:106FB000DFE803F005033A484A000123236205F0A5
:106FC000A1FD00284DD005F0A4FD236A03F00303C2
:106FD000984246D1AB79002B3DD1FFF78FFFA37DBF
:106FE0006BB12B785BB905F083FD054602F0F6FA2C
:106FF0006FF00043002D00F09980C4E906034FF0C4
:107000008043D3F80C24D3F80C34D20303D5DB0728
:1070100001D5FFF79FFD474A01230020A074237587
:10702000C2F880311360F8BD05F08AFD4FF080434F
:10703000D3F80C14D3F80C24CE03F9D5D007F7D528
:107040000223BBE73D4BB9E73D4BB7E740F2225186
:107050006D2002F083F94FF080430222C3F804232D
:10706000BDE74FF080430122DA600022C3F804211B
:10707000226AC3F81825334A1368A3F10E010129C7
:1070800004D90A2B02D0FFF77DFD48B14FF08053A1
:107090004FF08041D3F84432C3F34233C1F83C355A
:1070A0001368A3F10E02012A04D90A2B02D0FFF7BC
:1070B00069FD20B14FF080430122C3F84C254FF009
:1070C000804301229A600222C3F80423AA79002A8D
:1070D00085D1D3F80423910702D440F2D541B7E714
:1070E000194A1669116941F010011161D3F8043190
:1070F00006F010060BB905F098FD4FF08047D7F861
:10710000043183B1FFF7FAFE26B90F4A136923F061
:10711000100313614FF080430222C3F808230022BA
:10712000C3F804215BE705F07EFDE8E7C4E906301B
:1071300065E700BF00E100E0980F002001000200B9
:10714000010003001811002000ED00E010B50D4C07
:1071500004F1240005F04DFD48B9A37C022B01D1B8
:10716000FFF788FDBDE81040074805F051BD074A0C
:10717000012384F82530BDE81040C2F8003105F045
:10718000DFBC00BF980F0020BC0F002000E100E032
:1071900038B50C4B0C46197919B183216F2002F0D8
:1071A000DDF860B95D790DB1002038BD01225A715A
:1071B000FFF74CFD21462846FFF708FDF4E76FF086
:1071C0001500F2E7C00F002038B50B4D2B790446AF
:1071D0001BB19A216F2002F0C1F850B96B790BB93D
:1071E000002038BDFFF714FD20466C71FFF75CFDF1
:1071F000F6E76FF01500F4E7C00F002010B501B3FB
:10720000F0B14FF0FF33104A1C46E0FB01349442CA
:1072100003D9DB216F2002F0A1F81A0D42EA0432F3
:10722000C3F30F10094B00EB02404FF22444B2FBB2
:10723000F4F103FB1100B0FBF4F040EA014001302F
:1072400010BD0846FCE700BF3F420F00000024F4D9
:10725000014B9B68184700BFC00F0020014BDB6843
:10726000184700BFC00F0020014B1B69184700BF23
:10727000C00F0020014B1B6A184700BFC00F002041
:10728000014BDB69184700BFC00F002008B5064B53
:107290001B7923B140F237116F2002F05FF8BDE88F
:1072A0000840FFF723BD00BFC00F0020034B1A7931
:1072B0000AB9FFF7BFBC988D704700BFC00F002010
:1072C000034B1A790AB9FFF7BBBC988A704700BF15
:1072D000C00F0020024B1B790BB9FFF737BD704779
:1072E000C00F0020014B9B69184700BFC00F002052
:1072F00010B5144C2379A3B1636A9847002806DBC4
:1073000094F82E3023B1012384F83030002010BDD2
:10731000FFF7E8FF0028F6DA40F28D116F2002F047
:107320001DF8094BA361094BE361094B2362094B2B
:10733000A360094BE360094B2361FFF7EDFD0028D3
:10734000E1D0E4E7C00F0020FD6E00004D710000A9
:10735000DD6C000041CB000047CB00004DCB0000AE
:1073600038B5084B1D79044625B140F2E1116F2074
:1073700001F0F4FF01F080F82046FFF755FC2846A5
:1073800038BD00BFC00F002008B5074801F062F803
:10739000054800F021F801F0CBFA01F0ADFA00F059
:1073A000B3FB012008BD00BFF40F002001F05EBC5C
:1073B000103001F083B800BF01F098B801F052BD61
:1073C00001F01ABE01F02CBE01F0CCBC08B527219B
:1073D000032001F0C3FF00BF024B186000221A71A6
:1073E0009A607047FC0F002070B582B01E4C237964
:1073F000012B11D0DAB2022A0BD1A0680DF10701DE
:1074000000F0A8FB0023A36023719DF8070002B0E1
:1074100070BD012002B070BDA0680DF1070100F041
:107420008FFBA5686B7DDB07ECD5AB7F042BE9D028
:1074300001F0A0F806460028E4D001F0A1F82A697E
:10744000B3682E686D68961945F1000500220A336D
:1074500042F100021B1842EB0102B342AA41D1D310
:10746000A06800F05BFCCDE7FC0F0020837F0BB130
:107470000020704710B50A684B688C68D1F80CC0C2
:10748000C0F80CC08460026043600A694B694361C4
:10749000012402618477054B1A792AB998601C711E
:1074A00000F0FEFF204610BDFFF790FFFC0F00200C
:1074B00070B5044682B00D4601F05CF8A37F012B45
:1074C00017D02B686A68A9680646E868E060A16082
:1074D000236062606A692B69626101222361A2777D
:1074E0000DF10701204600F02BFB2EB1012002B068
:1074F00070BD002002B070BD024B0421186805F079
:1075000039FBF3E7FC0F0020024B0621186805F059
:1075100031BB00BFFC0F002010B5084B1A7952B9DF
:107520000446986002221A7100F0BAFFA07FB0FAF8
:1075300080F0400910BDFFF749FF00BFFC0F00209D
:1075400038B5837FC3B1044609E0A37F042B09D07B
:10755000A37F012B11D005F066FBA37F63B1A37F4E
:10756000032BF2D1EFF3108572B6204600F010FB2A
:1075700005B962B6A37F2BB938BD4FF482710320E1
:1075800001F0ECFEFF21032001F0E8FE10B582B00F
:107590000DF1070100F0DEFA044600F0EBFF10B138
:1075A000204602B010BD40F22111032001F0D6FEAA
:1075B00070B5054600F0DEFF08B3044600F0E0FFBA
:1075C000A4680346E41841F10006284633462246E3
:1075D00000F036FBA04271EB06034FF000050CD320
:1075E000001B6FF0010361EB0601834275EB0101A3
:1075F00000D370BD4FF0FF3070BD284670BD40F223
:107600002911032001F0AAFE2DE9F04104460F469E
:1076100000F0B0FF10B38568002362195B41064695
:1076200013B10020BDE8F08100F0AAFF2A1841F153
:1076300000033846A51843F1000800F001FBA842FA
:1076400071EB0801EDD301F011FB00F09FFAB36874
:10765000377523440120B360BDE8F0814FF4A37176
:10766000032001F07BFE00BF00F08ABF08B500F0E8
:1076700081FF08B1007D08BD4FF4CB71032001F0FC
:107680006DFE00BFF8B50369002B4ED1044601F032
:10769000EDFA05460E46FFF7E7FD78B3D4E900039F
:1076A000643546F10006A84273EB060223D3C4E911
:1076B0000003EFF3108672B600F05CFF054698B148
:1076C00000F05EFFAB6800220B3342F100021B1892
:1076D00042EB0101D4E90002834271EB02053CBF99
:1076E00003461146C4E9003106B962B62046BDE83A
:1076F000F84000F03BBB28463346D8E7FFF7E0FDF3
:10770000074600F04BFFB8422168626838BF384630
:10771000963546F10006401946F10003884273EBA6
:1077200002053CBF08461346C1E740F29D11032005
:1077300001F014FE2DE9F04F394B002483B01460A2
:107740001E680192002E58D056E90645844275EB1A
:107750000103A6F118080AD256F8083C1C1945F195
:107760000005A04271EB05033CBF04460D4656F8E8
:10777000103C4FF0000913F10A0C474649F1000391
:107780001CEB040C45EB030EBB6993B153E90645B2
:10779000644575EB0E0AA3F118060AD298F814B0E6
:1077A00013F804ACD34509D011D83746BB69002B78
:1077B000ECD14646304603B0BDE8F08FB3F804A0E4
:1077C000B8F81CB0AAEB0B0A1AF4004FEDD0019ADE
:1077D00007F1180C8442C2F800C075EB010C0AD204
:1077E00053F8082C141945F10005A04271EB050C63
:1077F0003CBF04460D46BF691FB9304603B0BDE823
:10780000F08F53F8103C13F10A0C49F1000EB0460A
:107810001CEB040CA7F1180645EB0E0E3746C5E726
:1078200008100020F8B5254C00226260EFF31081AB
:1078300072B6A3686360A260E26009B962B6636869
:107840006BB300259A79032AA3F1180028D01F688A
:1078500077B3BA79042AA7F1180384464FF00006DB
:107860000FD1818B9A8B521A12049A6944BF0CF182
:107870001806184642B19C46A2F118039A7F042AC2
:10788000EFD09B7F032B15D196B133681B68336013
:10789000C3688577022198476368002BD2D1F8BD71
:1078A000196853F80C2C9D71616001219047F3E732
:1078B0006760EDE763219F2001F050FD0810002074
:1078C0002DE9F043224E34686CB30025A8464FF0F2
:1078D0000409AE462346246853F8187C53F8082C54
:1078E000D21953F8147C47F1000C82427CEB010C56
:1078F0001BD205B32A6812682A6083F80690B26822
:1079000083F800E083F801E083F802E083F803E005
:107910007AB1F2681360F3604FF00108002CD9D1FE
:10792000B8F1000F0DD1BDE8F0831D46002CD1D178
:10793000F6E7B360EFE73268002ADED01268326003
:10794000DBE7044BBDE8F043187801F0ADBE00BFA3
:1079500008100020740000202DE9F04F684B0468E7
:10796000D3F8008085B0054682838A464068B8F126
:10797000000F00F0BB800026A8F11802B446D2E93F
:1079800000366F7D9C4270EB060107F00107C1468F
:107990002AD3F7B192F814C0297D8C4519D8916883
:1079A000C91846F1000311F10A0843F1000E4445DD
:1079B00070EB0E0658D22E69361940F1000CB04516
:1079C0007EEB0C0B01D24646F4468E427CEB030C58
:1079D00050D39369944673B1A3F11802D2E90036EB
:1079E0009C4270EB0601D4D2C846002F00F086807E
:1079F0001346624602E0C846002F58D0AE683619DA
:107A000040F10009002B66D0CDE90082D3E9007176
:107A100016F10A0C49F10002674571EB020258D2D7
:107A20001A7D95F814C0944519D39A68D21941F17A
:107A3000000112F10A0841F1000E444570EB0E07F7
:107A400051D22F693F1940F1000CB8457EEB0C0B69
:107A500001D24746F44697427CEB010C0AD39B695E
:107A6000002B36D0183BD1E7264684468E427CEB6D
:107A7000030CAED2224A0423AB77916800232B7605
:107A80006B76AB76EB7605F118021D4B002933D0EF
:107A9000DB681A601B4B1A491878CA6001F004FEB3
:107AA00000258AF8005005B0BDE8F08F936929469B
:107AB00041F8183F916103AA00210020FFF73AFE28
:107AC0002D1AB5FA85F56D098AF8005005B0BDE8A4
:107AD000F08FDDE90082002AE8D12B46084A43F8FE
:107AE000188F1360E7E727468446B4E76B7DDB0712
:107AF000F3D54246434681E79A60CBE76246EAE720
:107B0000081000207400002010B50A4C2378FF2BC9
:107B10000AD1094801F09EFD084B207000221A602E
:107B20009A60DA601A8210BD4FF483719F2001F0D1
:107B300015FC00BF7400002025780000081000200C
:107B4000034B1A8A02F1010CA3F810C0FFF704BF1F
:107B50000810002030B583B004460D4601AA00216C
:107B60000020FFF7E7FD0346E31AB3FA83F35B094E
:107B700005482B7004F1180105F022F810B100231C
:107B8000A377012003B030BD08100020FFF798BE96
:107B900070B5154EB368054600F11801BBB1B36866
:107BA000002423B913E01A681C4682B11346994297
:107BB000F9D10CB1AA692260B268914204BF1B6876
:107BC000B360F36899420AD00023AB7770BD0748D1
:107BD00004F0F6FF0028F9D00023AB77F6E7002386
:107BE000F460AB77F2E700BF081000200C10002013
:107BF00030B5054683B00C46FFF762FE01AA284661
:107C00002146FFF797FD28B1054B00F118025A6194
:107C100003B030BD024B02465A6103B030BD00BF15
:107C20000810002010B5054C6169204604F0C8FF1B
:107C300018B1606900231838636110BD0810002076
:107C40001C49096839B3A1F1180C9CF81410814241
:107C50001DD870B5DCE9004112F10A0543F1000EB0
:107C6000AC4271EB0E0620D2DCF81060341941F101
:107C70000001AC4271EB0E0115D2DCF8181071B1A5
:107C8000A1F1180C9CF814108142F6D8E2E7DCF858
:107C900018100029D7D14FF0FF30014670474FF040
:107CA000FF30014670BD2C467146B4F10A0041F127
:107CB000FF3170BD0810002010B5837F022B06D065
:107CC000837F012B02D0837F042B1DD110BD437D08
:107CD00013F0020313D103210E4A817794680376CF
:107CE00000F1180143768376C3765CB1D3681960DE
:107CF000094BD160BDE81040187801F0D5BC0023D5
:107D0000837710BD9160F3E74FF4FA719F2001F083
:107D100025FB00BF081000207400002070B5114D35
:107D200000F1180604463146284604F049FF98B190
:107D30000423A377AA68002323766376A376E376E9
:107D400042B1EB681E60084BEE601878BDE87040E9
:107D500001F0AABCAE60F6E74FF4FF719F2001F07E
:107D6000FDFA00BF08100020740000202DE9F04F3C
:107D7000066983B0002E70D1D0E900158368077DB5
:107D8000EFF3108472B6DFF8DCC0DCF80020002AC4
:107D90005CD013F10A0EBCF81080CDF8048046F1D7
:107DA0000006183AB046D2E9003611EB0E0A45EB50
:107DB00008099A4579EB060C48D38B4276EB050C03
:107DC00028D3D2F810C01CEB030C46F1000BD445AD
:107DD0007BEB090B34BF4FF0010C4FF0000CBCF1F2
:107DE000000F13D092F814C0BC4526D034BF4FF01A
:107DF000010C4FF0000CBCF1000F07D013F10A0189
:107E0000936846F10005591845F100059269EAB1F9
:107E1000183AC8E7D2F808A013F10A0C46F1000995
:107E20001AEB0C0C49F10009614575EB090934BFE7
:107E30004FF0010C4FF0000CD1E7B2F81CC0DDF898
:107E40000490ACEB090CCCF3C03CD4E704B962B6A7
:107E5000C0E9001503B0BDE8F08F40F21D219F205E
:107E600001F07CFA08100020024B0521186804F08C
:107E700081BE00BF20100020054B586810B1C368B8
:107E80000521184710B54FF42471B02001F066FAAF
:107E9000201000202DE9F0471646002B7FD0D3E9B3
:107EA0000089804579EB01033CBF89468046554CEB
:107EB00005460F464FF0000A40464946C4E902898C
:107EC000C4F810A001F028F9A38AB8EB050503F166
:107ED000640369EB07075246AB42BA4116DBA3695C
:107EE00003F2A3139D4277F1000720DA464AC4F853
:107EF000288040464946C4F82C9000F0DBFD434AF8
:107F0000052384F830303260BDE8F087627F237F3C
:107F100042B39A1E012A1FD9A16984F81DA0012B22
:107F200001F2A31151D08D4277F10007DEDB01F0A1
:107F3000FFF8FFF793F9A369334AB8EB030069F13F
:107F40000001C4E90A0100F0B5FD02232F4A84F8BC
:107F500030303260BDE8F087236A01209847237FE4
:107F600084F81DA0A269012B02F2A31211462CD0A5
:107F7000032BD8D1954277F100072ADAA08A224A4A
:107F8000B8EB000069F10001C4E90A0100F092FDBC
:107F900006231E4A84F830303260BDE8F087194C61
:107FA000637F1BB1237F023B012B26D90025657718
:107FB00001F0BEF8FFF752F901F0B0F82B46144A71
:107FC00084F830303260BDE8F0878D4277F10007E9
:107FD000D4DB01F0ADF8FFF741F9A08AA369834231
:107FE000AAD2B8EB0000084A69F10001C4E90A010D
:107FF00000F060FD054A012383E7236A01209847CA
:10800000D4E700BF20100020697E0000B581000089
:108010008581000002392DE9F04104292DD8DFE8DF
:1080200001F00309292C0C00164A137F003B18BFEE
:10803000012353770020BDE8F081044600F006FDDF
:1080400000F014FE0E460746FFF7D2FD0D4D8046A8
:108050006868FFF731FE2246384631464346002421
:1080600000260027C5E902676C60FFF713FF0220B6
:10807000BDE8F081FFF7B8F9DCE740F23B21B02022
:1080800001F06CF9201000202DE9F04F394C94F8E4
:108090001DA0A76983B08146BAF1000F39D1237FB3
:1080A00003F0FD03012B48D000F0E0FD10EB0708C2
:1080B00005460E46404641F100010191FFF798FD4B
:1080C000002840D0D0E900B30199D84571EB0302F4
:1080D00022D30022C4E90281284631462261264A81
:1080E0000193A562E66200F0E5FC019B5846194643
:1080F00001F012F8BAF1000F15D0A38A1F4A9F426F
:1081000013D0022384F83030C9F8002003B0BDE852
:10811000F08F4FF0000AC7E7BBEB070563F10006DD
:10812000D8461946D5E7154AEBE7012384F83030E5
:10813000C9F8002003B0BDE8F08FA28A97429A46A2
:1081400038BF1746B0E7637F1BB1237F023B012B8B
:108150000CD90025657700F0E1FF094AC9F8002035
:108160002B4684F8303003B0BDE8F08F236A01203D
:108170009847EEE720100020697E0000B5810000DE
:1081800085810000032910B506D801290AD84FF4CB
:108190009E71B02001F0E2F80429F8D10446FFF7FF
:1081A00023F908B9002010BD2046FFF76DFF02201B
:1081B00010BD00BF023970B50446032900F23A81B0
:1081C000DFE801F0060214089F4B002283F83120FB
:1081D000002070BD9C4D95F83030013B052B00F21E
:1081E0002E81DFE803F03741646E9A90964D95F842
:1081F0003030042B0FD8022B24D8013B012B00F286
:108200001481FFF7F1F80028E2D000F01DFD2046B0
:10821000FFF73AFF75E0053B012B00F20681FFF7FF
:10822000E3F80028D4D000F00FFD00F01FFD064653
:108230000D46FFF7DDFC2246034629463046FFF790
:1082400029FE5EE0FFF7D0F80028C1D0012385F8B1
:108250003130BDE72C7F04F0FD04012C6AD040F2E0
:108260008311B02001F07AF800F05AFFFEF7F0FF1A
:1082700000F0FCFCAA6A2B69821A287F9A4200F05F
:10828000FD00B8BF1A460128D5E902312A616FD036
:10829000323B41F1FF31981841EBE2716B4AC5E97D
:1082A0000A0100F007FC042385F8303090E72C7FAA
:1082B00004F0FD04012C6BD04FF4DA71B02001F012
:1082C0004DF800F03DFF002800F0A08095F83160E7
:1082D000002EAAD1FFF7A6FC0028A6D06860C5E949
:1082E0000D6600F0A7FB6868022383773146C368F8
:1082F0009847D5E90201FFF749FC554B85F83060F6
:108300002360022070BD2C7F04F0FD04012C5AD0A4
:108310004FF4FD71B02001F021F8FFF783FC002835
:1083200083D000266860C5E90D6600F083FB6868AD
:108330000223DAE7687F002891D12B6A98476C778F
:1083400000F094FCAA6A2B69A969821A9A42B8BF04
:108350001A46AB682A61581AE9683C4AA86261F17A
:108360000001E96200F0A6FB022385F830302FE718
:10837000687F00288CD1A88A344A181A61F100015C
:10838000C5E90A0100F096FB032385F830301FE7AA
:108390006E7F002E90D100F069FCAA6A03469B1AFA
:1083A0002A699342B8BF134630462B612B6A98471F
:1083B000D5E9023229696C77323B42F1FF32581815
:1083C00042EBE1716AE76E7F002EA1D100F04EFC16
:1083D000AA6A03469B1A2A699342B8BF13463046DD
:1083E0002B612B6A9847D5E9023229696C77323BB9
:1083F00042F1FF32581842EBE171144AC5E90A0113
:1084000000F058FB052385F83030E1E6002000211C
:10841000FFF7EEFB08B1FFF781FC00F089FEFEF7E5
:108420001DFF2046FFF730FE6BE740F27911B020C8
:1084300000F094FF40F21521B02000F08FFF4FF4C0
:108440000471B02000F08AFF20100020697E000037
:108450001580000010B5064A064C0260002320601B
:1084600084F830302377FEF72BFF5130A06110BD28
:10847000858100002010002008B5074B074A1968C5
:108480000968914202D15130986108BD40F27521CE
:10849000B02000F063FF00BF2010002085810000A5
:1084A00010B5EFF3108472B6034B0421186804F082
:1084B00061FB04B962B610BD2010002008B5094B5D
:1084C0005A684AB1D3E902218018BDE80840064A3B
:1084D00041F1000100F0EEBA40F29621B02000F028
:1084E0003DFF00BF20100020797E000008B5064B3C
:1084F0005B681BB1BDE8084000F0A6BB4FF42771D4
:10850000B02000F02BFF00BF2010002008B5054B65
:108510005A680AB1586308BD40F2A221B02000F0A9
:108520001DFF00BF2010002008B5054B5A680AB196
:10853000986308BD4FF42A71B02000F00FFF00BF10
:1085400020100020044B9B6B03B1184710B540F27C
:10855000AE21B02000F002FF20100020044B5B6B26
:1085600003B1184710B54FF42D71B02000F0F6FE9E
:1085700020100020014B5868704700BF20100020D9
:1085800008B5054B5A6812B1D3E9020108BD40F2A3
:10859000BF21B02000F0E2FE20100020044A137F2B
:1085A00003F0FD03012B0CBF908A0020704700BF31
:1085B00020100020054B1B681BB1D3E908200421C3
:1085C000104710B57221452000F0C8FE6010002051
:1085D000054B1B681BB1D3E908200321104710B5D8
:1085E0006C21452000F0BAFE601000202DE9F0411A
:1085F00004460D4679B9174F3B683BBB16483C60B3
:10860000FFF784FF1548FFF78FFFFFF72DF8637D15
:108610005B07064605D4D4E908302946BDE8F04199
:108620001847FEF7CBFE2036361A7E6000F09AFB24
:108630000028FBD00A4B0022C3F8A8252946C3F81E
:10864000AC25D4E90830BDE8F04118478621452023
:1086500000F084FE60100020D1850000B585000088
:1086600000F00140024B00221A601A81704700BFDF
:108670006010002008B5074B1A683AB10648D06070
:1086800000211960BDE80840FEF73EBFB921452032
:1086900000F064FE60100020ED850000C0E90812C3
:1086A0002022002101F032B930B587B04B7A002288
:1086B0000D460592CDE900220492C3F3800282F0B8
:1086C00001024FF0000162F3820104462A78287A01
:1086D0008DF815108DF8140069682B4802910390ED
:1086E000002A40D1D5E904209DF815C01CF0040FE4
:1086F000CDE9002028D19DF815202449C3F340037B
:108700005B0043F0010322F0030213438DF81530A0
:108710004B68C3F308038BB1103B5BB2002B1CDB2F
:1087200003F1604303F5614393F800335B092BB910
:1087300069462046FEF7BCFE07B030BD69462046BC
:10874000FEF794FE07B030BD203A01F1200140F160
:10875000FF30009202910190CDE703F00F0319441E
:108760000B7D5B09E3E72B690493FEF71FFE9DF881
:1087700015305B07CDE9000104D5029A6B7A2032EF
:108780000292B8E76B7AB6E7ED85000000ED00E0F5
:108790000D4A5368C3F308036BB1103B5BB2002B67
:1087A0000BDB03F1604303F5614393F800335B098E
:1087B0000BB9FEF7EBBEFEF7AFBE03F00F031A4492
:1087C000137D5B09F4E700BF00ED00E010B503780E
:1087D00086B0B3B90446D0E90401CDE90433CDE94C
:1087E00000010393217A6368029368468DF81410A0
:1087F000FEF748FFDDE900230120C4E9042306B0A9
:1088000010BD4FF4AB71452000F0A8FDFEF798BEF7
:1088100030B50C7887B07CBB4B7A05940C7A8DF818
:108820001440C3F3800E174C4D6803948EF0010E74
:10883000D1E904414FF0000C6EF3820C1CF0040FE0
:10884000CDE900418DF815C0029507D0203C05F117
:10885000200541F1FF310094029501919DF81540EA
:108860000492C3F3400363F3410469468DF8154055
:10887000FEF7FCFD07B030BD40F21F21452000F09F
:108880006DFD00BFED85000070B4EFF3108672B689
:1088900017490D78ADB1174BD3F80445D3F84831DB
:1088A0004FF6FF7294421FD0E3B147F6FE739C422D
:1088B00018D84B68013306B962B6C0E9004370BCF2
:1088C00070470C4AD2F80445D2F8043153B14B68D2
:1088D00001334B60C2F80451D2F80445D2F8043198
:1088E000002BF4D14B68E6E7002BFBD11C46F9E7DF
:1088F0009810002000B0004010B50A4C00222274ED
:108900002277094B094801215960C3F84025C3F873
:1089100040214FF400221961C0F8082500F012FF31
:10892000206210BD981000200080004000F001403F
:108930003749384BF0B44D6A374C002201204A6069
:1089400058609860C3F80843C3F84843C3F804214B
:10895000C3F84021C3F84421C3F84821002D55D065
:108960002E4C2F4EC4F8A8652E4AC4F8AC55C4F856
:108970005C394FF40023C4F804350523C2F84035B0
:108980001060D2F84031002BFBD024480023012492
:108990004FF40025C0F808555460D460C2F8403147
:1089A000C2F84035C0F8A835C0F8AC35C0F8AC35D1
:1089B0000B7833B391F82840184816491A4E1B4DCE
:1089C000E30003F1804303F5F8330122A2404FF6A0
:1089D000FF774FF48024C0F80825C1F84443C1F85C
:1089E0004875C1F80443C3F81065C3F81455C0F8BE
:1089F00004250F4B4FF40062C3F88021F0BC1A60CD
:108A00007047044B0222C3F80423F2E71860CFE753
:108A10009810002000B000400200070000F0014064
:108A2000408100400080004048B1004008B0004054
:108A300000E100E0044B4FF080411A6A0123C1F8C5
:108A400008351360704700BF9810002010B4144C14
:108A50001449154A0023C4F8A8350120C4F8AC35E0
:108A60004FF0FF3448600861C1F808430F4891682F
:108A70004FF48074C0F8804141B10D494FF480300B
:108A8000C1F808031374C1F840319360126A10BC36
:108A90004FF080410023C1F808351360704700BFD4
:108AA00000F00140008000409810002000E100E04C
:108AB00000B00040F0B55A4CA36883B0002B40F0E2
:108AC0009F802578A260002D5CD1564B994200F220
:108AD0009C80430F544E554F43EAC101A6FB01321F
:108AE000C0F34F33920B03EB014307FB1233A6FB9A
:108AF00003639B0B43EA02434D4A02FB1300420B04
:108B000048F2376101FB02F2120C43F6095749495A
:108B100007FB120000FB01F1490D43F6085601EB7B
:108B2000422207FB0161B0EB512F88BF01320026C2
:108B3000002D41D01F0C1B049D18684647F100070B
:108B4000FFF7A2FEDDE90032053346F100064FF4DF
:108B50008031E2FB01369D4277EB060647D32A0CB3
:108B60004FF6FF71ADB242EA0742002D08BF0D4635
:108B700031494FF48030C1F84055E260C1F8040338
:108B800003B0F0BD2D4B994244D8430D264E274FDC
:108B900043EAC121A6FB0132C0F34F13920B03EB52
:108BA000014307FB1233A6FB03639B0B43EA02431B
:108BB000234A02FB1300A2E71F0A1B069E18684601
:108BC00047F10007FFF760FEDDE90032053345F1AC
:108BD00000054FF08071E2FB01359E4277EB050501
:108BE00005D3320E42EA072226F07F45C0E7FF2375
:108BF0002374144B4FF40062C3F8002103B0F0BD9E
:108C000040F2F921052000F0A9FB4FF494710520F2
:108C100000F0A4FB40F22311052000F09FFB00BFF1
:108C200098100020FF7F841E83DE1B43000024F485
:108C30000080841E6F0C010000B000407F841E0085
:108C400080841E0000E100E0064B9A684AB10649A4
:108C50004FF48032C1F8082300221A74C1F8402171
:108C60009A6070479810002000B0004070B4EFF395
:108C7000108572B6364C207820B3364BD3F80425D5
:108C8000D3F848614FF6FF739A4252D043F6095128
:108C9000C2F3080301FB03F3500A01FB00F003F5E4
:108CA000807300EB53200021002E45D047F6FE7361
:108CB0009A4241D86368013325B3274A70BCE3FB6D
:108CC00002017047234AD2F80435D2F8041111B3D7
:108CD000636801336360C2F80401D2F80435D2F846
:108CE00004110029F4D143F6095CC3F30802580AC1
:108CF0000CFB02F202F580730CFB00F000EB53203A
:108D000063681DB962B62278002AD6D1134AE3FB04
:108D1000020170BC704743F60956C3F30802580AB3
:108D200006FB02F306FB00F003F5807300EB532013
:108D3000E6E71EB10A4800216368BDE7636815B91C
:108D400028462946DEE7044A30463146DFE700BFC1
:108D50009810002000B0004080841E000080841E17
:108D600061841E0070B4EFF3108072B6384A157833
:108D70000DB3384BD3F80455D3F848614FF6FF7361
:108D80009D4256D043F60954C5F3080104FB01F196
:108D90006B0A04FB03F301F5807103EB51230024FC
:108DA000002E49D047F6FE718D4245D851680131F9
:108DB00008B3294824E02749D1F80435D1F8044103
:108DC0004CB3536801335360C1F80451D1F80435F2
:108DD000D1F80441002CF4D143F6095CC3F3080137
:108DE0000CFB01F15B0A01F580710CFB03F303EB53
:108DF0005123516818B962B610780028D9D11748A4
:108E0000E1FB0034D2E90C128B4294412CBF0120CB
:108E1000002070BC7047C3F3080143F609555B0A94
:108E200005FB01F105FB03F301F5807103EB512311
:108E3000DFE71EB10A4B00245168B9E7516810B949
:108E400003460446D7E7044833463446D8E700BF14
:108E50009810002000B0004080841E000080841E16
:108E600061841E002DE9F047DFF874815D4E012119
:108E700000234FF4002284B0C8F80410C8F840352D
:108E8000C8F84031C8F81010C6F80825D8F80425ED
:108E900022F00302C8F80425D8F8082542F003029E
:108EA000C8F80825102292FAA2F2B2FA82F2092A30
:108EB00000F39180C8F810254B4A4C4FC8F80C10AD
:108EC0004FF48070C2F880011060494AC8F804105D
:108ED000C8F80C10C6F8A8253A78C6F8AC8502A8E0
:108EE000002A56D0019306E00123C6F808A5C8F869
:108EF0000430C8F80C30FFF7C7FCDDE90243019DE0
:108F00004FF4002A4FF48039C6F804A5E3FB094565
:108F1000FFF7BAFCDDE902320199E2FB0931A9420F
:108F200008BFA342E0D1013443F60952C4F3080359
:108F300045F1000502FB03F3210EC4F34E2441EA80
:108F4000052102FB04F02D0E03F5807300EB532086
:108F50004C016B01641A43EAD16363EB0506B2016D
:108F6000A3011B1B42EA946262EB0602D20042EAB2
:108F70005372DB005B1845EB0205E903DA03801846
:108F800041EA534141F10001C7E90C0104B0BDE8D9
:108F9000F087019206E00123C6F808A5C8F804305E
:108FA000C8F80C30FFF770FCDDE90243019D4FF477
:108FB000002A4FF08079C6F804A5E3FB0945FFF7C6
:108FC00063FCDDE902320199E2FB0931A94208BFE5
:108FD000A342E0D1A7E7074840F29F3100F0B4F97F
:108FE0000080004000F0014000E100E09810002007
:108FF00000B100408CF0010010B5029C201841F136
:109000000001801A61EB0301B0F1004F71F1000122
:1090100000DA10BD40F2A931052000F09FF900BF31
:1090200070B4EFF3108572B6364C207820B3364B0F
:10903000D3F80425D3F848614FF6FF739A4252D013
:1090400043F60951C2F3080301FB03F3500A01FB85
:1090500000F003F5807300EB53200021002E45D073
:1090600047F6FE739A4241D86368013325B3274A15
:1090700070BCE3FB02017047234AD2F80435D2F8F2
:10908000041111B3636801336360C2F80401D2F8BC
:109090000435D2F804110029F4D143F6095CC3F376
:1090A0000802580A0CFB02F202F580730CFB00F078
:1090B00000EB532063681DB962B62278002AD6D12E
:1090C000134AE3FB020170BC704743F60956C3F331
:1090D0000802580A06FB02F306FB00F003F5807352
:1090E00000EB5320E6E71EB10A4800216368BDE7A4
:1090F000636815B928462946DEE7044A30463146FA
:10910000DFE700BF9810002000B0004080841E0000
:109110000080841E61841E00704700BF704700BF3E
:10912000024B0122C3F84423704700BF00B0004047
:10913000024B0122C3F84823704700BF00B0004033
:1091400008B5FEF791F830B9074A936B0133312B1C
:10915000936304D808BD044B00229A6308BD4FF402
:109160008061052000F0FAF89810002010B53F4CFF
:10917000237882B0002B55D03D4BD3F80423520303
:109180005BD43B4BE168D3F80423D00334D5D3F848
:109190004031002B30D0636899425DD8002323749E
:1091A000334AA168C2F840314FF48030C2F8080356
:1091B000002955D0A36088472D4BA169D3F804231B
:1091C000920324D5D3F844310BB363688B423FD369
:1091D00000222277264B6169C3F844214FF4003006
:1091E000C3F8080300293BD08847214BD3F840310E
:1091F0000193019B02B010BD6268237C002BCDD18E
:109200009142D9D91A4B0022C3F84021D4E76268B1
:10921000237F002BDCD18A42E7D2154B0022C3F812
:109220004421E2E7124AD2F804110029A9D0C2F879
:109230000431636801336360A3E7D3F84821002A4F
:109240009FD00022C3F8482163680133636098E728
:10925000237F002BE1D0BBE7237C002BD2D09DE7FE
:1092600040F24241052000F079F800BF981000203C
:1092700000B00040014B1879704700BFD8100020A3
:10928000044B1A79824283BF1B68602202FB0030C4
:1092900000207047D8100020BFF34F8F0549064BC0
:1092A000CA6802F4E0621343CB60BFF34F8F00BF84
:1092B000FDE700BF00ED00E00400FA05094B0122C4
:1092C0005A604FF0FF32C3F80823074B4FF4804237
:1092D000C3F88020BFF34F8FBFF36F8FC3F8802197
:1092E000704700BF00E0004000E100E0094B0122B0
:1092F0005A604FF0FF32C3F80823074B4FF48052F7
:10930000C3F88020BFF34F8FBFF36F8FC3F8802166
:10931000704700BF00C0004000E100E0084B0022A1
:10932000C3F8FC2F0122C3F8FC2F064B0222C3F81E
:109330008020BFF34F8FBFF36F8FC3F8802170473A
:109340000010004000E100E008B572B6024B5B6817
:1093500003B19847FFF7A0FFE01000201FB572B6D9
:10936000134B5D6895B9FFF797FF2346B2FBF6F202
:109370005C1C002AF9D104AEDCB256FA83F303F880
:109380000C2C0A2234B901A8A847ECE702460023B6
:109390000A26EDE7631E04AEDCB256FA83F3B0FB97
:1093A000F2F602FB1600303003F80C0C3046E9E709
:1093B000E0100020F8B51F4E337805460C461746DE
:1093C000A3BB00F0B3F9FDF773FB77603472FFF7CE
:1093D000A5FFFFF78BFFFFF771FF174B002D14BFA1
:1093E00028461846FDF784FF0546E8B9FFF73AF925
:1093F000FDF770FF03F0ADFBFDF7C6FF18B9B8210C
:109400001120FFF7ABFF002C0CDB04F01F026409F6
:10941000A40004F1604404F5614401239340C4F8BE
:1094200080312360012333702846F8BD4FF0FF35AB
:10943000FAE700BFE010002000EA0100074B93F9B3
:109440000830002B09DB5A09012103F01F03994062
:1094500002F14003024A42F823107047E010002056
:1094600000E100E0014B1878704700BFE0100020D9
:10947000F0B5284D284C294F83B02E780136F6B22E
:10948000D5E84F3F0133DBB2C5E8423F002AF7D1B0
:1094900001236360C4F80021C4F80421EFF31082B3
:1094A00072B6C4F80405236052B962B608E0D4F875
:1094B00004314BB92B789E4206D13B69DB0613D4AD
:1094C000D4F80031002BF2D0D4F80431002BD4D1E1
:1094D0002A78B242D1D10322C4F80031C4F8043151
:1094E000C4F8082303B0F0BD0D4B03214FF48042B4
:1094F000C4F80413C3F88021D4F80031002BDFD165
:10950000D4F80431002BDBD1019003F08CFB0198DF
:10951000D6E700BFE910002000E0004000ED00E0C9
:1095200000E100E070B51446DA078CB01D468646AF
:109530008C4633D5C36842681BBA0093CB681BBA0C
:10954000049383681BBA019303681BBA03938B6867
:1095500012BA1BBA029205934A680B6812BA1BBA78
:109560006E46069207933046FFF782FFAB070DD594
:10957000DDE90A10DDE9083200BA09BA12BA1BBAED
:1095800020606160A260E3600CB070BD08AD0FCDDB
:1095900020606160A260E3600CB070BDDEF8041072
:1095A000DEF80820DEF80C300068EE46AEE80F006A
:1095B000DCF80000DCF80410DCF80820DCF80C30E3
:1095C0006E46AEE80F00CEE710B5002482B0CDE9BC
:1095D0000044FFF7A7FF02B010BD00BF1A4B4FF4C5
:1095E000805270B5C3F88020BFF34F8FBFF36F8FE9
:1095F000164C174D0021C4F80011C3F880212E69C4
:109600002B6943F010032B610123C4F8043306F0E7
:1096100010062360D4F800319BB11EB92B6923F0EA
:1096200010032B610123D4F808056360C4F80833E4
:109630000023C4F80031044B4FF48052C3F880215A
:1096400070BD03F0F0FAE5E700E100E000C0004083
:1096500000ED00E00B4938B5042301EBC302157996
:1096600005F0FF042DB1013BF7D240216920FFF73F
:1096700075FE41F833000121547194711171D8B213
:1096800038BD00BFEC100020042808B503D94721DD
:109690006920FFF763FE034B03EBC00300221A713E
:1096A00008BD00BFEC100020042808B503D95021E4
:1096B0006920FFF753FE094B03EBC0000379012B30
:1096C00001D05121F4E7437982790133DBB29A4228
:1096D00018BF4371BDE80840FFF7B0BEEC10002092
:1096E00038B5114D052495F8281005EBC1031A79FA
:1096F000012A09D158799A79904205D05A79D2B283
:109700009A7155F83130984795F828300133DBB21B
:10971000052B04F1FF3428BF002314F0FF0485F863
:109720002830E0D138BD00BFEC1000204FF080524F
:10973000034BD2F830111960D2F834215A607047C7
:1097400018110020084B1B68083B082B0AD840F270
:10975000211222FA03F313F0010F044B044818BF3F
:1097600018467047024870471811002000E7014072
:109770000C050040144B1B68062B03D0013301D0AD
:1097800020BF7047EFF3108072B6104A1369116959
:1097900041F0100111610E49D1F80021D1F80411F6
:1097A0000A4303F0100300D040BF20BF00BF00BF3A
:1097B00000BF00BF23B9054A136923F010031361EA
:1097C00000B962B6704700BF1811002000ED00E03C
:1097D00000E100E0914270B53FD2B2FA82F33BB1B2
:1097E000C3F1200420FA04F49940214398409A40A0
:1097F000150CB1FBF5FC05FB1C1E4FEA0E4E030CCD
:1098000084B20EEB10401FFA82FE0CFB0EF686426D
:1098100006D9361A964294BF01260226ACEB060CF6
:1098200003EB01430CFB1233B3FBF5F005FB1033E4
:1098300004EB034400FB0EFEA6454FEA0C4C09D98D
:10984000AEEB040E964594BF4FF0010E4FF0020EA2
:10985000A0EB0E0040EA0C0070BD73219620FFF7CC
:109860007DFD00BF2DE9F8431C4652EA040349D0B0
:10987000074615460E4684B9914204D2FFF7AAFF67
:109880002146BDE8F88321463046FFF7A3FF044692
:109890002A46384604FB1561F0E74FF00108B4FA98
:1098A00084F908FA09F3A3FB021220FA08F003FB7B
:1098B000042240EAC67026FA08F1FFF78BFFC9F1CF
:1098C0001F0230FA02F34FF0000C08D1404619464F
:1098D000AF42A6413CBF18466146BDE8F8835A1E18
:1098E00061466CEB0C0C05FB0CFE02FB04EE18460B
:1098F0001346A5FB0228BA1A0EEB080766EB07060B
:109900001746E5E7A6219620FFF728FD10F0030F84
:10991000C9B2034607D0BAB303F8011B13F0030F13
:1099200002F1FF32F7D170B5032A01EB012404EBF9
:1099300004441ED9161FB508032E05F1010521D9CF
:109940004FEA550E03EBCE0E9C46CCE900440CF1D9
:10995000080CF445F9D115F0010F04D025F00105EC
:1099600003EB85052C6026F003060433334402F034
:10997000030232B1012A197003D0022A597018BFAC
:10998000997070BD1D46EDE7704700BF844641EAFF
:10999000000313F003037DD1403A51D3F0B4F0C972
:1099A000F0C0F0C9F0C0F0C9F0C0F0C9F0C0403A52
:1099B000F5D2F0BC44E0403A42D300BF51F8043B3A
:1099C00040F8043B51F8043B40F8043B51F8043B99
:1099D00040F8043B51F8043B40F8043B51F8043B89
:1099E00040F8043B51F8043B40F8043B51F8043B79
:1099F00040F8043B51F8043B40F8043B51F8043B69
:109A000040F8043B51F8043B40F8043B51F8043B58
:109A100040F8043B51F8043B40F8043B51F8043B48
:109A200040F8043B51F8043B40F8043B51F8043B38
:109A300040F8043B51F8043B40F8043B403ABDD2A7
:109A4000303211D351F8043B40F8043B51F8043B49
:109A500040F8043B51F8043B40F8043B51F8043B08
:109A600040F8043B103AEDD20C3205D351F8043BD8
:109A700040F8043B043AF9D2043208D0D2071CBFA4
:109A800011F8013B00F8013B01D30B8803806046CD
:109A9000704700BF082A14D38B078CD010F0030343
:109AA00089D0C3F10403D21ADB071CBF11F8013BB4
:109AB00000F8013BFFF47FAF31F8023B20F8023B96
:109AC00079E7043AD8D3013A11F8013B00F8013B99
:109AD000F9D20B7803704B7843708B7883706046B3
:109AE000704700BF2FCC00003BCC00003FCC0000F3
:109AF00047CC00004BCC00007BB972B90029BEBF37
:109B000000204FF0004106E008BF00281CBF6FF0A6
:109B100000414FF0FF3000F057B8ADF1080C6DE98F
:109B200004CE002909DB002B1ADB03F0A0F8DDF8D6
:109B300004E0DDE9022304B07047404261EB4101DB
:109B4000002B1BDB03F093F8DDF804E0DDE90223D2
:109B500004B0404261EB4101524263EB4303704762
:109B6000524263EB430303F082F8DDF804E0DDE9E1
:109B7000022304B0404261EB41017047524263EB63
:109B8000430303F074F8DDF804E0DDE9022304B0D8
:109B9000524263EB4303704753B94AB9002908BFE7
:109BA00000281CBF4FF0FF314FF0FF3000F00CB821
:109BB000ADF1080C6DE904CE03F059F8DDF804E0CE
:109BC000DDE9022304B07047704700BF08B5F6F71F
:109BD00067FCF8F743F9F6F751FB002008BDF8F7EA
:109BE000CFB801F05FB801F060B8034602221A70E6
:109BF0009A7027225A7103229A717D22DA715322B8
:109C00001A7204225A726FF0720200209A726FF078
:109C100001025870D8701871DA72704700F047BEB0
:109C200070B5044602F0AAFE012805461AD1601C50
:109C300002F0ABFEB0B1A37963F03F03A371002043
:109C4000F8F70CFAE61D38B1102200213046FFF774
:109C50005DFE2570002070BD304602F0A9FE002890
:109C6000F2D0F6E70025F4E710B5102204460021F3
:109C7000FFF74CFE04F11003102200211846FFF7F5
:109C800045FE02F0AEFE0020F8F7E8F920B12046CC
:109C900002F08EFE002010BD02F070FE0028F6D00B
:109CA000F8E710B50446FFF799FCB0F5007F09DA34
:109CB00010F5007F08DD031EB8BF03339B1023702F
:109CC000002010BD7F23FAE76FF07E03F7E781786D
:109CD000008800F09DBF37B505460C4600880DF1A1
:109CE000060100F0CAFE2B882380BDF80630638091
:109CF00003B030BDF7B504462046F8F745FD02280D
:109D000005462ED004282CD12378072B18D13E20CD
:109D1000F6F7DAFB78B9E378227901A943EA02235E
:109D20006846ADF8003000F028FF0028E4D0532149
:109D30000820F6F767FA0520F6F70AFC0028EAD0B3
:109D4000204600F013F82678A7783046F6F7BCFBDB
:109D50000028D1D03E2E04D13846F6F7F9FB002872
:109D6000CAD0284603B0F0BD01F02ABC10B5037874
:109D7000192B044612D89BB1013B182B10D8DFE8F1
:109D800003F014190F444A50565C606272780F0F4A
:109D90000F1D666C7C82888E949AA000FF2B33D0B6
:109DA0004FF4ED71C720F6F72DFA0C23037008234A
:109DB000637029E01A2303700123F9E72920F6F7DD
:109DC000C7FB30B13E232370222363702923A37085
:109DD0001AE00A20F6F7BCFB3E23237018B11F23BC
:109DE00063700A23F3E70123A3701F236370E379F1
:109DF00003F00103E371D4F81A30C4F80E30E38B9A
:109E0000638294F82030237510BD3E230370042331
:109E100043701423DBE73E2303700C2343700423B9
:109E2000D5E73E2303700A2343700323CFE73E2385
:109E300003700D2343700523C9E705232370042312
:109E4000B6E70823FAE7302303700323B0E73E2385
:109E500003700B2343700723B9E73E2303700623E7
:109E600043700C23B3E71323037083789B00013303
:109E70009EE75723037002239AE73E2303700623CD
:109E800043701223A3E73E23037009234370132377
:109E90009DE73E23037005234370202397E73E236D
:109EA000037009234370212391E7FF2303700B23E1
:109EB0004370A2238BE7FF23037005234370A32382
:109EC00085E7FF2303700D23437080237FE708B5E8
:109ED00010B96FF0150008BDFFF746FF0028F8D055
:109EE0000020F8E710B50C4648B141B1FFF702FF7A
:109EF000002820700CBF6FF02200002010BD6FF012
:109F00001500FBE7F8B5941C0C446343B3F5004F10
:109F1000A8BF4FF0FF330E4610F003010546174669
:109F20009CB203D0B0211420F6F76CF9B4F5004FC1
:109F300001D9B121F7E714220430FFF7E7FCEF74F1
:109F40006C802E80F8BD38B50388C48805898B42A3
:109F5000C4F30E0203D2D1211420F6F753F984EA98
:109F60000503C3F30E030BB9AC4206D102F118038B
:109F70000122C1528274184438BD1846FCE70231F0
:109F800001444A43B2F5004FA8BF4FF0FF3290B2F0
:109F90001B3020F00300B0F5004F34BF00B24FF08B
:109FA000FF30704740881B3020F00300B0F5004FB1
:109FB00034BF00B24FF0FF3080B2704738B503882D
:109FC0008B4203D2F7211420F6F71CF9857C65B18A
:109FD000C388C3F30E031833C25A8A4207D3C1524F
:109FE000811DF6F7C9FA00238374284638BD002581
:109FF000FBE70346F0B59E88DD88B4B2A54200F1C8
:10A000001800C6F30E0616D05F89DD7C845B3D44E4
:10A0100002353544E41B28440D88A4B2A54288BF0C
:10A020000C805989B1FA81F14FEA511188BF254658
:10A030001170DD81F0BD00252846FAE7F8B5828869
:10A04000C389002604460D4692B20E60CBB1C2F31E
:10A050000E024189183287180B44825A9BB29342F0
:10A06000438104D94FF4A2711420F6F7CBF804D140
:10A07000011DF6F781FA46812F600023E38101205C
:10A08000F8BD1846FCE7838802899BB29A420146D4
:10A0900002D00831F6F770BA70478388C0889BB247
:10A0A000C31A584258417047828873B5C48895B224
:10A0B000AC42C2F30E0202F1180212D04189C689E5
:10A0C000835A314499420EDB0DF10601ADF806507A
:10A0D000F6F752FABDF80600001B18BF012002B0C7
:10A0E00070BD0020FBE70120F9E770B5C488068940
:10A0F00084EA0602C2F30E020346C4F30E051830CA
:10A100000AB9B4420FD19C891A880CB1465B921BE4
:10A11000914207DCDA7C2C440232224410440A4685
:10A120001A8270BD00221046FAE7F8B5038A002BA8
:10A1300038D08B4236D3C488858900F11803C4F324
:10A140000E041E1995B91D55757085891E5B0D4449
:10A15000ADB2314485811953D2B1811DF6F70CFAA5
:10A1600000238381002303820120F8BD1E5BAE42E1
:10A1700004D04FF4F6711420F6F744F8C57C878AB2
:10A180002644023535445E195F53857DB570DCE7A2
:10A19000C27C254402322A4499189B5A83828B78C8
:10A1A0008375DFE70020E0E78388C2889BB29A428C
:10A1B00006D0428922B9C3F30E03183318447047FE
:10A1C00000207047C37C0233C818704702307047C4
:10A1D00038B58388C2889BB29A4207D045892DB989
:10A1E000011DF6F7C9F9C581012038BD0020FCE743
:10A1F00003881380C388C3F30E03183303440B6032
:10A20000808970470368002223B9C0E90132031D29
:10A210000360704759681B680A44F5E7072970B561
:10A22000034604D84FF4EC711520F5F7EBFF0068F6
:10A23000C0B144681A688C42064610D0106860B9F4
:10A2400001F10805AC420DD3546850501868651AE6
:10A25000541800686560505002E01346E9E714683E
:10A260001C60304670BD0023C1E9003203680B60FA
:10A270000160704730B590B18478B1FBF4F304FB12
:10A28000131300EB430252898A4201D1D8B230BD88
:10A29000C27822B900F10803D0B2844201D8FF206D
:10A2A000F5E733F8025F8D4202F10102F4D1EEE7E7
:10A2B0008278038805324B4303EB4203184470470E
:10A2C00037B50024CDE9004405468DF80600684600
:10A2D000ADF80440F6F728FBBDF8044008B103B020
:10A2E00030BD29462046F6F7FBFA0028EFD040F2B1
:10A2F00035211720F5F786FF70B50D4609211E465A
:10A30000FFF73DFE3246044609212846FFF737FE97
:10A3100040EA04031B0454BF00194FF0FF3070BD26
:10A3200001230370704710B5FF238B70C2F38003C5
:10A330005B00DBB2CA180124127D032A08BF013377
:10A34000CA18147503F10C0401EB8303002221F8F1
:10A3500014205B688A700360828010BDF8B50C46DB
:10A3600084F001046400054611461E46E4B2FF2352
:10A37000837003191B7D012B06D0631CDCB250FADD
:10A3800083F31B7D012B0AD105EB44073B8B3A8CF1
:10A390009819904205DD2C4400233B83237500204F
:10A3A000F8BD05EB8404324660681844FFF7EEFA06
:10A3B0003B8B1E443E830023AB700120F0E781F00D
:10A3C0000101490010B5C9B2FF23837043181C7DF9
:10A3D000012C07D10C3120F8112002221A7500231C
:10A3E000837010BD0131CBB250FA81F10C7D012C8C
:10A3F00005D10C3320F8132002230B75EFE74FF43F
:10A4000099710920F5F7FEFE30B50246837803F016
:10A41000FF00F3B9137D022B19D0537D022B15D108
:10A420000346012089B1D5180C3300242C7522F87D
:10A430001340131803241C7502EB80035B680B6048
:10A4400000F10C0332F813308B80012030BD012362
:10A45000E8E70020FAE730B50346827802F0FF0013
:10A46000E2B99A7D022A17D0DC7D022C13D1032297
:10A4700081B11D190C340020287523F81400981898
:10A480000324047503EB82000C32406833F8123069
:10A4900008608B80012030BD0324E9E70020FAE743
:10A4A000037D012B01D1008B7047437D012B0CBF35
:10A4B000408B00207047837D012B01D1808B70473A
:10A4C000C37D012B0CBFC08B00207047027D022A88
:10A4D00001D1008B7047437D022B01D1408B704727
:10A4E000032AF6D0032BF9D000207047827D022A80
:10A4F00001D1808B7047C37D022B01D1C08B704787
:10A50000032AF6D0032BF9D000207047F6F7FCBAE7
:10A51000F6F746BB10B5044638B1F7F7C9FC24EA94
:10A520000000B0FA80F0400910BD0120FCE707B53B
:10A530000023CDE9003301238DF806306846F6F795
:10A54000F3F908B1002004E0009801F0ACFE002807
:10A55000F4D003B05DF804FB1FB50022009240F672
:10A56000881303A9FCF7FAF905B05DF804FB2DE99F
:10A57000F0410F46B0F85A60B0F85C5001F06FFD42
:10A580000221044600F041FE02218046204600F0F0
:10A590003CFE464528BF4646B6B21B2E38BF1B269A
:10A5A000FB2E28BFFB26854228BF0546ADB21B2DDA
:10A5B00038BF1B25FB2D28BFFB25B4F5A47F38BF72
:10A5C0004FF4A47440F648039C4228BF1C467E808A
:10A5D000FD80BC803C81BDE8F0812DE9F04186B072
:10A5E000054601A9008800F049FE044600286FD105
:10A5F000029A92F84631D91E4B424B418DF80230F7
:10A60000936F98064ABF9DF80230234683F00103FA
:10A610008DF8033092F8D4309B0603D49DF80330B4
:10A62000002B5BD0EB881B3B9BB2E02B58D82989D1
:10A63000A1F5A4739BB244F24810834250D86B88B2
:10A640001B3B9BB2E02B4BD8AA88A2F5A4739BB20C
:10A65000834245D840F64807B94243D8BA4241D868
:10A66000029E4FF0FF0886F81B819DF802309BBBCD
:10A6700003A93046FFF77BFF6A88BDF81230BDF8AA
:10A680001410E888934228BF1346A6F82031BDF87D
:10A690000E30AA88B94228BF3946834228BF0346F4
:10A6A000A6F81C31BDF810302889BB4228BF3B46B4
:10A6B000834228BF03468A42A6F81E31134628BFAC
:10A6C0000B46A6F8223186F81A81002386F81B3142
:10A6D000204606B0BDE8F0813A24F6E71A24F7E7F1
:10A6E0001224F5E71124F3E710B5FFF720FF60B15E
:10A6F000F7F710F8044601F019FF40B9204601F0C1
:10A7000011FF80F00100C0B210BD0120FCE7002065
:10A71000FAE72DE9F04385B006468846008802A98D
:10A7200000F0ACFD054640BB039C94F8593103F0A2
:10A73000FF051BB1B8F1020518BF012594F886305A
:10A74000262B94F8D53043EAD3030CBF85F00109DA
:10A750004FF00009DB0702D4B9F1000F3BD0B77806
:10A7600017B9F7F7A5FB0746F078B0BBF7F7A0FBE2
:10A770003FB9B9F1000F29D10925284605B0BDE838
:10A78000F0830028F5D0FF2384F825310DBB94F821
:10A79000243103F0FF05E3B984F8270184F824810C
:10A7A00084F82671B3788DF80430F3788DF805308D
:10A7B0003379727901A943EA02232046ADF80630C5
:10A7C00000F032FD002384F82531D6E7002007464B
:10A7D000D9E73A25F6E71A25CFE7002FD3D1C8E706
:10A7E000406890F8AA3123B1002380F8AA3101F023
:10A7F0004BBC70471022027041F2A303C270592271
:10A80000A0F801308280C3800020704708B508217D
:10A81000F5F738FE002008BD73B5064600880880AD
:10A820000C4680B2694600F029FD054640B9B37870
:10A830004BB9019B93F97000A070FAF767FFA07005
:10A84000284602B070BD7F20FFF786FEF4E710B502
:10A8500004466FF07F00FFF77FFEFAF757FF207086
:10A860007F20FFF779FEFAF751FF6070002010BDDE
:10A8700010B50446F6F74EFF01F051FEFAF746FF19
:10A880002070002010BD08B50A46072300F1100112
:10A89000FEF79AFE002008BD10B5014604460020D0
:10A8A000F7F7C2FB08B92060A080002010BD10B5EA
:10A8B0000446F7F7CDFA28B900202146F7F79CFBAC
:10A8C000002010BDFFF710FF0028F5D10C20F8E79D
:10A8D00010B50446FFF708FF28B101202146F7F71D
:10A8E0008BFB002010BD0C20FCE737B500880C4620
:10A8F0000D4624F8020B694680B200F0BFFC70B927
:10A90000019B03F18E0283F8BF0011682160117969
:10A91000217193F8BF100029F5D103B030BD002399
:10A92000C5F802302371F8E7FFF757BE1FB502885C
:10A930000A80838844F290218B4215D840F6480162
:10A940008B42ADF804204288ADF8062028BF0B46A4
:10A9500001A8ADF80830ADF80A20ADF80C30FFF7CB
:10A960003CFE05B05DF804FB1220FAE737B508801D
:10A970000D46694600F082FC044618B90198294644
:10A98000FFF7F5FD204603B030BD10B503466FF06C
:10A9900004040020482108221C7058709970DA7055
:10A9A0001C7158719971DA7110BD13B50088088057
:10A9B0000C4680B2694600F061FCC8B9019B83F87F
:10A9C0006A0093F86820012A06D0022A04D040F2D7
:10A9D00011310620F5F716FCA27093F86920012AC0
:10A9E00001D0022AF3D1E27093F86A20002AE6D15E
:10A9F00002B010BD10B58388022B044610D8C07871
:10AA0000FFF788FD08B9112010BDA078FFF782FD7F
:10AA10000028F8D020460121BDE81040FFF779BE9C
:10AA20001220F1E737B58378C178027903F0010489
:10AA300051EA040503F002031DD052EA03051AD0BF
:10AA4000002C18BF0021002B18BF00228DF8032016
:10AA5000037842788DF8021043EA0223ADF8003003
:10AA600043798279684643EA0223ADF80430FFF760
:10AA7000C1FF03B030BD1120FBE713B50C4669469A
:10AA800000F0FCFB20B9019BB3F87E30013323803A
:10AA900002B010BD07B50088694600F00BFC30B964
:10AAA000019B93F82B2112B9FF2283F82B2103B0CD
:10AAB0005DF804FB10B50446F7F7F4F92060616017
:10AAC000002010BD37B50446F6F724FE23781F2B6F
:10AAD000054618D8816A04226846FFF724FC2246FE
:10AAE000A86A12F8013B0021FFF738FC68B1AC6A94
:10AAF0002046FFF7E0FC002102462046FFF75FFCFE
:10AB0000002003B030BD1220FBE70720F9E737B57E
:10AB10000446F6F7FFFD23781F2B054618D8816AF7
:10AB200000226846FFF7FFFB2246A86A12F8013BA5
:10AB30000121FFF713FC68B1AC6A2046FFF7B0FCB7
:10AB4000012102462046FFF73AFC002003B030BD49
:10AB50001220FBE70720F9E710B5044634F8020B92
:10AB60000880002180B2F5F7A5FE20B12146BDE89E
:10AB7000104001F0B8BE022010BD008808B5088062
:10AB8000002180B2F5F796FE20B1BDE80840002113
:10AB900001F0A9BE022008BD13B5008808800C464C
:10ABA00080B2694600F06AFB18B9019BB3F8B03077
:10ABB000638002B010BD37B503880B80044698B29D
:10ABC000638813B9122003B030BD694600F056FB0C
:10ABD0000028F8D16588019B42F21072A9B29C69E5
:10ABE0005143DA8D62431C8C04FB02229142E9D36B
:10ABF0009A699C699442FBD10022C3F8A820621E86
:10AC00000A44A3F8B050B2FBF4F2C3F8AC20DAE780
:10AC100010B50C460021F5F74DFE90B1022C12D86C
:10AC200004F00102C4F3400480F8AD2180F8AC4187
:10AC300012B190F8AA310BB9002010BD01F024FA2E
:10AC4000FAE70220F9E71220F7E710B5044600788A
:10AC5000FF280AD00121F5F72DFE58B16378A278BC
:10AC600043EA0223C383002010BDB4F80100F9F7C2
:10AC70009BF8F8E74220F7E708B50078003818BFDE
:10AC80000120F8F795FF002008BD10B50446F6F73F
:10AC900041FD6178C1F3400201F0010101F060FC67
:10ACA000002010BD0820F7F7F1B801F047BE10B53D
:10ACB000044604B910BD236898476468F9E703683F
:10ACC0000BB9016070471A465B6813B18A42FAD12A
:10ACD00070478A4218BF5160704708B5F9F762FCA7
:10ACE000F8F758FFBDE80840F9F744BC08B5002064
:10ACF000FFF7E6FAF5F7A2FEF7F738F9F6F750FB9B
:10AD000020B140F221119320F5F77CFA08BD08B577
:10AD1000F8F70EFFF9F71CFC20B140F24111932027
:10AD2000F5F770FABDE808400120FFF7C9BA08B589
:10AD3000FFF7EDFF01F0BFFD20B14FF4AB719320A1
:10AD4000F5F760FA08BDFCF7B1BA0B46122203F81A
:10AD5000032BD0F80920C1F80320427B1A717047F9
:10AD600037B504460D46F6F7EFFC18B36FF4A87339
:10AD7000E01802210388ADF8003034F8ED3CADF85E
:10AD80000230684634F8EB3CADF80430FFF7C1FC04
:10AD900018B14221AE20F5F735FAADF800009DF864
:10ADA0000030002063F307009DF8013063F30F20AB
:10ADB00003B030BD18232B70D4F80930C5F8033028
:10ADC0000423ADF80030EAE738B5436893F824214E
:10ADD000012A04460D4612D11E21F7F78BF863684D
:10ADE0008DB1182283F80921092283F8852093F870
:10ADF000BE30E3B940F2DA21AE20F5F703FA0022C3
:10AE000083F82421EBE793F88620A2F12401062998
:10AE100001D9322A05D1002283F88620204600F08D
:10AE200034FD20461821BDE8384000F056BD002012
:10AE300038BD08B5436893F885201AB18521AE2046
:10AE4000F5F7E0F9242283F8852008BD034610F0C9
:10AE5000010002BFC3F340035B00D8B270472DE985
:10AE6000F84F074610461E46FFF7F0FF8346084698
:10AE7000FFF7ECFF42EA01044BEA04040443E4B2A6
:10AE8000003C0A9D88469246814618BF0124F7F788
:10AE90000FF810EA0A0A18BFDA46F7F709F897F828
:10AEA000683010EA080118BF4946534508BF4FF003
:10AEB000000A85F800A097F869308B4208BF00218E
:10AEC00069705AEA01010BD1B7F87E30013EF61ADB
:10AED000B6B247F6FD739E428CBF002404F0010415
:10AEE0002046BDE8F88F70B5446894F88650A5F107
:10AEF0002403062B064645D9322D43D0002D3FD1E1
:10AF000094F88530292B3DD04B7813F007032DD0D2
:10AF10008A7812F0070229D084F8612084F8603022
:10AF200094F82531D3B994F82431012B16D094F834
:10AF3000602094F869309A421ED194F8612094F808
:10AF400068309A4218D10223B4F8642084F824317E
:10AF5000B4F86630A4F82621A4F82831262384F812
:10AF60008630304600F087FC284670BD30460978B0
:10AF7000BDE8704000F0B1BC3046F6F7E3FFEDE706
:10AF80000125F1E72025EFE72DE9F04F456895F819
:10AF900085B0ABF12503D3F1000848EB0308052A7F
:10AFA00087B004466FD195F88630272B71D186354E
:10AFB0008A784F78039207F0070902F0070A09F12F
:10AFC000FF330AF1FF3003EA090300EA0A000343F2
:10AFD00064D1B1F80360F6F76BFF039A174307F0EB
:10AFE000070787435AD15046FFF730FF6768A8B17B
:10AFF00097F86830984211D097F826211AEA020F84
:10B000004CD0BBF1250F09D097F861201AEA020F46
:10B0100004D1022870D1013B012B71D84846FFF7BB
:10B0200015FF40B197F86930834204D097F8273173
:10B0300019EA030F32D005AB009338463346524627
:10B040004946FFF70CFF6368074668BB93F8242165
:10B05000012A26D101462046F6F74CFF2F7063687F
:10B0600003F18602954202D1002283F886206368AC
:10B0700003F18602954239D1204600F006FC0020FB
:10B0800007B0BDE8F08F414607B0BDE8F04FFFF7CD
:10B090009BBEBBF1250F2DD1853589E74146204662
:10B0A000F2E783F82401DAE7B3F87E20A3F85C62C4
:10B0B000013EB61AB6B247F6FD72964206D928226C
:10B0C00083F8A7202046F7F775FED0E793F886208F
:10B0D0000D2A02D00A3A012A01D82A22F0E7BDF847
:10B0E0001420A3F85E2229232B70C0E7002283F8E6
:10B0F000BE20C4E70220C3E7012B8FD0022BCDD0A6
:10B100004FF4E4710620F5F77DF808B5436893F82D
:10B110008620262A05D022B140F24541AE20F5F71F
:10B1200071F8272283F8862008BDF6F71FBF704705
:10B1300030B542401C7808785D7860404C786C40AF
:10B1400020449D788C786C402044DD78CC786C402D
:10B1500020441D790C795B7949796C4020444B403F
:10B1600018441044B0FA80F0400930BD0246002077
:10B170000139C9B2FF2900D17047535C83F0010344
:10B180000344D8B2F4E708B5F6F774FF082803D0F3
:10B19000BDE80840F6F790BF08BD08B501F0DBFB3D
:10B1A00018B1BDE80840FAF775BB082008BDF8B52E
:10B1B000D0E9047605460C46FDF708FB18B9542182
:10B1C0002920F5F71FF8E4B1D5E90423D21B63EB7E
:10B1D0000603012A73F100014FF0000113DB6FF049
:10B1E00001009042994101DA5E21E9E7631E1344B0
:10B1F000B3FBF4F35C43E41946F10006C5E90446E9
:10B200001C462046F8BD0C46FBE7022905D13C2828
:10B2100008D980100F3880B27047702802D9C0104A
:10B220000E38F8E70020704738B50D460446F6F7AB
:10B230003FFE2B78002B08BF034684F864306B7800
:10B24000002B08BF034684F865306B88A4F866308D
:10B2500038BD012908B5034605D002290BD0D821F5
:10B260002920F4F7CFFF40F6C41040F2E242002B51
:10B2700008BF104608BD40F6C410FBE710B50C46E9
:10B280000021F5F717FB606018B10123237000203F
:10B2900010BD0220FCE7436893F88400C0B293F825
:10B2A000A6302BB900F0FB00003818BF0120704712
:10B2B0000020704710B50C46FFF7E0FF38B9204674
:10B2C000FFF7E9FF80F001004000C0B210BD02208E
:10B2D000FCE7C2B292FAA2F2030A93FAA3F31B0E9E
:10B2E000100E40EA0320704770B50131C9B2053035
:10B2F000002210F8013F8B4216D310F8054C0023B2
:10B30000012505FA03F626421CBF01F1FF31C9B23F
:10B3100069B10133082BF4D10132D2B2052AE8D148
:10B320009B214620F4F76EFFC91AC9B2F4E703EB7C
:10B33000C200C0B270BD0B6870B5C0F801300B79A7
:10B3400003F01F03437100230446C3720546461DE4
:10B3500015F8010F00F075FA6871E37AB5421844E8
:10B36000E072F5D170BD70B581EA11418CB205462D
:10B37000C17A032682EA0400FFF7ABFF013E00EB2F
:10B380000010221816F0FF0690B2F5D14440252295
:10B39000B4FBF2F302FB1343C3F3C4022A44D8B252
:10B3A000567803F00703012202FA03F31E4207D185
:10B3B00061432846C1F30741BDE87040FFF794BFE1
:10B3C00070BDF8B590F820506B1E242B044603D9AD
:10B3D000E1214620F4F716FFDAB1407D002843D181
:10B3E00094F8223094F8211002FB01322523B2FB9D
:10B3F000F3F103FB1123DBB204EBD30284F8223018
:10B40000917D03F007060122B240114202D084F878
:10B410002330F8BDB3FBF5F205FB1233013303F023
:10B42000FF0304F11A0111F8012F9A4219D311F800
:10B43000055C0022012606FA02F72F4208D0013BE4
:10B4400013F0FF0304D102EBC00284F82320E0E7ED
:10B450000132082AEFD10130C0B20528E3D1D7214B
:10B46000B7E79B1ADBB2F6E7E288C96904F1150079
:10B47000FFF779FF84F82300CBE70378890123F0F5
:10B48000400301F040010B4303707047037803F061
:10B490007F0343EAC113037070471F2A38B505467E
:10B4A000144603D9C2212A20F4F7ACFE0930063431
:10B4B000FEF76CFA6C7038BD1F2A38B50546144685
:10B4C00003D9E4212A20F4F79DFE09300634FEF763
:10B4D0005DFA6C7038BD037803F00F03032B02464E
:10B4E0003ED0052B42D1C37F90F82000034392F851
:10B4F0002100034392F82200034392F8230000F056
:10B500001F00184333D05378222B2FD1B2F81930B3
:10B51000B1B1B3F5506F13D940F607518B4225D81E
:10B52000B2F81B30B3F5FA7F20D2B2F81D000A380A
:10B5300080B240F6764398428CBF002001207047CD
:10B54000991F89B240F67A4081420FD8917D481EFA
:10B5500007280BD8994209D2B2F817109942DEE7B2
:10B560004078A0F10C0358425841704700207047C2
:10B570008388A1B1B3F5506F11D940F607529342B9
:10B580001CD8C388B3F5FA7F18D200890A3880B274
:10B5900040F6764398428CBF0020012070479A1FE6
:10B5A00092B240F67A418A4208D84278511E072961
:10B5B00004D89A4202D242889A42E1E700207047BA
:10B5C0004378C3F30111012910B502460ED00229B8
:10B5D00015D0047803F00F00131D5288022144EAAD
:10B5E0000020F6F7C1FF38B1012010BD047803F048
:10B5F0000F00131D5288F2E7F7F796F9F4E70020E1
:10B60000F3E702230B7001238B707047F7F764B8E0
:10B6100010B521B94FF42A711020F4F7F3FD4A60F8
:10B620000B72EFF3108472B6031D0B6042681AB1FF
:10B63000127A012A08BF036003681960016004B927
:10B6400062B6BDE81040F7F791B80222F7F75AB991
:10B650000322F7F757B90422F7F754B90222F7F794
:10B6600095B911230B706FF49A7318440388A1F8ED
:10B670000330838FA1F80530B0F84030A1F80730CF
:10B68000C38FA1F80930B0F84230A1F80B307047F1
:10B69000012908B503D10E30C00080B208BD0229CF
:10B6A00002D10F308000F8E740F245210620F4F780
:10B6B000A9FD30B587B004460D46F6F74DF890B3B6
:10B6C000A4F59F74694624882046FFF74FF920B1FE
:10B6D00040F20D112C20F4F795FDBDF80630ADF8C1
:10B6E0000E30BDF80830ADF81030BDF80230ADF8BE
:10B6F000123003A8BDF80430ADF80C40ADF814309A
:10B70000FFF712F910B14FF48B71E3E7ADF80C00BD
:10B710009DF80C30002063F307009DF80D3063F3B3
:10B720000F2007B030BD2B46172203F8032BD4F8A7
:10B730000920C5F80320D4F80D205A60B4F8112070
:10B740001A810423ADF80C30E2E740687047C08AE4
:10B75000704710B58A880B89CC884988A0F85010AA
:10B76000A0F85440A0F85220A0F8563010BD8383B2
:10B77000BDF8003001834283C383704738B5C58B61
:10B78000438C04469D42007A28BF1D46FFF780FF88
:10B790006389AB4228BF2B46984238BF184680B217
:10B7A00038BD2DE9F04106460F4680891946984676
:10B7B0001446FFF76DFF414605463046FFF7DEFFB2
:10B7C000854228BF05469DF81810B08AFFF760FF34
:10B7D000F38A834228BF0346ADB2A01D15FA83F356
:10B7E00038441844BDE8F08107B590F869300093FB
:10B7F00090F86830002296213030FFF7D2FF03B076
:10B800005DF804FB38B50D4619461446FFF7ECFF0A
:10B8100096342044A84294BF281A002038BD38B579
:10B820000D4611460446FFF7DFFF2844606338BD2C
:10B8300001F19C0383423DBF9C38401A4008002020
:10B84000704700F05503400800F05500034403F032
:10B8500033009B0803F03303034403F00F0000EBB5
:10B86000131070474368002283F8852083F8BE20B8
:10B87000A3F8BA20704743680022A3F8C02093F8C9
:10B88000C220013283F8C220704708B5426892F89E
:10B89000C230013B5BB2002B82F8C23003DA522186
:10B8A0004A20F4F7AFFC08BD436883F80B1183F816
:10B8B0000A217047A0F10A03042B0CD9A0F1470319
:10B8C000012B08D9A0F12403322818BF062B94BFFE
:10B8D000012000207047012070474268936F10B527
:10B8E00013F0080408D143F00803936782F80811A5
:10B8F000FFF7C1FF204610BD0120FCE730F8023CF5
:10B90000F7B530F89E7C05460E4673B101226846B5
:10B910008DF80020ADF80170ADF80330F5F7AEFFFB
:10B9200018B195216320F4F76DFC082300243370CF
:10B93000B470A6F803706B7A55F88A0C7371FEF731
:10B94000ACFB08B9BA21EDE721463846F4F7C8FF49
:10B950004FF4017303F00402204662F307001B0A50
:10B9600063F30F2003B0F0BD436893F88720063AD5
:10B97000012A81BF4A7883F88820062283F887202D
:10B9800000207047426892F88730063B012B84BF45
:10B99000072382F88730704770B5426892F8865066
:10B9A000F5B9CB88B2F87E60A2F85C32013B9B1BF4
:10B9B0009BB247F6FD76B34206D9282382F8A7301A
:10B9C000F7F7F8F9284670BDD1F80130C2F85E32B9
:10B9D0004B7982F8623243680A2283F88620F1E7C5
:10B9E0000125EFE70B46062203F8032BD0F80920C8
:10B9F000C1F80320D0F80D205A60427C1A7200234F
:10BA0000CB70704770B5436893F8865006460C4675
:10BA1000002D3DD129462046FFF7AAFD28B92178FF
:10BA20003046BDE87040FFF758BF72686389B2F8CE
:10BA30007E10A2F85C32013B5B1A9BB247F6FD71A7
:10BA40008B4207D9282382F8A7303046F7F7B2F99E
:10BA5000284670BDA38840F2E2414B43C2F86432ED
:10BA60006378C3EB431003EB800303EB83035B00BA
:10BA7000A2F85E3263884B43C2F86032E388A2F8D2
:10BA800068322389A2F86A320D2382F88630DFE714
:10BA90000125DDE708B5436893F885201AB1262112
:10BAA000A320F4F7AFFB212283F8852008BD73B5EE
:10BAB000456895F88530213B022B06460C4627D871
:10BAC000B1F805101A291CD9B4F80730B3F5A47FD2
:10BAD00017D3B4F801201A2A13D9B4F80300B0F52B
:10BAE000A47F0ED3009005F13000FFF740FE71688F
:10BAF000284601F23511F6F76BFF70680621F8F75A
:10BB00006BF8002085F8BE0085F8850002B070BD96
:10BB10000120FBE74268936FD90610B5044603D4B1
:10BB2000B421A320F4F76EFB990601D5B521F8E7FF
:10BB300023F010039367FFF7A8FE60680621BDE8B5
:10BB40001040F8F749B809230B70D0F80930C1F854
:10BB5000023070470B460A2203F8022BB0F8092086
:10BB60004A80C27A9A70704738B5436893F8864025
:10BB7000054634B1113C0F2C8CBF0124082420460B
:10BB800038BD93F88B30002BF9D0FFF774FE6B684B
:10BB9000112283F88620F2E708B5436893F88620DF
:10BBA000162A04D04FF4FE711F20F4F72BFB01225C
:10BBB00083F8C320182283F8862008BD436893F8D1
:10BBC0008620122A03BF1322002083F88620022039
:10BBD000704710B5436893F886301C2B044607D194
:10BBE000FFF753FE6368202283F88620002010BDF3
:10BBF0000220FCE708B5436893F88620112A04D098
:10BC000040F227211F20F4F7FDFA012283F8C32018
:10BC1000122283F8862008BD08B5436893F8862071
:10BC2000182A04D040F22F211F20F4F7EBFA1C222F
:10BC300083F8862008BD0B46052203F8032BD0F8B5
:10BC40000920C1F80320D0F80D205A60B0F8112067
:10BC50001A81C27C9A72704708B5436893F88520B0
:10BC60001AB1CD211C20F4F7CDFA042283F88520E7
:10BC700008BD426808B5936FD90703D4DB211C20A7
:10BC8000F4F7C0FA23F001039367BDE80840FFF71B
:10BC9000FCBD0C23A0F596700B7003884B80704799
:10BCA000436893F885200F2A01BF002283F8B22051
:10BCB00083F8BE2083F885200020704738B545689A
:10BCC000AB6F13F0040407D1FFF7D5FDAB6F43F062
:10BCD0000403AB67204638BD0120FCE74268936F40
:10BCE00023F004039367FFF7D0BD08B5436893F8CA
:10BCF00085201AB172214B20F4F784FA0F2283F8C1
:10BD0000852008BD10B5D0E90C42A24206D30B8CA9
:10BD1000C98D05334B43121B934202D3012380F894
:10BD20003A3010BD01230B7000238B7030F8C63CF5
:10BD3000A1F80330437A4B714389CB8083890B810F
:10BD4000704710B5446894F8C5309A070ED494F83B
:10BD500085301BB177214020F4F754FA012284F892
:10BD6000852084F8BE20A4F8BA3010BDA36F9B07CD
:10BD700005D5FFF78AFDA36F23F00203A367002315
:10BD800084F82A31F1E710B50B794C790A6801285B
:10BD900043EA042108BF41F48031104610BD07B5C5
:10BDA000FFF7F1FF0DF10702F7F72CFA03B05DF88A
:10BDB00004FB07B5002301A80193FAF79FFD019842
:10BDC00010F0030018BF012003B05DF804FB08B5B4
:10BDD000FFF7EFFF002814BF1420002008BD10B5A6
:10BDE000FAF7AEFB0446FFF7F2FF04F55F43D930E4
:10BDF0004FF47A724133B3FBF2F3184410BD10B51F
:10BE0000044690F86900FFF7EAFF01220146204648
:10BE1000BDE81040FFF703BD7FB5044618B9A72160
:10BE20003020F4F7EFF9052900F2BF80DFE801F0D8
:10BE300003B72C27BDB290F8F031B0F87E20ABB13B
:10BE4000B0F8EE31934208BFB0F8A4319A1AA0F8C6
:10BE5000A621A4F87E30D4E98C232046C4E98E23A1
:10BE6000F9F756FB94F8AB3104B070BDB0F8EC3183
:10BE70009B1AA0F8A631B0F8EC319BB2E9E704B008
:10BE8000BDE87040FAF760BAFBF790FAD4E98E2368
:10BE9000801A61EB0301012871F1000302DA4FF40B
:10BEA000C161BDE76FF0010383424FF000038B4196
:10BEB00002DA40F20961B3E7A3690BB1B0FBF3F317
:10BEC00094F88610B4F8EE210D2932D10132A4F88D
:10BED000EE21B4F85232B4F87E500133A4F8523255
:10BEE000B4F8B6301D44B4F8B430013DED1AADB22B
:10BEF00002AEB4F8EE116B1A180435D40023009684
:10BF00001A462046F7F72AFA0128ADD1B4F8EE21F7
:10BF1000B4F8A011BDF808301344521A12049BB2B1
:10BF200004D5EA1A12F4004F18BF0B46A4F8EE31FC
:10BF3000DFE7B4F87E100B449BB2D11A0D044DBF5D
:10BF40000133013293B29BB2A4F8EE3194F8F1318F
:10BF5000002BBED1B4F8A431B4F8EE21934204BF53
:10BF60000133A4F8EE31B4E794F889300394002B40
:10BF700014BF08233E2384F8A730304601238DF8F0
:10BF80000830F6F717FF204600F09EFC002384F8E7
:10BF9000843069E704B0BDE87040FEF7B9BA90F8A4
:10BFA0008430042BF2D0C8213AE7CD2138E713B50D
:10BFB000002380F88430A0F850321A4600931946C6
:10BFC0000446F7F7CBF920B140F2E9113020F4F73D
:10BFD00019F9012384F88430C4F8D801C4F8D001D9
:10BFE000A4F8EE01A4F8EC0184F8F101B4F87E3075
:10BFF000A4F85202013BA4F87E3002B010BDD0F884
:10C00000E800704738B5044690F828319BB1FF230B
:10C0100080F83031012100F0A0FA94F8283153B1B2
:10C0200004F1C0052846FCF7B3FB2846FCF7EEFBFD
:10C03000002384F82831002038BD08B590F830215D
:10C0400042B990F8EC2042B1D0E93C31994202D992
:10C05000F8F7EAFB0022104608BD0122FBE710B505
:10C060000446FFF7B4FEA269236B9A4228BF1A4622
:10C0700000F5F2711046FFF7DBFB40F648039842EB
:10C0800028BF184680B210BD7FB5044690F8AB318A
:10C0900003F0FF05002B5AD190F88430032B56D1C2
:10C0A000FBF784F9D4E98E23801A61EB03010128A0
:10C0B00071F100034BDB6FF00103834275EB01016B
:10C0C00004DA40F2B1513020F4F79CF8A269B4F8D8
:10C0D0007E300AB1B0FBF2F2013313449BB2A4F8F4
:10C0E000EC31B4F8EC21B4F8A4319B1A1BB2002B4C
:10C0F0002DDD04F5FC70FCF74BFB40B3FF2384F807
:10C10000F131B4F8B630B4F87E501D44B4F8B43010
:10C11000013DED1AADB20DF10E06B4F8EC31EB1A9B
:10C120001B0414D4B4F8EC1100960023012289B248
:10C130002046F7F713F9012809D1B4F8EC31BDF81E
:10C140000E2012FA83F39BB2A4F8EC31E5E704B0B9
:10C1500070BD2DE970430C461546EAB9F9F704FEA7
:10C16000D4E94689064684F8EC5084F82851012128
:10C17000D4F8E800F6F77EF9D4F8E800C0E98E8933
:10C18000C0E99289C0F85462FFF711FFF9F7C0FFC8
:10C19000BDE87043FCF76EBA40F2CB713020F4F783
:10C1A00031F870B5044621B1012978D040F2DB7135
:10C1B00072E000F007F994F8293105460E46DBB12C
:10C1C00050EA010318D0D4E93E32D4E94601C01A3E
:10C1D00061EB020133462A46FDF744FB05FB01F300
:10C1E00000FB0633A5FB00021344D4E93E211218DC
:10C1F00043EB0103C4E93E23E08B30B1F6F74AFC80
:10C20000E38BB0FBF3F202FB1300D4E93E32ED18EE
:10C2100046EB02062D184FF0000346F1000640F2EF
:10C220000242C4E93E56C4E9465684F80831A4F8EF
:10C23000102184F8293194F8303103F0FF01DBB983
:10C24000D4E948026FF000439A4208BFB0F1FF3FC3
:10C2500018D02046D4E9465600F0A9F8D4E948326F
:10C26000E5305B1B62EB06021B1A62F10002002A3A
:10C2700008DA2046F8F7D8FAF9F74AFFBDE8704027
:10C28000FCF7F8B904F5847104F1C000FCF70CFA6E
:10C290000028F1D14FF4E1613020F3F7B3FF002320
:10C2A00080F8EC30E8E790F82801003818BF01204A
:10C2B00070470B46142203F8032BD0F80920C1F86D
:10C2C0000320D0F80D205A60704738B50B46102275
:10C2D00003F8032B0C4600F10902293052F8041B25
:10C2E00043F8041B8242F9D112781A70A588012301
:10C2F000A37100212846F4F7DDFA58B1E3784BB179
:10C3000000212846F4F7ECFA20B140F233212D2029
:10C31000F3F778FF38BD0121F8F71CB8FFF7FBBF32
:10C3200090F872300BB10120704790F8AA2002F00B
:10C33000FF03002AF7D190F89C201846704737B5C4
:10C3400004460D464FF49C720021FDF7DFFAFF23EF
:10C3500023701323638042F21073E383F4F7A6FB88
:10C3600000220146A0626846FDF7DDFFA06A0022B8
:10C370000121FEF724F8A16A68460422FDF7D3FFE5
:10C380000022A06A1146FEF71AF804F12000A574F5
:10C3900003B0BDE8304000F01AB9FF23886A0B7083
:10C3A000FDF7BEBF0078FF3818BF0120704710B5F9
:10C3B0000446203000F061F961882822F8F766FA17
:10C3C0006D3010BDD0E9020170472DE9F04F0746EE
:10C3D0000C4606460FCF8FB006AD0FC597E80F008D
:10C3E0000DF1100885E80F00404600F0F0F867787E
:10C3F00094F8149094F80AA094F800B007F07F0520
:10C40000B9F1010F2F4607D0B9F1020F04D040F265
:10C4100027310620F3F7F6FE617A404600F0DEF899
:10C42000237D227F022B08BF617D02F1010206BF3E
:10C430000131C9B20121D2B2404600F0D1F815F065
:10C44000080360D14046019300F017F928223946CD
:10C45000F8F71CFAE578019B00F2D722207945EA2B
:10C460000025607940F2712145EA00454D43B2FB59
:10C47000F1F24A43AA420AD9E079A57945EA0025B2
:10C48000207A45EA00454D43954228BF1546227E55
:10C490000393531E5A425A41A17CB06A0291019201
:10C4A000FEF714F8B06AFEF721F8039B019A02998F
:10C4B0008DF818B0ADF81A7008958DF828208DF811
:10C4C0002B108DF82CA08DF81C90099306AF0FCF80
:10C4D00035460FC597E80F0085E80F0098E8030080
:10C4E0003062B184E37A03F0FD03003B18BF0123FF
:10C4F00086F84F30E3683365238AA6F8543000206D
:10C500000FB0BDE8F08F00252B46C0E74FF4004385
:10C51000C38443881D2B08BF00214174704790F9E4
:10C5200012007047408800F0010070478078C0F327
:10C53000400070478078C0F3C000704790F84830E2
:10C5400081614B72D0F84930C1F80A30B0F84D30F3
:10C55000CB8170477047F7F777BC80F86810704759
:10C560000177427770478278034612F0010002D0CB
:10C57000D978C90710D5900702D5D97889070AD587
:10C5800012F0040008D0D878C0F3800080F00100D9
:10C590008000C0B2704702207047C0F34002C0F371
:10C5A0008003134400F0010018447047022808B5C6
:10C5B00007D0042807D0012807D039212E20F3F70F
:10C5C00021FE262008BD2720FCE72520FAE70023CE
:10C5D000C0F80230012343700370704781707047C8
:10C5E00010B54270017080781446FFF7D6FF10FB3B
:10C5F00001F010FB04F2FE2A03DD5C212E20F3F78C
:10C6000001FE10BD0023C37043710371704710B564
:10C610000446FFF7A8FF637962780133DBB29A42E0
:10C6200063710FD1E378A1780343DBB29942E370E1
:10C6300008BF23794FF0000208BF0133627104BFC5
:10C64000E2702371BDE81040FFF7B0BF38B5014676
:10C650008078FFF7A2FF0446C8784D78FFF79DFF6A
:10C660000A790B789B1A13FB05F34A7913FB04F341
:10C670009B1A00FB1530C0B238BD08B50146807862
:10C68000FFF78BFF4B780A7813FB02F313FB00F0E4
:10C69000C0B208BD40F2EF20704740F25A33584311
:10C6A000704738B553680E3814460D4693F8852008
:10C6B000092840D8DFE800F0053F3F3F0F3F183F13
:10C6C0003F27042A05D12046FFF7CCF82046F6F78D
:10C6D000D7FC002038BD0F2AFBD10022204611468E
:10C6E000BDE83840FFF7DCBA212AF2D12046FFF737
:10C6F000B9F8002DEDD0626892F8D43023F0200311
:10C7000082F8D430E5E793F88620272AE1D1002586
:10C7100083F886502046FFF7B8F8636893F8243111
:10C72000012B03D129462046F5F7E4FB636800227C
:10C7300083F82421CDE740F26E213120F3F762FD2A
:10C7400008B590F80E31FE2B04D040F624113120AC
:10C75000F3F758FD002380F80E1180F80F3112B95D
:10C76000A0F8C02008BDA0F8BA30012380F8BE3080
:10C77000F8E708B5436893F88620182A04D040F2F9
:10C780007A513120F3F73EFD1E2283F8862008BD42
:10C7900008B5436893F88620352A06D1002283F82D
:10C7A0008620BDE80840FFF770B8182A03D11E2282
:10C7B00083F8862008BD40F28F513120F3F722FD27
:10C7C00008B5436893F88520092A0BD193F809111D
:10C7D00093F81021914205D1002283F8852083F837
:10C7E000BE2008BD9A6F110706D522F008029A678D
:10C7F000BDE80840FFF749B840F274513120F3F723
:10C8000001FDC37C63B9837BA3F11002032A07D91E
:10C8100090F84C0028B1202B8CBF002001207047DD
:10C820000120704702464068497890F88530212BF6
:10C8300014D00BD8042B13D00F2B13D090F88630C4
:10C84000272B0CBF1720FE20F8F7B4BA2C2B0BD0E7
:10C85000322B01D0252BF1D11620F5E71420F3E778
:10C860000E20F1E71220EFE72320EDE702464068B3
:10C870000B4690F8D41041F0040180F8D410997858
:10C880005878F8F797BA38B50C460546D1E904014F
:10C89000F4F7C0F894F884303BB104F5FC742046FA
:10C8A000FBF776FF2046FBF7B1FF28460221BDE8E3
:10C8B0003840F4F715B80020704708B5F6F734F99A
:10C8C000BDE80840F6F7DABA002280F8852080F843
:10C8D000862080F8892090F8AB3113B10221F7F758
:10C8E0007BB90321FBE738B50446084694F8583273
:10C8F00013B10C25284638BD94F88630162B01D08C
:10C90000182BF6D194F8743203F0FF05002BF0D108
:10C9100090B194F8C63123B940F604313120F3F7D1
:10C9200071FC052304F1F00204F5DB71FCF74CFE09
:10C93000012384F85832DDE70223FAE7F6F768B9F5
:10C9400008B5F9F7DFF9F8F7D3FFF8F72BFFBDE8E3
:10C950000840F9F759BE10B5C824F8F783FF02283C
:10C9600008D1013C14F0FF04F7D10620F5F7EAFFE7
:10C97000204610BD431E58425841FAE74FF08053FD
:10C98000D3F8A00000F0010070474FF08053D3F8B7
:10C99000A420D3F8A830511C9BB203D14FF6FF71ED
:10C9A0008B4203D0026083800120704700207047D3
:10C9B0004FF0805330B5D3F89050D3F89440D3F86B
:10C9C0009810D3F89C2005EA04030B401340013370
:10C9D0001FBF056044608160C2600CBF0020012061
:10C9E00030BD4FF0805330B5D3F88050D3F8844039
:10C9F000D3F88810D3F88C2005EA04030B401340C9
:10CA000001331FBF056044608160C2600CBF00201D
:10CA1000012030BD10B5F9F7AFF90446FAF724FE4E
:10CA2000201841F1000110BD10B504460846F9F781
:10CA300087FD4FF47A73B0FBF3F0201A10BD10B5E8
:10CA400004460846F9F77CFD023C00F2E7334FF458
:10CA50007A72B3FBF2F3E01A10BD08B5FCF766FE7C
:10CA6000BDE80840FAF724B8801A00F3070038B58B
:10CA700040B20D4659B21446FAF70AF8002328705E
:10CA80006B70204440B238BD00230360704770478C
:10CA9000002070474FF0FF3070474FF0FF30704775
:10CAA00070474FF0FF3070470020704700207047FC
:10CAB0000023037070479DF800300022FFF7D4BFB9
:10CAC0004FF0FF307047002070474FF0FF30704745
:10CAD0004FF0FF3070477047C0B208B520B94FF033
:10CAE000804301221A6008BD4D21B520FCF736FCB9
:10CAF0000020FAF735B84FF08043D3F8080400F06F
:10CB0000010070474FF08043D3F8140400F0010097
:10CB100070474FF08043D3F81C0400F003007047C7
:10CB20004FF08042D2F81834D2F81824C3F30043EF
:10CB300002F00302824214BF002003F0010070479C
:10CB40000020FAF783B80020FAF7AEB80020FAF711
:10CB500007B870B5FCF78EFB002405462646E0B208
:10CB6000854200D870BDFCF78BFB0134068580F848
:10CB70002A60F4E7F8B5037904461BB11B219D2018
:10CB8000FCF7ECFB4679017126B901234371217949
:10CB900009B96171F8BD276826712046B847022897
:10CBA0000546F4D103212046B84708B12F21E6E716
:10CBB00023682946204698470028E8D03021DEE740
:10CBC00003460068884204D109B10A681A60084621
:10CBD000704728B97047884202D10A681A60F6E7A0
:10CBE000034600680028F6D17047034600201870FD
:10CBF0007047EFF3108272B603780121DBB2017047
:10CC000002B962B6012B0CBF6FF022000020704702
:10CC1000EFF3108372B60022027003B962B60020EF
:10CC20007047FCF75DBDFCF7A5BDFCF7A3BD002870
:10CC30000CBF6FF0150000207047002070470723DD
:10CC400003700020704700207047002070470346A3
:10CC500011F8012B03F8012B002AF9D17047034684
:10CC600013F8012B002AFBD1181A013870472DE95F
:10CC7000F04786468C460846089E15467446194677
:10CC8000002B40F0C2808542B2FA82F245D94AB107
:10CC9000C2F1200300FA02FC2EFA03F3954043EAA6
:10CCA0000C0C94404FEA154EA8B2BCFBFEF8230CC6
:10CCB0000EFB18CC08FB00F943EA0C43994528D930
:10CCC000EB1808F1FF3704D2994502D9A8F1020701
:10CCD0002B44A3EB0903A4B2B3FBFEFC0EFB1C33F5
:10CCE0000CFB00F044EA0344A04214D92C190CF1C7
:10CCF000FF3304D2A04202D9ACF102032C44241A1F
:10CD000043EA07401EB1D440002334607360BDE89D
:10CD1000F0874746DDE76346F1E792BB431B0121FD
:10CD20004FEA154EAFB2B3FBFEFC200C0EFB1C33DA
:10CD30000CFB07F840EA0343984562D9EB180CF165
:10CD4000FF3004D2984502D9ACF102002B44A3EB8A
:10CD50000803A4B2B3FBFEFC0EFB1C330CFB07F76D
:10CD600044EA0344A7424ED92C190CF1FF3304D2F4
:10CD7000A74202D9ACF102032C44E41B43EA004071
:10CD8000C0E7C2F1200320FA03F1954090402EFA4B
:10CD900003F303434FEA154EAFB2B1FBFEFC0EFBAB
:10CDA0001C10190C0CFB07F841EA0041884504FAF5
:10CDB00002F422D969180CF1FF3004D2884502D957
:10CDC000ACF102002944A1EB08019BB2B1FBFEFCCF
:10CDD0000EFB1C110CFB07F743EA01439F420ED9DF
:10CDE000EB180CF1FF3104D29F4202D9ACF10201E1
:10CDF0002B44DB1B41EA004192E76046E3E76146D2
:10CE0000F7E76046A3E76346B7E7834206D916B95A
:10CE1000002108467BE7C6E900E0F9E7B3FA83F7AB
:10CE20008FB9834201D3724508D8BEEB020460EB90
:10CE3000030301209C461EB9002168E73846FAE743
:10CE4000C6E9004CF8E7C7F1200CBB4022FA0CF40D
:10CE50001C432EFA0CF120FA0CF3B84001434FEAC0
:10CE600014490EFA07F5B3FBF9F81FFA84FE09FB23
:10CE700018300B0C08FB0EFA43EA00439A4502FAFD
:10CE800007F240D9E31808F1FF3004D29A4502D9DD
:10CE9000A8F102002344A3EB0A0389B2B3FBF9F81B
:10CEA00009FB183308FB0EFE41EA03418E452CD9DD
:10CEB000611808F1FF3304D28E4502D9A8F10203AC
:10CEC000214443EA0040A0FB0298A1EB0E0141453A
:10CED000CE46434602D306D14D4504D2B9EB020EED
:10CEE00068EB04030138002EA6D0B5EB0E0261EB0F
:10CEF000030101FA0CFC22FA07F34CEA0303F940A0
:10CF0000C6E9003198E74046C5E74346D9E7000047
:10CF100037B504460D480569836801A95B689847E1
:10CF2000031E05D00EDBB3FA83F0400903B030BD19
:10CF3000019B2A685A40012303FA04F0024208BF09
:10CF40000023F0E74FF0FF30F0E700BFB4E401004A
:10CF500010B5064801210DF044FABDE81040044820
:10CF600040F63E22002309F0C7BC00BF58EA01008A
:10CF7000F0130020032A08B508460BD907490422FC
:10CF800011F087F930B9064B186818B10549062227
:10CF900000F08EFDBDE80840FFF7DABF08F10100A0
:10CFA0008824002003F30100014800210DF019BA84
:10CFB00058EA01002DE9F04114248AB080460E465B
:10CFC0000DEB0400002115462246364FADF8061041
:10CFD00011F057F90DF10603079304FB08F402233F
:10CFE0000893E3195A7932B119791B8AADF82430C4
:10CFF00001228A4006923859836805A95B689847E0
:10D000000446002847D1142202FB08F2B918BDF8E3
:10D01000063048792B803360002840D0C879042836
:10D020000ABFBA58CA8992684FF0140101FB087010
:10D0300008BF1289057C807A01FB0877800648BF0B
:10D0400005F1FF3583FB0232B87902A9CDE902323E
:10D0500048BFEDB205F0E0FC0446E0B9039A029B3C
:10D06000C5F12000B5F1200102FA00F023FA05F322
:10D0700043EA00035CBF42FA01F10B432A41CDE9C8
:10D08000023213F1004342F1000212B106480DF0E2
:10D0900039FC029B336020460AB0BDE8F0816FF096
:10D0A0008504F8E730EA01000DF10100F8B5154FED
:10D0B000154E0546002138460DF093F9134800211E
:10D0C0000DF08FF9002130460DF08BF947F2343026
:10D0D00000210DF09AF90024012130460DF081F96C
:10D0E00041F2343000210DF090F9002130460DF06E
:10D0F00078F9013441F20B7000210DF086F9A54258
:10D10000D8D0E9E768EA010058EA010060EA0100C6
:10D1100008B561B90EF0A6FA054B01211860054863
:10D120000DF075F9BDE8084003480DF05AB908BD87
:10D13000882400208C24002060EA010010B5084CEF
:10D14000206818B103F074F900232360054800211A
:10D150000DF05DF9BDE8104003480DF042B900BF85
:10D16000882400208C24002060EA01001FB50B0AEF
:10D170008DF801300323029302238DF800008DF80F
:10D180000210CDF804D08DF80C3007489DF80C3013
:10D19000826843F002038DF80C309468402301222A
:10D1A00001A9A04704B010BD5CE5010010B588B02E
:10D1B0000DF1070302930123039300238DF8103030
:10D1C0000723CDE905128DF807008DF81C300748BC
:10D1D0009DF81C30826843F002038DF81C3094687F
:10D1E0004023022202A9A04708B010BD5CE501005F
:10D1F0002DE9F04FA14B93E80700B7B016AE86E8D3
:10D2000007003746002557F8044B206810F0AAFBAA
:10D21000002869D0E2882179206842F4B0120DF02C
:10D22000C6F8002862D10135032DECD14FF0FF3450
:10D230003746002504F0010857F8040B4146013534
:10D240000DF0CFF8032DF7D140F65D700021013CC1
:10D250000DF0DBF8E31DEBD189498A4810F0B4FDED
:10D26000894801210DF0D3F8884809F0EDF8884885
:10D2700010F078FB00283CD1864C002554F8060CB1
:10D2800010F070FB002846D014F8013C002B45D06C
:10D2900054F8060C836821461B68984710B914346B
:10D2A000002D36D07C4B186018B97C4801210DF058
:10D2B000AEF87B48DFF8EC8110F054FB88BB6FF0D0
:10D2C0001203C8F80030784810F04CFB774B002868
:10D2D0006BD16FF012021A60002002F083FA00286E
:10D2E0006AD00220FFF7E2FE6FF0120037B0BDE80F
:10D2F000F08F6F4A66480F210DF059F86C4A644868
:10D3000014210DF054F86A4A614811210DF04FF8CC
:10D31000B2E70125B2E76FF01200C3E76FF08500B6
:10D32000C0E7644C3E2021460DF07CF810B1C8F8EF
:10D330000000C8E7604D3F2029460DF073F8014614
:10D3400010B1C8F80000BEE7228845F249439A426E
:10D35000B5D12B881B09B3F50A7FB0D1574B44F6E2
:10D3600082240025C3E90045FFF700FF0028DED135
:10D3700040F6A6610220FFF7F9FE0028D7D14FF64C
:10D380006A310120FFF7F2FE044610B1C8F8000030
:10D3900099E740F6986000210DF037F84848C8F842
:10D3A000004001210DF033F88DE7002245481A6056
:10D3B00001210DF02CF88FE7434800F06DFB08B118
:10D3C00003208FE7414D0FCD11AC0FC42B682360B4
:10D3D000012300933E493F4B022211A802F084FD35
:10D3E0000546002800F09F8004207BE7CA46C7E07E
:10D3F0002D4FD7F808B04321DBF80C30384698475A
:10D40000044690B90C213846DBF810303246984774
:10D410000746002840F0BF802F4B179C94FBF3F485
:10D42000169B0A2202FB0344B5E007460024B2E043
:10D430000E9BBDF834200F990B930F200A9209918F
:10D44000BDF832B0FFF764FD81461420FFF760FDA0
:10D4500082461120FFF75CFD0B9B09990A9A039104
:10D46000CDE905A0CDE900B30292CDF810901B4A9A
:10D470002B46802130460CF011FDA7E0F0E70100BB
:10D48000A9CF0000F01300209C2400203C060020BF
:10D49000B4E4010036EA0100E402002098240020F0
:10D4A0005CE50100E002002078E50100DC020020DC
:10D4B000100001003A38002038380020E81300201E
:10D4C0009424002090240020D0020020FCE70100DA
:10D4D00020EA010018EA0100A08601006BF10100BA
:10D4E0009D4B04971B8803939C4B9D4A1B88CDE959
:10D4F0000103D8F80030009380212B4630460CF011
:10D50000CDFC00280ADD7F28964BA8BF7F2082B281
:10D510003146186800F0CCFAFFF71AFD4FF40040CE
:10D5200000210CF072FF01358F4805F001010CF06D
:10D5300058FFBFF35B8F8D4B1B68BFF35B8F002BD6
:10D54000ECD0884B1B68002BE8D00023CDE90E33CC
:10D55000ADF83230ADF83430854BD3F80090B9F1E6
:10D56000000F7FF443AF0DF132020EA94846FFF7DA
:10D5700021FD0DAA81460FA90120FFF71BFD824660
:10D580007C4BBFF35B8F1C68BFF35B8F002C7FF479
:10D590002FAF794B1F6859EA0A033FF449AF0F20B8
:10D5A000FFF7B6FC83461420FFF7B2FC0990112068
:10D5B000FFF7AEFC099B0490CDE902B3CDE9009AD8
:10D5C0006E4A2B46802130460CF068FC00280ADDAC
:10D5D0007F28644BA8BF7F2082B23146186800F0D4
:10D5E00067FAFFF7B5FCBFF35B8F654B1B68BFF3B2
:10D5F0005B8F002B00F0968010A905200CF01FFF18
:10D6000000287FF46DAF10995E485F4A0909002336
:10D61000A1FB0001FCF7C0FA10A9099004200CF04E
:10D620000EFF00287FF45CAF1099090981F40021F6
:10D63000A1F5002140F6354042F21072002381FB33
:10D640000001FCF759FA10A90A9007200CF0F7FE28
:10D6500000287FF445AFDFF834A1DDF84090DAE927
:10D6600000B310A908200B930CF0E9FE00287FF40A
:10D6700037AF4FEA19100B9B80F40020A0F5002073
:10D68000C21743430BFB023CA0FB0B013E4A0023A5
:10D690006144FCF731FADAE90012109BA1FB03C1E7
:10D6A00003FB021149018146394A00234FEA4C101D
:10D6B00041EADC61FCF770FAB9F1000F82460DF126
:10D6C0003601B8BFC0F1000A06200CF0ABFE0028FE
:10D6D0007FF406AFBDF936002E492B4A4FEAE07CB5
:10D6E000A0FB010E002301FB0CE1FCF705FA57B982
:10D6F0000A9B0193099B0093CDE90404CDE9029AAA
:10D70000254A2B4609E00A9B0193CDE90407CDE9A0
:10D71000029A099B214A00932B46802116A80CF0FF
:10D72000BDFBEEE60D4A0C49D8F800301288098896
:10D7300057B1CDE90217CDE90032194A2B468021B5
:10D7400030460CF0ABFBDCE6CDE90032CDE902144B
:10D75000144A2B46F3E700BF383800203A3800203F
:10D76000A5F101008824002068EA01008C24002033
:10D77000E402002090240020DC02002031F10100AE
:10D7800094240020F1FA020040420F00E813002028
:10D79000809698002D3101003EF20100DFF101007A
:10D7A0009EF20100D0F20100014B1B68184700BF38
:10D7B000E802002030B585B004460D461022002155
:10D7C000684610F05EFD02238DF802302A46044BB5
:10D7D0000193214668460CF08DFB05B030BD00BFBB
:10D7E000A9D7000080B505460E461746984609F0B1
:10D7F00085FB034610F0D8FDDFF81890044649F881
:10D800000030424630463946A84754F8090000F037
:10D8100061FD00BF080000002DE9F047058B0446BC
:10D820002807904611D4022905F0070540F0CC8066
:10D8300020460DF074F878B10138218B042811D8F6
:10D84000DFE800F0C2106D85950001290CBF45F09E
:10D85000100545F02005258388F31188BFF36F8FED
:10D86000BDE8F08701F0070AAA4500F0A58000276F
:10D87000B9463E46A368002B00F0BC8041F0080189
:10D88000218388F31188BFF36F8FA168002900F00E
:10D89000BA800D68002900F0B680D1F804803346C4
:10D8A00052462046C047002D76D02B6829461D469B
:10D8B000F0E701F007035A1F012A1BD8002221F0CC
:10D8C0000701062B276889B2C4E9002209D13B462B
:10D8D00003E0628B013262831B68002BF9D141F0B7
:10D8E0000201218320460DF01AF800287AD041F079
:10D8F000200176E0042B0AD121F0070189B22183AF
:10D9000020460DF00CF810B141F020012183218B4D
:10D9100001F0070AAA454FD00027B946AAE72369B4
:10D9200021F0070141F00601062DD3F80090218374
:10D930002DD1B9F1000F3FD041F00801218388F3C8
:10D940001188BFF36F8F3A492046C84729E021F07C
:10D950000701236941F0040189B2042DD3F8049032
:10D960002183E6D000273E464FF0040A82E721F0EB
:10D970000701236941F0050189B2052DD3F808900C
:10D980002183D6D000273E464FF0050A72E70027D4
:10D990003E464FF0060A6DE72B4687E7B9F1000FC8
:10D9A000D1D1EFF31188402383F31288BFF36F8F37
:10D9B000238B23F008032383258BEA062ED525F03D
:10D9C0001003238305F007056669218B002EBFF63F
:10D9D00070AF00232768C4E9003321F0070141F04C
:10D9E00001012183218B01F0070AAA454FF00009AC
:10D9F0007FF440AF002F9CD041F00801218388F3D1
:10DA00001188BFF36F8F002FC8D03D683946334669
:10DA1000524620460CF0AFFF2F46F4E7AB067FF5E9
:10DA20001BAF25F02003238305F0070500E700BFA7
:10DA3000A3A90100014B03600020704770EA0100B8
:10DA400008B504480CF051FF03480CF04EFF0020CD
:10DA500008BD00BF15F301004AF30100034B9B68AA
:10DA60001BB1481E18BF012018477047A024002092
:10DA700010B51C46034B1B6811460BB12246984754
:10DA8000204610BDA0240020024B5B6803B118475C
:10DA9000704700BFA024002030B1044B02681A6018
:10DAA00042685A6082689A6000207047A024002073
:10DAB00070B586B00E461546002104461822684609
:10DAC00010F0DFFB0B490C4BADF80C50CDE9011603
:10DAD00004932CB96946204604F060FE06B070BD80
:10DAE000012220460EF0D1FD0028F3D16FF0150081
:10DAF000F4E700BF98EA010089DA0000014809F064
:10DB0000CBBD00BFE8EA010038B5044618B90F4B99
:10DB10000F485B6898476168B1F5683F10D0B1F570
:10DB2000680F0DD00B4DA9420AD011F4686120682E
:10DB300007D0014608480FF077FF00232360656097
:10DB400038BD142210F09DFBF9E700BFD40400207B
:10DB5000CDF301002C5F5CA9AC29002008B520B3EF
:10DB60004368B3F5683F10D101220368BFF35B8FB0
:10DB700053E8001F002903D143E800200028F7D113
:10DB8000BFF35B8F0DD1002008BD094A93420AD034
:10DB900000684FF0FF324FF0FF3308F05BFB0028C6
:10DBA000F1D00448F0E70448EEE76FF4E040EBE71B
:10DBB0002C5F5CA9E98FFFFFEA8FFFFF08B5D8B1A2
:10DBC0004368B3F5683F10D100220368BFF35B8F51
:10DBD00053E8001F012903D143E800200028F7D1B2
:10DBE000BFF35B8F0BD1002008BD074A934208D0DA
:10DBF000006808F0A7FBF6E76FF4E040F4E703489D
:10DC0000F2E70348F0E700BF2C5F5CA9E98FFFFF54
:10DC1000EA8FFFFF10B5044618B91D4B1D485B681D
:10DC200098476368B3F5683F2FD0B3F5680F2CD0E1
:10DC3000194A934219D1236803BB18484FF0FF32A9
:10DC40004FF0FF33214608F0D7FA08B923681BB913
:10DC50000F4B13485B68984720681422002110F08E
:10DC600010FB4FF46863636008E0B3F5683F0DD8BC
:10DC70003A2B03D040F6BA629342DED120680FF00F
:10DC80001DFF636843F03A03636010BD054AF3E784
:10DC9000D4040020CDF301002C5F5CA9AC29002046
:10DCA000F3F301003A00003A08B50649064840235C
:10DCB00014220FF0ABFEBDE808400449044809F007
:10DCC000AFBD00BFAC240020AC290020F0EA010069
:10DCD00004EB010008B50348034A0021121A0CF0B6
:10DCE00006FF08BDD0070020B03900200748084AC9
:10DCF000084908B5121A0CF0FCFE0748074A084903
:10DD0000BDE80840121A0CF0F4BE00BF000000206D
:10DD1000CC07002040FB0100000000200000002094
:10DD200040FB010038B505460C4699B1D1E9012305
:10DD30000F4809680CF0D9FDD4E90423E1680D48C7
:10DD40000CF0D3FDE1690C480CF0CFFDA1690B4844
:10DD50000CF0CBFD012D05D1EFF3058108481039FA
:10DD60000CF0C3FD21462846BDE8384008F0F0B865
:10DD700020F4010050F4010080F4010090F401004F
:10DD8000BFF4010030BFFFF7FDBF00BF2DE9F04138
:10DD90000B4EDFF8308006EB0807CC1B05463246F9
:10DDA0000949204610F045FAA01942460021083CD6
:10DDB00010F067FA6C6707F10800BDE8F08100BF5A
:10DDC0000000000004000000F0E70100054B5A6964
:10DDD0009B689A421FBF044A536843F080535360C4
:10DDE000704700BF3C2D002000ED00E02DE9F84316
:10DDF000324D80463248894617460CF076FDAB6AB4
:10DE0000DE0622D52F480CF070FD1124AB6A1D07E9
:10DE100003D52D480CF069FD1224284DAB6A9807F4
:10DE200015D52A480CF061FD6E6BAB6A190642D518
:10DE3000274831460CF059FDB9F1000F03D0AB6A09
:10DE400023F08003AB62132403E01024DEE76FF0BD
:10DE500015061A4DAB6ADA0703D51E480CF045FDCE
:10DE60001424AB6A9B0603D51B480CF03EFD152419
:10DE7000124B9A6AD50602D49A6A90070AD55B6853
:10DE8000190507D54146304600F004FB10B180F378
:10DE900009880224094B9A6A920642BF5A6A22F400
:10DEA00000525A629A6A42F0FF029A6200233B7063
:10DEB0002046BDE8F8836FF01506C4E700ED00E0EA
:10DEC000D3F40100EAF401001EF5010032F501006F
:10DED0004BF5010062F5010082F5010010B51D4C03
:10DEE0001D480CF002FDA36A990130D51B480CF0C7
:10DEF000FCFC1E20A36ADA0103D519480CF0F5FCDE
:10DF00001F20144CA36A1B0303D516480CF0EDFC2C
:10DF10002120A36A590303D513480CF0E6FC222004
:10DF20000C4CA36A9A0303D510480CF0DEFC2320A6
:10DF3000A36ADB0303D50E480CF0D7FC2420054A66
:10DF4000936A6FEA03436FEA1343936210BD1D2087
:10DF5000D0E700BF00ED00E0B2F50100CBF5010015
:10DF6000DFF50100FAF5010019F601003FF60100A6
:10DF70005AF6010070B5244C064624480D460CF0B4
:10DF8000B4FCA36AD90435D521480CF0AEFC1720A7
:10DF9000A36A1A0503D51F480CF0A7FC18201A4CD9
:10DFA000A36A9B050FD51C480CF09FFCA16BA36ACC
:10DFB000180407D519480CF098FC1EB1A36A23F485
:10DFC0000043A3621920104CA36A590503D51448D5
:10DFD0000CF08BFC1A20A36ADA050DD511480CF061
:10DFE00084FC1B20084A936A43F47F439362002316
:10DFF0002B7070BD1620CBE7A36A9B04F2D50A48AC
:10E000000CF073FC1C20EDE700ED00E086F601004B
:10E010009DF601001EF50100AFF60100C9F60100F2
:10E02000DFF60100FBF6010082F501002DE9F04169
:10E030005B4B5F688AB00446C7F30806002585F38A
:10E040001188BFF36F8F02F07F43B3F17F4F06D18A
:10E0500002F00C03082B13D152480CF046FC0025AB
:10E060002C464FF00008F31E8DF80780092B00F2B4
:10E070008680DFE803F00A7A7E7684848484848252
:10E0800010074CBF0C460125EBE74748444E0CF007
:10E090002CFC8DF80780F36A9A0704D543480CF0EE
:10E0A00024FC002330E0F36A002B01DA4048F6E755
:10E0B000F36A5B00F5D53F480CF017FC7369A26961
:10E0C00043F480737361BFF34F8FBFF36F8F736936
:10E0D00032F8022C23F480737361BFF34F8FBFF3C8
:10E0E0006F8F4DF602739A4209D0B36ADBB253B315
:10E0F0000DF1070201212046FFF778FE33E0216889
:10E100002D480CF0F2FB23689DF80720C2B902AE3F
:10E1100004F1200720686168324603C20834BC421B
:10E120001646F7D1099AB5B3C2F3080121B96FEACF
:10E1300052226FEA4222099202A91846FFF7F2FD25
:10E140000AB0BDE8F081B36A13F47F4F05D00DF13A
:10E1500007010120FFF70EFF05E0B36AB3F5803F2A
:10E160009FD3FFF7BBFE0346CEE70DF10702002168
:10E17000C1E70DF107010020ECE710488FE7104BD5
:10E180001049114817F4F87FA6F1100218BF19467C
:10E190000CF0ABFB85E722F4FF7222F00102CAE724
:10E1A00000ED00E042F701006EF7010086F7010084
:10E1B000A8F70100B7F70100D7F70100F4F7010055
:10E1C00029F7010014F7010019F80100044B5A69FE
:10E1D00042F010025A615A6922F008025A617047EF
:10E1E00000ED00E0EFF30880EFF3098101B572461E
:10E1F000FFF71CFF01BD00BF002080F31488BFF3B0
:10E200006F8F0F4880F3088806F08AFC00200D49C4
:10E210000860BFF34F8F00F02BF8402080F3118887
:10E2200009484FF40461401880F30988EFF3148023
:10E230000221084380F31488BFF36F8F00F0FAF8CF
:10E240004057002094ED00E0804500200749D1F8B8
:10E2500090200023C2F307221846934200DB704748
:10E26000C1F89830C1F8A0000133F6E700ED00E0F6
:10E2700008B572B6002383F31388FFF7E7FF144B4A
:10E280004FF0FF32C3F88020C3F88420C3F8882001
:10E29000C3F88C20C3F89020C3F89420C3F89820CA
:10E2A000C3F89C20C3F88021C3F88421C3F88821D7
:10E2B000C3F88C21C3F89021C3F89421C3F89821A6
:10E2C000C3F89C2162B6BFF34F8FBFF36F8F08BDB9
:10E2D00000E100E0084B9B6883420BD1EFF305831C
:10E2E00043B1064B5A6842F080525A605A6A22F48F
:10E2F00000425A6208F008BE3C2D002000ED00E00C
:10E3000014498A684FF030001044EFF3098C80E81C
:10E31000F01F402080F31288BFF36F8F0E4F4FF035
:10E3200000664A698A603E60506F0C4C2060906FB6
:10E330000023936780F3118804B5104600F00EF9AE
:10E34000BDE8044002F1300090E8F01F8CF309882A
:10E35000704700003C2D002004ED00E0C82900209B
:10E360001EF0040F0CBFEFF30880EFF30980816902
:10E3700011F8021C0229FFD001B572460CF0BBFB5C
:10E3800001BD00BF40B2002807DB044A4109012358
:10E3900000F01F00834042F82130704700E100E0A8
:10E3A00040B200280CDB4309064900F01F0020336F
:10E3B0000122824041F82320BFF34F8FBFF36F8FBC
:10E3C000704700BF00E100E0054B420900F01F006C
:10E3D00053F82220012303FA00F01040704700BFD9
:10E3E00000E100E040B2D30754BF02310021002811
:10E3F000ACBF00F16040074A4FEA4113ACBF00F5E3
:10E40000614000F00F00DBB2B4BF135480F800335A
:10E41000704700BF14ED00E0044B054A23F07F0372
:10E420009360BFF34F8FBFF36F8F70470000000002
:10E4300000ED00E008B5FFF7EFFF074AD2F888309B
:10E4400023F47003C2F88830FFF744FCFFF74EFC5A
:10E4500000F05AF807F044FE00ED00E042F8203CDE
:10E46000009B42F81C3C0A49019B42F8183C029B65
:10E4700042F8143C21F001014FF0807342F8043C53
:10E4800042F8081C0023203A02658367704700BFEA
:10E49000E5D70000094A0346906870B113F1160FE2
:10E4A000406E05D0A0F140029A4205D8834203D2C3
:10E4B000814228BF00207047002070473C2D00207B
:10E4C00008B515460B4A0C4B9060426F1A600E4619
:10E4D00000F044F82C4686F309880020034B984747
:10E4E0002046002100220023014C20471BAB0100E5
:10E4F000E5D700003C2D0020C8290020014B102248
:10E500001A61704700ED00E0044800234021C21862
:10E510000133302B82F80013F9D1704700E100E09D
:10E5200008B5EFF30583064A103B02EBC30152F82E
:10E53000330049688847BDE80840FFF747BC00BF83
:10E5400094E50100024B034A0348012100F076B82C
:10E55000000004200000002014EB0100426E054B77
:10E56000403A1A60044A4021C3E9011218460121C9
:10E5700000F06EB8CC29002000000B15084AC2F844
:10E5800098000B6823F01F03034343F01003C2F805
:10E590009C308B6843F00103C2F8A030704700BF85
:10E5A00000ED00E02DE9F043DFF8608085B00E4615
:10E5B0001F4604464FF00009B14523DA6068D8B120
:10E5C0003FB1411E08421BD11F2819D923681942A7
:10E5D00016D1236801930CF0C3FAA3680343039395
:10E5E000D8F89050C5F30725D0B2013DA84207D80E
:10E5F00001A9FFF7C3FF421C09F101090C34DBE755
:10E600006FF01502104605B0BDE8F08300ED00E0A4
:10E61000044B0522C3F89420BFF34F8FBFF36F8FD5
:10E62000704700BF00ED00E0BFF35F8F024B002298
:10E63000C3F89420704700BF00ED00E010B5034C14
:10E6400001232278FFF7AEFF207010BD5038002064
:10E6500008B50B4A00231278FFF7A4FF10F1160F3C
:10E6600007D0084A0021D2F89030C3F3072398421C
:10E6700000DB08BDC2F89800C2F8A0100130F2E734
:10E680005038002000ED00E02DE9F0435B4B5C4C7E
:10E69000D3F890302568C3F307239D4285B000F27C
:10E6A000A980FFF7C1FF00200C2685421BD1554CE5
:10E6B000554F25706846FFF7BDF9DFF84081DFF858
:10E6C0004C9106460025AE4214D123784B490020D8
:10E6D000D1F89020C2F307229342C0F28580FFF761
:10E6E00097FF002045E0616806FB0011FFF746FF39
:10E6F0000130DAE7009800EB05114FEA051CCB6802
:10E700003B40B3F5000F4DD00AD8B3F5001F33D00E
:10E71000B3F5800F3BD0B3F5801F13D00135D2E79E
:10E72000B3F1007F47D0B3F1805F4DD0B3F1807F6C
:10E73000F4D150F80C3088684A680CF011FA40F0B7
:10E74000887009E050F80C3088684A680CF008FAC4
:10E7500040F0885040F43020CDE901230390D8F8F0
:10E7600090302078C3F30723013B984235D96FF0EE
:10E77000150005B0BDE8F08350F80C3088684A6891
:10E780000CF0EEF940F0885040F40020E4E750F837
:10E790000C3088684A680CF0E3F940F0C06040F43F
:10E7A0000030D9E750F80C3088684A680CF0D8F986
:10E7B00040F08270D0E750F80C3088684A680CF05E
:10E7C000CFF940F48020C7E750F80C3088684A68D9
:10E7D0000CF0C6F940EA0900BEE701A9FFF7CEFE3A
:10E7E00023780133237099E7C1F89830C1F8A0006D
:10E7F00001336DE74FF0FF30BBE700BF00ED00E0F5
:10E8000020EB0100503800200000F0FF0000021152
:10E8100008B50649064821F00701C1F1005202F58A
:10E8200080220CF008F8002008BD00BF717C002099
:10E83000D829002070B54169867A0B4D044659B13C
:10E84000437ADB0706D42C2303FB06535B6A1B6861
:10E850009B689847002363612C20214606FB0050EB
:10E86000BDE870400FF0D2B96C060020024B2C229C
:10E8700002FB0030704700BF6C060020827A064B16
:10E880002C2101FB02339A6A1B7F1B33801A23F071
:10E890000303B0FBF3F070476C06002038B5074B5C
:10E8A000827A2C2404FB02335B6AD3E901240C60D6
:10E8B0001568FFF7E3FF04FB005038BD6C0600202D
:10E8C0002DE9F04385B005466846039190461C4605
:10E8D0000FF0D7FBDDE90067EFF31189402383F3E5
:10E8E0001288BFF36F8F6B8B002B41D02A8B9A421B
:10E8F00025D900220023284607F074FD0446F0B114
:10E9000089F31188BFF36F8F039B002B41D03246F0
:10E910003B4668460FF0DAFBA27A264B2C2101FB1E
:10E92000023320465B6A1B6803A91D68DDE90023EA
:10E93000A847606170BB2046FFF77CFF24E0698B2D
:10E940004B1E6B8389F31188BFF36F8F2B7F2A8B4C
:10E95000AC6A1B3323F00303521A02FB0344154B2A
:10E96000154AEB1A9B105343A3722B7FE372CBE73C
:10E9700089F31188BFF36F8F23464246284607F07C
:10E9800031FD04460028BFD10024204605B0BDE873
:10E99000F0836361012300252381039B6382E27A74
:10E9A0006560294604F118000FF06BFC636925824D
:10E9B000E360EAE76C060020A38B2EBA70B50D4C1D
:10E9C0002C2500B970BD037A4668002BFAD0013BB4
:10E9D000DBB20372002BF5D1C3604360837A05FB81
:10E9E00003431B6A13B198473046EAE7FFF722FF5B
:10E9F000FAE700BF6C0600200E4A0123C2F840353A
:10EA00004FF080424FF08051C2F87835D1F8300194
:10EA1000082808D1D1F83411052904D80648415CEA
:10EA200009B1C2F838364FF080430122C3F880257F
:10EA30000020704700E001403CF8010048B1054B60
:10EA4000054A1B68B3FBF2F35843044B43F0010340
:10EA500018477047C004002040420F0010EA010030
:10EA600008B50448044A3F23C0E9002306F036F9FC
:10EA7000002008BDE4290020FFFF01000378012BDE
:10EA800030B513D0022B27D07BB9194B0A4603F1BE
:10EA9000100453F8045B42F8045BA342F9D11B78DD
:10EAA000137043884B731B0A8B7330BD104B0A469F
:10EAB00003F1100453F8045B42F8045BA342F9D15C
:10EAC0001B78137043684B73C3F307221B0CCB7383
:10EAD0001B0A8A730B74E8E700F1100350F8042B4B
:10EAE00041F8042B9842F9D103780B70DDE700BFA1
:10EAF0005CF8010010B50CF068F90FF084F90E4CC9
:10EB000030B1BFF35B8F2368BFF35B8F7BB910BD60
:10EB100008F000F9BFF35B8F2368BFF35B8F1BB96D
:10EB2000BDE8104008F00AB90A209847F8E7BDE8A8
:10EB300010400A20184700BFEC29002038B50446D1
:10EB400008480CF023F8054648B1631EDBB21F2BC2
:10EB500096BF054A0021D15C0C300CF086F828469F
:10EB600038BD00BF480700206DF80100054BBFF31A
:10EB70005B8F53E8002F43E800010029F9D1BFF370
:10EB80005B8F7047EC2900200F2810B50CD80D289A
:10EB90000CD90A480BF0FAFF044618B104210C30D6
:10EBA0000CF063F8204610BD1328F2D009B10448D8
:10EBB000F0E7BDE810400220FFF7C0BFA00700202B
:10EBC000C406002070B5C6683378B6F8014083B932
:10EBD0000F21204601F006FDF378054650B90A4A98
:10EBE000118831B96FEA04506FEA10501080074A5B
:10EBF000137070BD4372012101F060FC2846BDE82E
:10EC0000704001F015BC00BF3C3800205138002096
:10EC100010B586B003AB002400930749074805945C
:10EC20004FF0FF334FF44072CDE9034407F0C6FDC7
:10EC3000204606B010BD00BFC039002020140020BF
:10EC400010B5084C0146062294F86F0001F066FFEB
:10EC500038B994F86F000449BDE81040052201F06E
:10EC60005DBF10BD8000002042F8010010B50121F9
:10EC700004460C300CF01AF82146034A0078BDE82F
:10EC8000104000230CF06EB920EC010010B50121FA
:10EC900004460C300CF00AF82146034A0078BDE81F
:10ECA000104007230CF05EB9E8EB010010B501211C
:10ECB00004460C300BF0FAFF2146034A0078BDE809
:10ECC000104002230CF04EB9B8EB01002DE9F843D7
:10ECD0000C4608F01FF8E368228A1978022964D0EC
:10ECE000042905D02046FFF769FE6FF0150405E002
:10ECF000022A08D82046FFF761FE002408F01EF81B
:10ED00002046BDE8F88358783E2808D1032AF1D080
:10ED1000DB78012B01D00A2B47D1032604E00CF04D
:10ED2000B1F80646F0073ED504F10C0528460BF075
:10ED3000D5FF012107462846B4F810900BF0AEFF2E
:10ED4000022128460BF0B2FF804600783E2816D1FB
:10ED5000E3681B78012B31D00A2B2FD002251A4AE9
:10ED60001A491B4841F27B130BF0CCFD002383F3BF
:10ED70001188BFF36F8F0323184602DF04E00CF005
:10ED800081F8C1070546EAD5124A98F80000062323
:10ED900021460CF0E7F8AA0712D56369A4F8109091
:10EDA00013FA87F7E760B307A7D521460A480BF0A7
:10EDB000F1FE0A490A480EF0D6FF9EE70325E3E775
:10EDC0002046FFF7FBFDEEE78DF80100C1F80100DA
:10EDD000DAF8010088EB0100CC010020D403002008
:10EDE000C014002070B531480BF0E9FE044600283D
:10EDF0005AD000F10C0528460BF060FF022805D020
:10EE000004282FD02046FFF7D9FD21E0238A032BC9
:10EE1000F8D9042128460BF049FFFF2243880688D1
:10EE20002276228AC6F30B009A426083EAD10F2130
:10EE300001F0D8FB05460028E4D001F0EFFB320BCF
:10EE40002076214628460CF0BFFB284601F0F0FA58
:10EE5000174BD3F84C313BB3BDE870401549164809
:10EE60000EF081BF284602210BF020FF05460078F6
:10EE70003E2812D00CF006F810F002060DD10F4A11
:10EE80000F49104840F6B2430BF03CFD86F3118861
:10EE9000BFF36F8F0323184602DF0B4A2878042341
:10EEA00021460CF05FF8ADE770BD00BFCC0100203B
:10EEB00080000020D4030020C01400208DF8010041
:10EEC000F7F80100DAF80100C8EB01002DE9F0477E
:10EED000884616468246002872D0BFF35B8FDFF863
:10EEE000E490002359E8004F49E80032002AF9D1A4
:10EEF000BFF35B8F002C63D02046FFF7BFFC324D81
:10EF00000C2303FB005027464388534511D0BFF321
:10EF10005B8F59E8003F49E80072002AF9D1BFF33E
:10EF20005B8F002B4CD01F463846BDE8F047FFF7FB
:10EF300045BDA64208D020460BF023FE328AF16878
:10EF400004F10C000BF088FE2046FFF797FC0C261E
:10EF500006FB00504368ABB1B8F1000F12D1204658
:10EF6000FFF78CFC06FB005001214268D2E9000348
:10EF7000127A03F01F06B1405B09DAB100EB83009F
:10EF80000BF0BFFF2046FFF779FC0C2606FB005074
:10EF90008368002BC8D02046FFF770FC704305F84B
:10EFA00000802046FFF76AFC06FB0055A86807F0C2
:10EFB0004BFAB9E7C94300EB83000BF0EAFFE1E746
:10EFC000BDE8F087C8010020F0290020094BBFF3FD
:10EFD0005B8F1A68BFF35B8F02F00B02BFF35B8F8E
:10EFE00053E8001F43E800200028F9D1BFF35B8FEE
:10EFF000704700BF5401002010B5C1E900239DF8FF
:10F0000008300B720C46FFF739FC034B0C2202FB55
:10F0100000335C6010BD00BFF0290020F8B5024647
:10F020000B4610480BF0B2FD0446C0B104210C3071
:10F030000BF001FE2046FFF721FC0B4D0C2707FBD0
:10F040000050002646802046FFF718FC07FB0050C2
:10F0500086602046FFF712FC07FB00556E602046D5
:10F06000F8BD00BF1C070020F0290020034B01461B
:10F07000D3F86C0182689268104700BF80000020BE
:10F08000014804210BF03DBF5401002000487047A7
:10F090000AF30100014902480EF065BEC4030020D6
:10F0A0002014002070B505460C4659B94FF0FF30CA
:10F0B0004FF0FF31FFF7B2FF044618B96FF0680553
:10F0C000284670BD2046FFF7D9FB164B0C2202FBE9
:10F0D0000033A61830465D800BF000FE03280BD9E4
:10F0E000032130460BF0C9FD0580238A033B837062
:10F0F000012130460BF0C9FD40F635439D4208D151
:10F100002046FFF7B3FF054648B12046FFF756FCFF
:10F11000D6E7054821460EF06EFDFFF7BBFF002540
:10F12000CEE700BFF0290020D40100202DE9F043F4
:10F13000064687B017460C4669B94FF0FF304FF0CE
:10F14000FF31FFF76BFF044658B96FF0680528469A
:10F1500007B0BDE8F083887AFFF788FB304B834225
:10F1600058D10122002168460EF05EFD2046FFF7CF
:10F1700085FBDFF8B0900C2303FB0090C0F808D0AB
:10F1800020460BF032FD01463046FFF78BFF054667
:10F1900018B12046FFF712FCD9E74FF4A022002354
:10F1A000684607F08BF9804690B14FF4FD731E4A14
:10F1B0001E491F480BF0A6FB1E48424631460BF085
:10F1C000A1FB85F31188BFF36F8F0323184602DF7D
:10F1D0002046FFF753FB0C23584319F80060AEB1EB
:10F1E0002046093EFFF7EAFB092E0CD8DFE806F0BF
:10F1F000150B0B08050B0B0B0B126FF00B05A6E79D
:10F200006FF00C05A3E76FF00405A0E7002FC0D056
:10F210003C609CE76FF0150599E76FF06E0596E787
:10F220001C070020F02900208DF8010025F90100BD
:10F23000DAF801002EF901002DE9FF414F4BB0F83B
:10F240000180198848F4704291424FF0000602BFD5
:10F250001E804B4B1E78C378012B08BF494B00F131
:10F260000404054620460CBF93F86F7000270BF08E
:10F27000A8FD2146A8B102A80BF098FDD5F81130E1
:10F28000CDF80130B5F81530ADF805300127EB7831
:10F29000012B1CD0132140460BF0AAFF04B0BDE89F
:10F2A000F08138460CF07CF80346006802909A889A
:10F2B0009B796868ADF80C208DF80E30A288A37990
:10F2C0002F790090ADF804208DF80630DFE702A812
:10F2D000FFF7B6FC04460028DCD00346B5F8012051
:10F2E00023F8702B02989DF80E20BDF80C102067B3
:10F2F0009A719980B5F8173040F2E2425343C4F84E
:10F300008830B5F81930A4F89030B5F81B30A4F85F
:10F310009230EB78E3700022012B62721CD18DF8E1
:10F320000070BDF804209DF806300098A4F87B20FA
:10F3300084F87D30C4F8770000F0D2FD237A1149BB
:10F34000C3EBC3035A18CB58C4F87E309388A4F893
:10F350008230937984F884300721204601F0AEF89A
:10F3600026B166720121204601F0A8F8204601F07E
:10F3700087F9204601F05CF890E700BF3C38002098
:10F38000513800208000002000B5C3681A7889B089
:10F3900032B13C2A32D109B05DF804EB0BF0D0BE9B
:10F3A0008DF80020B3F80120ADF80120DA788DF84F
:10F3B0000320B3F80B20ADF81720B3F80D20ADF8FB
:10F3C0001920B3F80F20ADF81B205A7C8DF81D20B2
:10F3D000586801901A899B7A8DF80A30094BADF86C
:10F3E000082068461A689B88CDF80B20ADF80F30CE
:10F3F000CDF81120ADF81530FFF71EFF09B05DF80C
:10F4000004FB00BF56F80100F7B50022114640F694
:10F410000340FFF78BFE0446002853D1FFF7D6FDCB
:10F42000214601AA41F20300FFF780FE04460028AE
:10F4300048D1019A254DD168D1F80100D1F80510C5
:10F4400005F1780303C31046FFF7B8FA214601AA75
:10F4500041F20100FFF76AFE044698BB0198C368B9
:10F460005A7885F870205A88A5F872201A7985F89C
:10F470007120B3F80720A5F87420B3F80530A5F87B
:10F480007630FFF79BFA214601AA41F20200FFF70E
:10F490004DFE0446B0B9019FFA6805F18006531C81
:10F4A000413218685968344603C4083393422646EB
:10F4B000F7D13846FFF782FA95F87C305A0607D420
:10F4C0006FF01204204603B0F0BD00BF80000020A2
:10F4D00001AA002142F20300FFF728FE044600289B
:10F4E000F0D1019BB64EDA68D2F80100D2F80510CF
:10F4F00003C61846FFF762FA214601AA42F202004B
:10F50000FFF714FE04460028DCD1019CE368B3F841
:10F51000012091B249B1D97839B1A5F80421DA783E
:10F52000114606F128000EF07FFB2046FFF746FA51
:10F5300095F87C601F2316F02006A5F8203119D11C
:10F540004FF0FF304FF0FF31FFF768FD0446002811
:10F5500000F01B8102210C300BF078FB01230370BB
:10F5600046702146324640F66D40FFF7DFFD044607
:10F570000028A7D195F89C301B0712D501AA0021BD
:10F5800042F21C00FFF7D2FD044600289AD10198F0
:10F59000C368D3F80120D3F80530C5E93823FFF755
:10F5A0000DFA95F8D8309F0625D50DF10201684671
:10F5B0000BF006FE0446002884D14FF0FF304FF0D8
:10F5C000FF31FFF72BFD0646002800F0DE80042106
:10F5D0000C300BF03BFBBDF800300380BDF802306F
:10F5E00043802246314642F22400FFF79FFD044645
:10F5F00000287FF467AF4FF0FF304FF0FF31FFF787
:10F600000DFD0446002800F0C08008210C300BF0EE
:10F610001DFB95F8D82012F0020F14BF2F230F23E3
:10F62000960695F8D92048BF43F0400312F0090F21
:10F6300018BF43F4006300220370C3F30723437031
:10F640008270C270027142718271C271214642F2AF
:10F650000100FFF76BFD044600287FF433AF95F8F7
:10F660007C30B5F8041198067BD4C9B901AA41F2DF
:10F670000500FFF75BFD044600287FF423AFB5F8D3
:10F680000431019C4BB9E368B3F80120A5F80421CB
:10F690009A884C4811460EF0C7FA2046FFF78EF9BB
:10F6A0004FF0FF304FF0FF31FFF7B8FC0446002861
:10F6B0006BD008210C300BF0C9FA1023037088239B
:10F6C000437002230022C3702023827002714271B2
:10F6D0008271C371214640F60140FFF727FD0446C1
:10F6E00000287FF4EFAE014601AA4FF60140FFF774
:10F6F0001DFD044620BB0198FFF760F9214601AAD1
:10F700004FF60240FFF712FD0446C8B90198C368DE
:10F71000B3F80130A5F8C130FFF750F995F8C130C2
:10F720005A070DD501AA21464FF60340FFF7FEFC0C
:10F7300030B90198C3685B7885F8C030FFF73EF9AF
:10F74000EB799BB900F010FB044600287FF4BAAEB9
:10F7500001F0BAFA044600287FF4B4AEFFF790FC3B
:10F76000B0E600299CD16FF00404ABE62E78002EA1
:10F77000E8D195F8C1309B061ED54FF0FF304FF011
:10F78000FF31FFF74BFC044610B96FF0680499E6AF
:10F7900006210C300BF05AFAD5F8013003600A4B01
:10F7A0009B888380214632464FF60640FFF7BEFC19
:10F7B00004460028C6D085E66FF0850482E600BFC7
:10F7C00058010020880100208100002010B5FFF7BB
:10F7D0001BFE034B1B6813B1BDE81040184710BD5A
:10F7E000142A002073B5254D0646D5F86C010EF09D
:10F7F000B9F800283BD06FF0020105F1D4000BF0FE
:10F80000C8FB01210BF07DFB10EA010432D11C4B37
:10F810001E600A4605F598700EF006FA05F5AA7006
:10F820000EF0DDF917480EF0C9FA17491548009493
:10F830006FF007034FF4806206F0C0FF13491148D0
:10F840000EF0E7FAD5F86C01114983681B689847F8
:10F85000044648B926B902B0BDE87040FFF7D4BDF0
:10F8600005F1C40006F0A4FF204602B070BD6FF0A1
:10F870001204F9E76FF07704F6E700BF800000207C
:10F88000142A0020C0140020003D002073F901005C
:10F89000CDEC000038B5032104460C300BF006FA1D
:10F8A000E3680578B0F80100197840F635439842CE
:10F8B0000AD02246FFF70AFB35B1044806F0C4FD22
:10F8C000BDE83840FFF7E6BB38BD00BFB0010020FF
:10F8D00038B507F01FFA284DD5F85431002B48D021
:10F8E0000022002305F5987006F0E8FD002840D1BD
:10F8F0000022002305F5AA7006F074FD044668B9DD
:10F900001E4A1F491F4840F6C2430AF0FBFF84F31A
:10F910001188BFF36F8F0323184602DFD5F8480123
:10F9200020B1FFF74BF80023C5F8483120460BF013
:10F930005CF9C5F848012046FFF798FB98B11248DA
:10F9400006F082FD2046FEF799FF104B0C2202FBC9
:10F9500000301F2140882246FFF7B8FA2046FFF703
:10F960002DF8FFF797FBFFF795FBBDE8384007F050
:10F97000E5B900F095FEF8E7800000208DF8010061
:10F980007CF90100DAF80100B0010020F029002024
:10F9900038B5042104460C300BF088F9457801781D
:10F9A00040882246FFF792FA35B1044806F04CFD34
:10F9B000BDE83840FFF76EBB38BD00BFB001002086
:10F9C000F8B50A4DEF7906460024E3B29F4202D80B
:10F9D0006FF0010007E0294630460BF0D9FC0735EF
:10F9E000631C08B12046F8BD1C46EEE780000020ED
:10F9F00070B5144E0622314604460EF04AFCE0B1C2
:10FA00004FF0FF304FF0FF31FFF708FB0546B0B174
:10FA1000062221460C300BF01FF90022294642F243
:10FA20000500FFF783FB48B93346226843F869298C
:10FA3000A288B280012283F86820002070BD6FF098
:10FA40006800FBE7E900002037B504460D4689B1A0
:10FA5000184928460BF09CFC60B9174A2968C4EB8A
:10FA6000C404A3181151AA889A80AA799A71002017
:10FA700003B030BD68460BF08BF90028F8D168461A
:10FA8000FFF79EFF0028F5DA0B4A00989DF8061054
:10FA9000C4EBC404A3181051BDF8040098809971F8
:10FAA000002DE4D012592A609A88AA809B79AB7104
:10FAB000DDE700BF49F801008000002070B5044672
:10FAC00011B16FF0150070BDF0B123490BF060FC6F
:10FAD000D0B92046FFF774FF002837DA237863B9DE
:10FAE0001E4AD37993BB20681060A179A0889171D8
:10FAF00001219080D1711846E5E7012BE1D1A3796E
:10FB000003F0C003C02BDCD1144DEB79012B20D0C6
:10FB1000BFF35B8FD5F8D430BFF35B8FDB0707D41F
:10FB2000002CCED00C4920460BF032FC0028C8D166
:10FB3000EE792146731C3046EB71FFF785FF08B95B
:10FB40003046C0E7EB79013BEB71BCE76FF0770023
:10FB5000B9E76FF00B00B6E749F80100800000201C
:10FB60002DE9F3410446D8B101AA002141F2090070
:10FB7000FFF7DCFA054698B9019E1249D6F80C80C9
:10FB800008F10107062238460EF083FB28B10E4922
:10FB9000062238460EF07DFB30B93046FEF70EFFE8
:10FBA000002002B0BDE8F081D8F80130C4F801307F
:10FBB000BB88A4F8053030462570FEF7FFFE012013
:10FBC000EFE700BF56F8010050F8010007B568469E
:10FBD000FFF7C6FF044BD87118B169460020FFF744
:10FBE00033FF03B05DF804FB80000020F0B5294D21
:10FBF000EE7989B0002E46D195F8C230DB0722D5C8
:10FC00006A4631464FF60940FFF790FAD8B9DDF859
:10FC100000C0DCF80C406378012B1E4628BF01268B
:10FC200073B1A31C02AA123418685968174603C797
:10FC30000833A3423A46F7D1186838609B88BB80E6
:10FC40006046FEF7BBFEEE71002416260127EB7915
:10FC5000E0B2834202D8B3B1002012E008AB06FB49
:10FC60000033694653F8182C33F8143CCDF80120C2
:10FC7000ADF805308DF80070FFF7E6FE013400287E
:10FC8000E5D009B0F0BD0021084609B0BDE8F0405C
:10FC9000FFF714BF800000202DE9F0410D46174604
:10FCA0001C460646002856D0002B54D00A03037881
:10FCB00008D56D074FD40BF080FB002849D10123F4
:10FCC00023700CE0A9072CD026480FB1AA0608D44F
:10FCD000C3EBC302825C012A12D002B92270002059
:10FCE00037E090F8D820510638D5C3EBC302825CC8
:10FCF000012A05D002B92270237843F00203DFE71E
:10FD00004FF00108072111FB0381014430460BF03D
:10FD10004CFBF0B984F80080002FE0D0AB06DED5B4
:10FD2000EAE76A0711D50F49C3EBC3028E5C012EC7
:10FD300008D1072212FB036319440BF036FB40B9CC
:10FD40002670EBE7002EE9D1FAE70BF036FB012332
:10FD50002370BDE8F0816FF01500FAE76FF08500C1
:10FD6000F7E700BF8000002010B50A4CE3790BB123
:10FD7000002010BDFFF72AFF0028FAD1E379002BFD
:10FD8000F6D1FFF733FF0028F3D1601CBDE8104027
:10FD9000FFF72EBE80000020F8B5456869050646CD
:10FDA00035D4046914B115F0030330D0194F3078FD
:10FDB000FB7983422BD9C0EBC00017490722384496
:10FDC0000EF067FAA8B115F0030306D197F870207A
:10FDD000082A02D8B2689F2A19D915F0300F09D025
:10FDE000ACB1EA060AD405F46035B5F5603018BF49
:10FDF0000120F8BDEB0601D4002CF4D1D6E9022392
:10FE00009A4204D81F2A02D9B3F5804FEBD90020BB
:10FE1000EFE700BF8000002049F80100F7B5CDE909
:10FE20000001694642F208009DF8207016461D4602
:10FE30000BF0F3FA044668B97FB9BFF35B8F0C4B44
:10FE400053E8001F41F0040143E80012002AF7D1F3
:10FE5000BFF35B8F204603B0F0BD694642F2090054
:10FE6000CDE900650BF0D9FA0028E6D00446F1E7A9
:10FE7000A8000020F8B50446164B14F8097B83F857
:10FE80006F7005460E460722134920460EF001FA10
:10FE900070B91249384600F0FDFD044610B96FF004
:10FEA0000B00F8BD052100F009FB34600020F8E7E5
:10FEB000214638460BF032FC40B92146287800F044
:10FEC000E9FD04460028EAD00621ECE76FF01500B2
:10FED000E7E700BF8000002049F8010042F8010078
:10FEE00000487047980000202DE9F04F8B4ED0F865
:10FEF00010B089B09A460023BBEB03040546304698
:10FF000018BF012403930BF082FA0F464107914674
:10FF100040F1E5802846FFF73FFF60B96FF0150418
:10FF20003846002340F20111994540F0E180204617
:10FF300009B0BDE8F08F28460BF056FA804600283D
:10FF4000ECD0A6F1AC000BF062FAC205C0F30023BE
:10FF500000F1C880CDE90533CDF81B30AB68686887
:10FF6000ADF81030EB68ADF812300BF041FA8DF8B7
:10FF70001D00BFF35B8F56E8003F23F4807346E813
:10FF80000032002AF7D1BFF35B8F2A7806F8BC2C29
:10FF900006F8652C696822460DF11503A6F1BC0030
:10FFA000FFF77AFE04460028BAD1A6F1B303BBF1ED
:10FFB000000F11D02A69116846F8B31C9188998006
:10FFC00092799A716B689E0745D1980502D4BAF16F
:10FFD000000F54D002230BE0514A116846F8B31CBD
:10FFE0009188927999809A716B689C07EDD05B46F5
:10FFF0008DF814304FF0FF304FF0FF31FFF70EF85F
:020000040001F9
:100000000446002871D00F2204A90C300AF024FE07
:100010002146002242F20600FFF788F80446002835
:100020007FF47EAFBBF1000F2DD06B68990736D1FE
:100030003C4801210BF066FA039E0446002836D0A6
:10004000002E3FF46DAF3046002100F037FA304605
:1000500000F0EEF964E713F0100F0CBF0123042346
:100060008DF814302B691A68CDF816209A88ADF8EF
:100070001A209B798DF81C304FF00008BAE7032353
:100080008DF81430F8E7129BCDF8008052464946AF
:100090003846FFF7C3FE04460028C6D040E7214893
:1000A00003A9FFF7E7FE04460028C1D038E716B1E0
:1000B000304600F0BDF96A681B4812F0030218BF11
:1000C000012209210BF003FA42460A210BF0FFF945
:1000D0006A680C21C2F380020BF0F9F920E76FF097
:1000E0000A041DE76FF077041AE76FF0680417E75A
:1000F00002888A4204D1426812B11278D20702D42F
:100100000133083010E7094909480DF05DFE4FF44E
:1001100070220023064806F0EFFB08E75401002098
:1001200049F8010098000020A800002057B5010000
:10013000B000002010B518480BF00AFA17480BF071
:1001400066F90346DA05C0F3002023D513480BF007
:100150005EF9830515D51249124807220EF099F869
:1001600011490346087E93B91049052200F0D6FCD8
:10017000044630B10021417200F0A0F9204600F0A1
:1001800057F9BDE81040044800210BF0BBB9062226
:100190002131EBE710BD00BF98000020A80000202F
:1001A00049F80100A10000208000002042F8010071
:1001B00070B50C4B1C68054644B154F8143C143C13
:1001C00013B1697A284698476469F5E7064C074EEB
:1001D000B44200D370BD236813B1697A28469847AA
:1001E0001834F5E74C2A0020C0E70100D8E70100E9
:1001F00010B50446FEF742FB044901EB001120460E
:100200000AF020FEBDE81040FEF744BF182A002087
:1002100070B5D1E9015600220446C1E90122064821
:100220000DF0E9FC3DB1314620462B466FF06D02E2
:10023000BDE87040184770BD5406002037B5837A7A
:10024000072B044634D1BFF35B8F031D53E8002F07
:1002500042F4806143E80015002DF7D1BFF35B8FB6
:10026000550525D4BFF35B8F6368BFF35B8FD9035C
:1002700006D4104B93F8D8301A0701D50AF0DEFFE8
:10028000A37A072B14D10B4B93F8D8309B060FD5CC
:100290000AF06EFF60B10DF1060101A80AF090FFAF
:1002A00030B9BDF80620BDF8041020460AF0E1FF81
:1002B00003B030BD8000002070B505460F48002215
:1002C000002306F0FBF8B8B90D4B1C6834B154F8A4
:1002D0000C3C143C03B198476469F7E7094C0A4E9B
:1002E000B44204D32846BDE8704006F061BAA36862
:1002F00003B198471834F3E770BD00BF240600200F
:100300004C2A0020C0E70100D8E701002DE9F8439E
:10031000DFF85480044640270025EFF3118387F36C
:100320001288BFF36F8FE16929B983F31188BFF396
:100330006F8FBDE8F883206A0A68E261814208BFD6
:10034000226283F31188BFF36F8FD1E901694046C0
:10035000C1E901550DF04FFC1EB10022494620466F
:10036000B047FEF797FED8E7540600200448B0F8DF
:100370000431002B00F5847008BF0020704700BFD7
:100380008000002030B504460EF00EF80D4A0D46F0
:100390000D490858D2F8801088428BB005D120460C
:1003A0000BB0BDE83040FFF7B1BF24342146104602
:1003B0000DF0D9FC1DB1694620460DF0E4FC0BB0F0
:1003C00030BD00BF482300200800000038B50022DF
:1003D00004468A4202D10024204638BD04F1C803F5
:1003E0000120BFF35B8F53E8005F002D04D143E889
:1003F000000CBCF1000FF6D1BFF35B8F02D0D034FC
:100400000244E6E7002CE6D0C822002120460DF089
:1004100038FF04F1400004490DF0D6FC034904F113
:1004200024000DF084FCD7E7CD0B01007BB5010063
:1004300008B5C830BFF35B8F50E8003F013B40E890
:100440000032002AF8D1BFF35B8F3BB9044805F0B6
:10045000FBFFBDE80840034806F0AAB908BD00BF8D
:1004600024060020F403002010B504460BF0FAF82F
:1004700006F050FC104BD3F8241104F1BC0249B92A
:10048000C4F8BC10D3F8281189B9C3E9492206F091
:1004900055FC06E08A4208D106F050FC2046FFF7E2
:1004A000C7FFBDE81040FEF7F5BD0968E7E70A6041
:1004B000C3F82821EBE700BF8000002070B5837AE5
:1004C0008B42044668D08172FBB90BF0CBF8A37A5B
:1004D000012B1DD0072B5FD13048002107F038F8E1
:1004E0000023C4E90D33E378012B55D1A378012B08
:1004F00004BF032384F8983004F140004FF4203205
:10050000BDE87040002306F0C3B9827A012A08D101
:10051000234D05F58476616961BBBDE87040FEF747
:10052000B9BD072AD8D0002A36D1013B072B33D8D2
:10053000DFE803F004171B1B1B17323200F14005E4
:1005400028460DF04DFC20460121FFF71BFF2046F9
:100550000BF031F828460022BDE87040002306F079
:10056000CBB9437A0BB1FFF723FE2046BDE87040BC
:10057000FFF75EBFA2690B686361914208BFA36188
:100580002046FFF745FEB5F80431002B14BF304676
:10059000002005F059FFBEE770BD00BF0404002035
:1005A00080000020F8B5074609480D4616460BF0B6
:1005B00059F8044650B183781F4203D1BDE8F84092
:1005C000FFF736BF3146A8472046F7E7F8BD00BF22
:1005D00060150020024900220120FFF7E3BF00BFA1
:1005E0003D02010038B505460B480C460BF03AF8C1
:1005F000034670B1827A012A02D0073A012A06D84E
:100600001A88AA4202D19A78144203D11846FFF7F9
:100610000FFF0023184638BD60150020034BC01A99
:10062000034B00115843C0B2704700BF6015002053
:10063000C54EECC470B51C46144305460E460AD0A0
:100640000DF0B2FE0B4908580B49D1F880108842D2
:1006500004BF002213460949002D14BF284608464E
:100660000AF094FA044618B1711D0C300AF0E3FA4E
:10067000204670BD08000000482300206C060020C2
:1006800010B50446054806F093F8204600F0D4FB68
:100690002046BDE81040FFF78BBD00BFE4030020FB
:1006A0002DE9F04F87B0002303930593AC4B5A8B91
:1006B00032B1AC4DD5F8244134B907B0BDE8F08F64
:1006C0001B68002BF5D1F8E754F8BC3903B1BC3BEB
:1006D000A549002601E01C461346B5F80421002A6E
:1006E00000F03B81D5F810214AB904F1BC06002B7B
:1006F000E3D0D3F8BC20002AEDD0BC3AEBE70A687F
:10070000002AF2D0D4F8A820002AEED0D4F8AC20E9
:10071000002AEAD0D4F8B020002AE6D0A37A072B2A
:1007200066D120469047002862D0BFF35B8FD4F893
:10073000C030BFF35B8F022B5ADC20460AF092FFD9
:1007400004460028B9D0A37A072B40F0FD80D4F8E6
:10075000A830B5F8041104AA204698470746002897
:1007600000F0D280B5F80421049B9A4206D30146DA
:10077000D4F8AC6005AB03AA2046B047059B0193B3
:100780003B8ADDE9039A002B00F0E18038460AF04D
:100790006FFB8046002840F0DD80B5F80431DFF8BB
:1007A000CCB1002B14BF584600200022002305F0D6
:1007B00085FE78B96C480022002305F013FE06463A
:1007C00000283BD1B5F80431002B18BF5E463046F7
:1007D00005F03AFE6FF00B053846FEF7EFF8B9F179
:1007E000000F00F08D8001992A462046C84787E017
:1007F000D4F8BC3004F1BC02C6B9D5F82811C5F84C
:1008000024318A4201D1C5F828310023C4F8BC3014
:100810002046D4F8B0309847002894D0A37A072B0C
:1008200040F092802046FFF71FFE8CE73360D5F83A
:1008300028319A4208BFC5F82861E6E7019BC0F855
:1008400004908360B5F804B14548DA454FF00002E2
:100850004FF000034FF0000198BF1FFA8AFBFEF72C
:100860002FF8814650B1FEF709F8414B5A4603EB89
:100870000013394648460AF0C0FA8146B5F80431FB
:1008800094F8C4709A458CBF4FF00108023784F881
:10089000C48098BFFFB204F1C008BFF35B8F58E873
:1008A000003F013348E80032002AF8D1BFF35B8FE4
:1008B00000233360A3695BBBC4E90566A378012B01
:1008C00029D0BFF35B8F58E8003F013B48E8003276
:1008D000002AF8D1BFF35B8F314604F114000AF00F
:1008E0004FFE4846FEF76AF820463146FFF790FC77
:1008F000B5F804311D48002B08BF002005F0A4FD09
:10090000132120460AF0CAFE2046FFF791FDD4E6E7
:100910001E60A661D2E709F10C0A042150460AF0D4
:10092000ACF9238807F0FD0743EA07330380B9F8E1
:100930001030043B4380022150460AF0A6F9484695
:10094000FEF794FB0028BCD1FEF7A4FBDCE76FF0B8
:10095000790541E76FF004053EE79368FFDE00BFCD
:10096000F0060020800000205406002088010020AE
:10097000182A00202DE9F041D0F88860BFF35B8F82
:100980004268BFF35B8F920440F2E2430446B6FB39
:10099000F3F600F10403B6B217D5B0F88C20B242DA
:1009A00013D8B0F88E20B2420FD3D0E9241291426E
:1009B0000BD1BFF35B8F53E8001F21F4005143E8D4
:1009C0000012002AF7D1BFF35B8F114B1D6865B190
:1009D00055F8047C143D37B1B4F89230B4F8902047
:1009E00031462046B8476D69F1E70A4DDFF82880A7
:1009F000454501D3BDE8F0812F6937B1B4F8923095
:100A0000B4F8902031462046B8471835F0E700BFCB
:100A10004C2A0020C0E70100D8E701002DE9F04191
:100A2000074608460D460AF0A5FB064618B90026FB
:100A30003046BDE8F081144B1C6884B154F8083C82
:100A4000143C0BB96469F8E72946384698470028F2
:100A5000EDD028460AF08EFB0028F3D1E7E70B4CD7
:100A6000DFF82C804445E3D2E3680BB91834F9E78A
:100A70002946384698470028D9D028460AF07AFBFC
:100A80000028F3D1D3E700BF4C2A0020C0E70100C3
:100A9000D8E7010038B505460C460E480121FFF79E
:100AA00095FCB0B1057223680367A388A0F8743081
:100AB000A37980F8763001238370074BC0F8A83003
:100AC000064BC0F8AC30064BC0F8B030054BC0F850
:100AD0008C3038BD601500205D0D010067B5010048
:100AE0005BB501001800280070B505460A480E469F
:100AF0000AF0B8FD044620B18378012B04D0FFF73B
:100B000097FC0024204670BD324629460AF0E6FDD7
:100B10000028F7D12046F2E760150020F8B5054619
:100B20000E480E4617460AF09DFD044620B1837814
:100B3000012B03D0FFF77CFC00240DE036B13246D8
:100B400029460AF0CBFD08B92046F3E7A37ABB4259
:100B5000FAD1237AAB42F7D12046F8BD60150020C8
:100B600038B5044608460D460AF004FB48B3164B58
:100B700093F8D830990707D4E37883B12946204603
:100B8000BDE8384000F0AEB994F899309A07F3D533
:100B9000BFF35B8F6368BFF35B8F5B04ECD42946C4
:100BA00020460AF0C9FD58B92B88A4F88C306B8810
:100BB000A4F88E30AB88A4F89430EB88A4F8963073
:100BC00038BD6FF01500FBE780000020F7B510F886
:100BD000363C0446A0F140060BBB30460AF0FFFD50
:100BE000354B1D684DB155F8103C143D1BB114F840
:100BF000371C304698476D69F4E7304D304FBD42A1
:100C000005D3304603B0BDE8F040FFF711BC6B6878
:100C10001BB114F8371C304698471835EFE710F829
:100C20003E3C012B30D1BFF35B8FA0F13C0555E872
:100C3000003F23F4005245E800210029F7D1BFF31B
:100C40005B8F9B0422D5E36C00936946636D01932F
:100C50003046FFF785FF58B9BFF35B8F55E8003F7B
:100C600023F4805345E80032002AF7D1BFF35B8FAD
:100C7000BFF35B8F55E8003F43F4006345E8003263
:100C8000002AF7D1BFF35B8F03B0F0BD0D4A1068A7
:100C900051686B4603C369463046FFF761FF002881
:100CA000E6D1BFF35B8F55E8003F43F4805345E83E
:100CB0000032002ADAD0F6E74C2A0020C0E7010013
:100CC000D8E701008CE9010010B50C480CF087FF53
:100CD0000B490A480CF08FFF0A4908480CF08BFFBB
:100CE000094906480CF087FF0BF008FB0BF0C2FD2A
:100CF000044608B90AF07FFE204610BD54060020C5
:100D0000282A0020342A0020402A0020044B18689A
:100D100018B9044A5A600B6070476FF00B007047B7
:100D2000542A00205CEC010070B5044652EA03002E
:100D30000AD00DF039FB074D074ED5F880503058DA
:100D4000854204BF0022134620460431BDE87040AE
:100D5000FFF770BC48230020080000002DE9F8438D
:100D6000D0F8B4400E4690464CB1483C236B63B17A
:100D700004F1300948460CF053FF054658B9FEF718
:100D800089F900252846BDE8F8832068B4300AF0C8
:100D90001CFDA46CE8E70AF06BF80028F1D12846A6
:100DA00009F023FFE36C05469BB9A38C078A403BFF
:100DB0009BB23F2B03D8238D9F4228BF1F4604219F
:100DC00005F10C0009F059FF0780A38C438004371C
:100DD000E764E36C2A8A9E420FD3934216D0A38C19
:100DE000403B9BB23F2B21D92068B4300AF0EDFC88
:100DF000236B13B120460AF0C9FCE36CC8F800303D
:100E00009E4234BF9E1B0026E664BBE700220023FF
:100E1000484605F0E7FAFDF7D1FDA38CA3F14002A7
:100E20003F2AE1D8034AAA61EB61DDE700221346BD
:100E3000F9E700BF1DB90100F7B5284D284F04465A
:100E40000026BD4201D303B0F0BD298820460AF038
:100E50005BFD6B68019001A920469847002838DBAC
:100E6000019B2A889A829A8403F11002BFF35B8F58
:100E700052E8001F42E800600028F9D1BFF35B8F01
:100E80009E64DE649E60A16B03F1080219BBC4E995
:100E90000D221C60DE6003F130000CF0A0FE019812
:100EA00043681B6803B19847019BBFF35B8F103306
:100EB00053E8001F41F0010143E80012002AF7D176
:100EC000BFF35B8F01984368DB6913B100F1100138
:100ED00098470835B5E70A60A263DAE7A8E701009A
:100EE000C0E7010070B5124B0C4619780131C9B248
:100EF000012938BF012105460822122019700AF085
:100F0000CBFC064688B108210C3009F09FFE2288F0
:100F1000028062884280A2888280E288C280314654
:100F20002846BDE870400AF006BD6FF00B0070BDAA
:100F30005238002023281FD81A2804D8431E182B03
:100F40000ED906207047A0F11B03082B1ED8DFE83E
:100F500003F0051D1B231D19251D050003207047E7
:100F60000F4A012383401A40C2B90E4A1A40002A90
:100F700014BF01200620704700F07F03522B05D1DB
:100F800000207047012070470520704710F0400F87
:100F90000CBF0620002070470420704702207047D5
:100FA000AAAA8A025455450170B50E46438D418B5D
:100FB0008B4202F1010228BF0B469A42054620D817
:100FC0003046FFF7B7FF022812D0042810D00DF0EA
:100FD000EBF9154B1958154BD3F88030994213D0C3
:100FE000134B1B685A1A18BF4FF0FF32134602E02A
:100FF0004FF4702200230F480021FFF795FE0446AE
:1010000020B90024204670BD0022EFE7FDF736FC32
:10101000094B182202FB0033012104F10C009D60F2
:1010200009F014FE0670EDE70800000048230020D8
:10103000F42A002098060020AC2A0020011F014855
:101040000CF0F2BC88050020F8B54FF4702207467A
:1010500000230D480E4609F099FD044690B100F1B9
:101060000C050921284609F0E6FD2046FDF706FC9F
:10107000064B182202FB0033012128469F6009F02D
:10108000E5FD06702046F8BD98060020AC2A002039
:1010900008B5EFF31181402383F31288BFF36F8FFC
:1010A000002303600C4B5A689AB9C3E9000081F32E
:1010B0001188BFF36F8F094805F07AFB002807DA23
:1010C000002383F31188BFF36F8F0323184602DFD9
:1010D00008BD10605860EAE7A42A002048040020F8
:1010E00010B500F150030446BFF35B8F53E8001FB7
:1010F00041F0010143E80012002AF7D1BFF35B8FF2
:10110000201F0AF0DEFD04F1740004490CF05CFEBF
:101110002068BDE8104001F037BC00BF35C30100B6
:1011200070B503788AB004460E4607AD032B20D86D
:10113000DFE803F002191B1D11492846FBF787FD64
:10114000059563780493A3780393E3780293237956
:10115000019363790093A3790A4A1E21304608F06F
:101160009DFE0AB070BD0849E7E70849E5E7084970
:10117000E3E7084A0A21284608F090FEE0E700BFAE
:1011800080F90100A9F9010087F901008EF9010039
:1011900098F90100A2F901002DE9FF4105460E462C
:1011A0004FF000084FF42053006817688DF808804E
:1011B00002A91446ADF80A3009F09CFDA0B142F630
:1011C000010328688DF80C8003A9ADF80E3009F0F2
:1011D00091FD48B123691BB15A88B24200D25E80AA
:1011E000012004B0BDE8F0816168286809F082FD43
:1011F00010B100232361F3E7E368A0681A786AB1AD
:10120000B7F82AC0798B038A8C4594BFC3EB0C03D3
:10121000C3EB0103934201DA0020E2E704210C3022
:1012200009F014FD2061068023695E80074B00935E
:101230000194A2680023294638460AF0ADFD002833
:10124000EADB2069003818BF0120CAE729BD010088
:101250002DE9F34717680546894600685168D7F8B5
:1012600004A0144609F046FD804600284BD1952283
:10127000294650460BF0EBF90646207540B1E3686D
:101280001B780BB184F81480002002B0BDE8F08711
:10129000294650460BF0C3FA10B908232375F3E72B
:1012A000A068267509F0A5FC02210C3009F0CEFCDF
:1012B000164B2061A0F8009000930194A268334679
:1012C000294638460AF068FD002807DA10F1FF0FBA
:1012D00026BF4042C0B20E202075D5E72369002BFF
:1012E000D2D0A0680AF092FB7B8B7A8D9A4294BF91
:1012F000C0EB0200C0EB0300E3681B78984294BF88
:1013000000200120C1E70120BFE700BF1DBA010096
:10131000F7B5144605460E464FF49572014620680F
:101320000BF095F9207430B9206829460BF079FA52
:1013300020B908232374002003B0F0BD6B8A5B063C
:1013400012D501230193E3890093AF68A389A268B2
:1013500020682946B84738B110F1FF0F26BF404238
:10136000C0B20E202074E6E70A480022002309F0EC
:101370000DFC606008B90923DCE70683E389438339
:101380006068A289A1680C3009F066FC0023237410
:101390000120D1E774070020F7B5002304460E466C
:1013A0002C480022694604F027FF0546D0B90CF00E
:1013B000FBFF294B009F1A58284B29461A60381DFD
:1013C00030220CF05EFF3C60009C25480195C4E98A
:1013D0000155C4E90B550022002301A904F00CFFBC
:1013E000054620B16FF00B05284603B0F0BD019B08
:1013F0000146B02218460CF044FF1A4A82605C3065
:101400000CF0EDFB019BBFF35B8F543353E8002FCF
:1014100043E800510029F9D1BFF35B8F019B1C60A9
:10142000E36A019F2BB904F10C000CF0D8FBC4E96E
:101430000955E26AC7F8A820226B07F1A803E36206
:1014400002B92363019B17225A855A830433336000
:10145000CAE700BF6C05002008000000F42A002045
:1014600088050020200400202DE9F74F0646084695
:101470000C46FDF703FADFF898801823434308EB86
:1014800003020546D2F808A0E068BFF35B8F716DD8
:10149000BFF35B8FC90738D5E16809781171002265
:1014A00048F803200378D22B0ED133682146186800
:1014B0000BF0DDF940B101902046FDF77FFA019B6A
:1014C000184603B0BDE8F08F04F10C0009F006FCEB
:1014D00018235D4308EB050900231A4607462146F9
:1014E000301DB4F810B0C9F808600AF0EBF90346F3
:1014F0000028E5D06269A4F810B012FA87F7E76017
:1015000048F80500C9F808A0DAE76FF01503D7E737
:10151000AC2A00202DE9F74F0646EFF31187402350
:1015200083F31288BFF36F8F434D28460AF064FAA5
:101530002B680093044687F31188BFF36F8F002850
:1015400060D0FDF79BF93D49182202FB00F3C81853
:1015500051F803B0036901930021D0E9025790F8D4
:101560000480B0F806A00CF08CFEA07AFDF77EF99E
:101570006169814651B1627AD00705D4D9F8242037
:1015800012682046926890470022626121464846D0
:101590000CF03CFBB8F1000F24D01DB32B680BB34B
:1015A0001B68FBB1BBF1000F1CD1281D0AF0B9FD6F
:1015B0004046FFF7BFFC052814D8DFE800F02603FB
:1015C00013261303BFF35B8F6B6DBFF35B8FDA07DB
:1015D00008D5AB6D33B14FF47022002305F17800CC
:1015E00005F08AF9009B6BB1314600200CF0BBFB83
:1015F000002807DA002383F31188BFF36F8F0323DA
:10160000184602DF03B0BDE8F08F2B68D3F80080E6
:10161000BFF35B8F6B6DBFF35B8FDB07E2D5002FF2
:10162000E0D0002403E001994046B8470134A3B25A
:101630005345F8D3D6E700BFA42A0020AC2A0020E7
:10164000F8B50B8A076804460D46002B39D00121F6
:1016500005F10C0009F02AFBBB7A072B064630D1B6
:1016600054F8043C6BB301781748043C002310F88D
:1016700033708F4200EBC30208D1298A53789778E0
:10168000994213D2012F1CD1042317E001330E2BF2
:10169000EDD10846FFF74EFC98B1052811D081B175
:1016A0000623002220460AF07FFD0AE053682946FF
:1016B00020469847012F034603D110B13178002905
:1016C000EFD10020F8BD00BF84EC0100F0B51E464C
:1016D00003680D46003987B0044618BF0121186819
:1016E00017460BF099F838B904F154000AF045FB9D
:1016F000002845D1122032E0002E43D018220021CC
:1017000068460CF0BEFD67BB23681F4A1B68009348
:10171000BDF83030ADF812300D9B0393BDF8383072
:10172000ADF8103001238DF8143031466B46304649
:101730008DF808500AF0BBF99DF81430DBB157B1B1
:101740000198FDF73BF99DF81430CDB1324629469A
:1017500020460AF029FD182D12D19DF8140007B07B
:10176000F0BD002239462046FFF71EFC01900028FC
:10177000CAD11120F3E7019911B120460AF006FD04
:101780000020ECE70120EAE73DBA01002DE9F04F27
:10179000CB68534F1B7887B006460493002430680B
:1017A000436A73B9002C40F0908019213046FFF74E
:1017B0004BFC0146002800F0908030460AF0E6FC21
:1017C00083E0243009F0FBF94FF00003B0F818A0D3
:1017D000028AC168BB800546BB6841483B6009F08E
:1017E0003BFAD6F800806B8BD8F824400593FCB107
:1017F000D4F800904FF0000BE4B9049B012B6AD1A0
:10180000BB8802933B6801936B8B00930022534685
:1018100018213046FFF75AFF044628B103462A8BA9
:10182000182130460AF0C0FC2846FDF7C7F8B6E795
:10183000A146DFE7228B524532D1628B002ADCD0F1
:10184000B988059B581882422ED1228AF888114403
:1018500081423EDCE168384609F0FEF92268BBF1BE
:10186000000F14D1D8F82810C8F824208C4201D1D8
:10187000C8F82820002323602046FDF79FF8B9F11F
:10188000000F0FD0D9F800204C469146B4E7CBF8B2
:101890000020D8F82820944208BFC8F828B0E9E70B
:1018A000A346ECE74A46EFE707242846FDF786F80B
:1018B0003068243009F083F905460028F5D1234625
:1018C0005246182130460AF06FFC002007B0BDE8F0
:1018D000F08F0D24E9E70024A6E70E20F6E700BF0D
:1018E000140400202DE9F0410E8A043EF6B2022EC7
:1018F00004468CB0084601D0102E64D104210C306F
:1019000009F0D4F90DF1080805884788011D324611
:10191000404609F01DFA002857D09DB3002687B332
:10192000BD422FD84FF4205301A940468DF80460E2
:10193000ADF8063009F0DEF940BB1422002107A8FB
:101940000CF09FFC11212046FFF77EFB0990002838
:1019500037D001210C30CDE9074809F077F9002391
:101960000A901B4A037039460B93284607AB0AF0CE
:101970009EF80A9B1B78FBB90998FDF71FF80A230C
:1019800001E03D4601232A4610210EE042F6010304
:1019900007A940468DF81C60ADF81E3009F0AAF981
:1019A0000028CAD010232A46194620460AF0FCFB1C
:1019B00000200CB0BDE8F081099920460AF0E6FB52
:1019C000F6E71120F5E70420F3E70E20F1E700BF6A
:1019D000991101002DE9F043036885B004460D46D6
:1019E000186801210AF018FF40B904F154000AF008
:1019F000C4F9B0BB122005B0BDE8F083102200216D
:101A000068460CF03EFC21212046FFF71DFB0290AA
:101A100048B3DFF85890009405F10C074FF0010827
:101A20002B8A012B04D8029920460AF0AFFB18E05C
:101A3000384609F04BF96B464A46014606468DF892
:101A40000C800AF034F89DF80C30002BE8D0029896
:101A5000FCF7B4FF9DF80C303246202120460AF0F6
:101A6000A3FB0020C7E71120C5E700BF47BF010067
:101A70002DE9F043036885B004460D46186801213E
:101A80000AF0CAFE40B904F154000AF076F9B0BB7E
:101A9000122005B0BDE8F0831022002168460CF04A
:101AA000F0FB0F212046FFF7CFFA029048B3DFF892
:101AB0005890009405F10C074FF001082B8A012B78
:101AC00004D8029920460AF061FB18E0384609F074
:101AD000FDF86B464A46014606468DF80C8009F033
:101AE000E6FF9DF80C30002BE8D00298FCF766FF6B
:101AF0009DF80C3032460E2120460AF055FB00209E
:101B0000C7E71120C5E700BFE7BE0100F0B51D46DD
:101B1000036885B004460E461868012117460AF08E
:101B20007BFE38B904F154000AF027F948BB1220B3
:101B300005B0F0BD65B31022002168460CF0A1FB92
:101B400039462046FFF780FA029018B3BDF82830D6
:101B5000ADF8043001238DF80C300F4A00946B4629
:101B60002946284609F0A3FF9DF80C305BB1029886
:101B7000FCF724FF9DF80C302A46314620460AF037
:101B800013FB0020D4E7029920460AF0FFFAF8E799
:101B90000120CDE71120CBE7E7BE01002DE9F041A0
:101BA0000E8A043EF6B2022E04468CB0084601D0DE
:101BB000102E76D104210C3009F078F80DF10408CC
:101BC00005884788011D3246404609F0C1F80028C3
:101BD00069D085B377B3BD422DD8606801210AF082
:101BE0001BFE064678BB8DF8000042F602036946EC
:101BF0004046ADF8023009F07DF820B342F6030309
:101C000006A940468DF81860ADF81A3009F072F850
:101C1000C8B1012D03D14FF6FF739F4213D004F1D9
:101C200054000AF0AAF8002814BF002012200CB0BB
:101C3000BDE8F0813D4601232A46082120460AF0EE
:101C4000B3FA0020F3E7182200210DEB02000CF09C
:101C500018FB09212046FFF7F7F90890F8B1012198
:101C60000C30CDE9064808F0F1FF0023099003701D
:101C70000A238DF82C300D4A06AB3946284609F068
:101C800016FF9DF82C302BB10898FCF797FE9DF8B5
:101C90002C30D1E7089920460AF078FAD1E71120D4
:101CA000C5E70420C3E70E20C1E700BF51120100C1
:101CB0002DE9F0430F4687B00446062107F10C00DA
:101CC00008F0F4FF0588B0F802808288D7F80C90FD
:101CD000C5B10023B8F1000F13D0A84512D38DF879
:101CE00000308DF8043001A94FF420536846ADF858
:101CF0000220ADF8063008F0FDFF064660B10A2369
:101D000001E0454601232A46062120460AF04CFA06
:101D1000002007B0BDE8F0830146142201A83F7CF3
:101D20000CF0AFFA07212046FFF78EF90290D8B1E8
:101D30000A238DF815300D4A019401AB414628461F
:101D4000CDE903698DF8147009F0B1FE9DF81530E6
:101D50002BB10298FCF732FE9DF81530D3E70299BB
:101D600020460AF013FAD3E71120D2E77DBB010029
:101D70007FB5CB681D885E88044685B176B1AE42DA
:101D80000DD31022002168460CF07BFA0521204675
:101D9000FFF75AF9019058B9112007E035460123A1
:101DA0002A46042120460AF0FFF9002004B070BD45
:101DB0006B46094A00943146284609F078FE029B9A
:101DC00023B90198FCF7FAFD0A23E9E701992046B7
:101DD0000AF0DCF9E9E700BFC5BA01002DE9F047D8
:101DE0000D4686B00446042105F10C0008F05EFFA4
:101DF0002368B0F80090B0F802801868EF682E8A67
:101E000001211FFA89FA0AF007FD40B904F15400D4
:101E100009F0B3FF28BB122006B0BDE8F087BAF185
:101E2000000F43D01422002101A80CF02AFA2368E5
:101E3000204A1B68019301238DF81430F6B201ABE0
:101E400051465046ADF812800397ADF8106009F086
:101E50002EFE9DF8143033B15246162120460AF06A
:101E6000A3F90020D8E720680299243008F092FEF8
:101E700017212046FFF7E8F80290C8B104210C3082
:101E800008F0E4FEA0F80090A0F802800546029851
:101E900031460C3008F0DAFE39463246281D0CF087
:101EA000C8F9029920460AF071F9DAE70120B3E790
:101EB0001120B1E71113010007B50B4602460021BE
:101EC0000CF072FA01910F4909580F4800688842D6
:101ED00004D00E48D0F88000884201D10022134679
:101EE00001A90B4804F088F9014648B9019B10226A
:101EF00018460CF0C6F90346184603B05DF804FB1B
:101F00000023F9E708000000F42A002048230020FD
:101F1000A405002010B50446806818B1FCF74EFDFA
:101F20000023A36021460248BDE810400BF07CBDB1
:101F3000A40500202DE9F347044678300E461746E5
:101F40001D460BF04DFFA06D30B920460AF0DDF9BB
:101F5000002002B0BDE8F087124B98424FF0000815
:101F600005D12068C4F858800AF094F8F0E7D0F85A
:101F70000490C0F80480A06DD0F80CA0FFF7CAFF51
:101F80002068C4F858800AF085F8B9F1000FDFD056
:101F90002068CDF800A000683B4632462946C84775
:101FA000D6E700BFF82A0020F7B550F8044C0546E4
:101FB000002C63D000F1A40104F12C0009F0C4FE50
:101FC0002E1F05F1580700220023384604F00AFAB4
:101FD0000246B0BB6B6D2BB101466FF06703304614
:101FE000FFF7A8FF002345F8043C05F15003BFF3B9
:101FF0005B8F53E8001F21F0010143E80012002A23
:10200000F7D1BFF35B8FE36A002B37D104F12406CD
:10201000304608F0D4FDB8B904F10C0600220023C4
:10202000304604F0DFF990B966689EB9144826601E
:1020300021460BF0F9FC286803B0BDE8F04000F041
:10204000D3BCFCF7BBFCBEE7FCF7B8FCE0E7FCF751
:10205000B5FCE3E7A26833686360964208BFA360FB
:1020600077683FB1F3680093002320681A466FF049
:102070006701B8473046FFF74DFFD5E703B0F0BD25
:102080006C050020F8B51D460F461646FCF7F6FB1A
:10209000044C182303FB0040C0E903760123C380EE
:1020A0000575F8BDAC2A002010B5074C2378834293
:1020B00008D10722601C0CF0ECF800280CBF204669
:1020C000002010BD0020FCE7423800201FB510465C
:1020D000074A19464FF42813CDE902230823009339
:1020E000BDF818206B440AF0C0F905B05DF804FB98
:1020F000180028002DE9F04180460F4616461D467F
:10210000FFF7D2FF044670B90E49FFF7CDFF044632
:10211000A8B1034603F8018B3A68C0F80120BA88D9
:102120009A80BA799A71228963891AB92BB9268162
:10213000658104E0964238BF26819D42F8D8BDE80B
:10214000F08100BF49F801000C48BFF35B8F50E8F5
:10215000003F23F0020340E80032002AF7D1BFF32A
:102160005B8FBFF35B8F0368BFF35B8FDB0704D527
:1021700000220023303804F0BFBB704780160020D7
:102180002DE9F041284B164682689A42074602D153
:10219000C46863897BBB0120BDE8F081FEF748F984
:1021A000E36800216181002BF5D038469847F2E7BB
:1021B00006F17008307A414609F000F888B91B4BE7
:1021C0009C4202D130460AF0AEF9194B1A68C4F8A5
:1021D00001209A889B79AB710023AA802370238108
:1021E000DEE7336FC4F80130B8F80430AB8098F8FC
:1021F0000630AB71D4E72389002BD1D02546304679
:1022000015F8011B2A4609F069FA0028D0D1207878
:102210002946FEF769FC0028C2D0837A072BBDD17E
:10222000FEF706F9B7E700BF612201006004002055
:1022300049F8010010B54B1C0C4630B109781A461C
:1022400009F04CFA40B1204610BD04490722184657
:102250000CF01FF80028F6D00020F5E749F801003F
:102260002DE9F8431E46BDF82030D1F80C80814698
:102270000F46002B49D1731E012B49D8012E414630
:10228000157818BF1588FFF7D5FF0446B8B915B9FA
:102290003046BDE8F8834146FFF7CCFF04460028EE
:1022A00039D0D9F87030C0F80130B9F87430A0F8DE
:1022B000053099F87630C37199F808300370D8F872
:1022C0001030B3B92581B8F80A30AB4203D041468B
:1022D00038460AF0A7F8002DDAD1104B25701A689D
:1022E000C4F801209A889B79A4F80520E371258120
:1022F000CEE72A463946484698470028C9DB0138C8
:102300000128DFD96FF00D00C3E76FF00600C0E7CA
:102310006FF00C00BDE76FF01000BAE749F801005C
:1023200010B4194ABFF35B8F52E8003F43F001013C
:1023300042E800100028F7D1BFF35B8FDB0721D400
:10234000BFF35B8F52E8003F43F0020142E8001008
:102350000028F7D1BFF35B8F13F0020307D10B48BE
:102360000B4902880B4CA14206D303B102800A49F3
:102370000A4810BC0BF028BD4B681A4492B20831D1
:102380000123F0E710BC7047202B00204E380020BE
:10239000D8E70100F0E701006D260100501600208B
:1023A0002DE9F041034648B1008A38B91249DFF8F7
:1023B0004CE001244FF0140C714501D3BDE8F081CD
:1023C000D1E90076BB4204D30CFB0672143A934267
:1023D0000ED93444A2B208311446EDE70CFB05785F
:1023E000434507D001356219B54292B2F6D1F2E702
:1023F0000025F8E71046E1E7D8E70100F0E7010023
:102400002DE9F74FBDF83050009199464FF6FF7314
:10241000002D08BF1D46244B1B888342074690466B
:102420003CD203B0BDE8F08F73682344BB4232D284
:102430009CB208361D4B9E42F6D3F2E789580193B1
:10244000404608F057FC019B90B101340AF1010AA3
:10245000A4B273685345ECD9009B9C42E1D8BC42BE
:102460003168F2D30BFB0AF28B18B8F1000FE5D1FB
:10247000B9F1000F0BD1013DADB218460E9A0D9B7C
:1024800021469847002DCCD00028DED1C9E7DA6874
:102490009145DAD1EFE74FF0000ADAE7044E012464
:1024A0004FF0140BC6E700BF4E380020F0E70100E4
:1024B000D8E7010007B500230193FFF771FF411C26
:1024C00089B20846034A01AB0AF0B6F8019803B096
:1024D0005DF804FBE9C301002DE9F8438946516822
:1024E000B1F8128018F09408074615463CD1022234
:1024F0000AF0CBF800283AD04FF470200021AE8AC1
:10250000FFF7DAFC0236044660B11A4B4360C5603F
:1025100032461D21384609F0CCFE064638B9204621
:10252000FFF7F8FC6FF00B052846BDE8F8830123A0
:1025300042464146FFF7A6FDA98A06F10C0002318A
:1025400008F084FB20F8029BAA8A29690BF071FE2F
:10255000A6602146384609F02AFF05460028E3D048
:102560002046FFF7D7FCDFE74FF0FF35DCE76FF0E1
:102570001505D9E7EFC3010030B5394BBFF35B8FC9
:102580001B68BFF35B8F5A078BB004460D4661D5BD
:1025900010B1837A072B60D168680590FFF700FFC0
:1025A0002A68ADF818003AB305A902912D490191A6
:1025B0000121002300914FF6FF710593FFF720FFE3
:1025C000059B1BB96FF001000BB030BD6B60059B24
:1025D000186800238DF8103004A942F60303ADF803
:1025E000123008F087FB70B90598C3689B799B0689
:1025F00005D46FF01500E7E70028E8D1E2E709F01D
:10260000D4FFADF81800BDF818003CB10123014615
:10261000AB752A462046FFF75FFFD5E76FF07F03D3
:1026200007930223ADF8203042F60213ADF81230C2
:1026300005ABAC7502930C4B01930123009304AAE4
:1026400023464FF6FF7109958DF81040FFF7D8FE2D
:102650000798B9E76FF00A00B6E76FF07F00B3E7BD
:10266000540100201DC401008928010013B550F851
:10267000082C01920346A0F1200100F13004BFF3C1
:102680005B8F54E8002F22F0010244E8002000286C
:10269000F7D1BFF35B8F114A43F81C2C104A43F863
:1026A000182C01AA002043F8102C042223F8080C4F
:1026B00023F8060C23F80C2CFFF75EFF58B9BFF384
:1026C0005B8F54E8003F43F0020344E80032002AE5
:1026D000F7D1BFF35B8F02B010BD00BF44ED010026
:1026E0004921010070B5274B156882689A4204465B
:1026F00045D1C6683389002B41D03246284612F8AE
:10270000011B08F0EBFF002839D04FF495722146E9
:10271000284609F09CFF032831D03146204609F0B5
:1027200081FE194B9E422AD1287A05F17001FFF7EC
:10273000BBFC044618B303890BB94389FBB1284697
:10274000FDF76CFF114A238922F8203002EB800349
:10275000618959800E490F4C182303FB001300B206
:1027600002EB800200EB40005C601A610A4C9C6046
:10277000042201EBC00128469A82FFF7FDFE0120EA
:1027800070BD00BF61220100600400203E380020BF
:10279000082B002044ED010055C4010030B5374B33
:1027A000BFF35B8F1B68BFF35B8F5A078BB0044688
:1027B0000D465DD510B1837A072B5CD16868059012
:1027C000FFF7EEFD2A68ADF818003AB305A90291AB
:1027D0002B4901910121002300914FF6FF710593D0
:1027E000FFF70EFE059B1BB96FF001000BB030BD6B
:1027F0006B60059B186800238DF8103004A942F621
:102800000303ADF8123008F075FA70B90598C36883
:102810009B79DB0605D46FF01500E7E70028E8D1C7
:10282000E2E709F0C2FEADF81800BDF818002CB1BF
:1028300001462A46204609F0BAFFD7E742F60212BF
:10284000ADF8122005AA6FF07F0302920D4A07939C
:102850000123CDE90032ADF8203004AA23464FF61B
:10286000FF7109958DF81040FFF7CAFD0798BDE785
:102870006FF00A00BAE76FF07F00B7E7540100205D
:102880001DC4010089280100F8B53B4B144682683D
:102890009A42074601D00120F8BDC668374B9E42D8
:1028A00050D03289A3899A4206F10101F3D13078E0
:1028B000FEF71AF905460028EDD0837A072B05D0DC
:1028C000FDF7B6FDE7E7FDF7B3FDEAE7736923B16E
:1028D0003946984708B92846F2E77B8A13F09407EF
:1028E000F9D1A389022B14D1338913F0020604D144
:1028F0002846FDF79DFDA660CDE72269A188284600
:10290000FFF7EAFD0646A8B92269937D0133937566
:10291000EEE7012B04D02846FDF78AFDA760BAE751
:10292000338913F00106E3D02269A188284609F013
:102930003EFF06462846FDF77BFD002EA660AADA7C
:102940000020A9E70E4D0F49072228460BF0A1FCF5
:102950000028A6D015F8010C07222946FEF7DEF85C
:102960000028B0D1236915F8010C1A69294653884B
:102970001288FFF7BFFB94E761220100600400208A
:102980004338002049F8010007B5064A00906B461D
:1029900001204FF6FF718DF8040009F04DFE03B0E1
:1029A0005DF804FBE5260100F8B50E4B1B680546F3
:1029B0000E461746A3B11C6804B1043C53F8043C0E
:1029C0001BB13A463146284698474CB123466468C5
:1029D0001B681CB1043C002BF3D1F7E7002BF0D1AE
:1029E000F8BD00BF242B00200346034A4FF6FF71B9
:1029F000012009F021BE00BF81210100044B1868AD
:102A000018B9044A5A600B6070476FF00B007047AA
:102A10002C2B0020F8ED0100142870B503460C465D
:102A200012D80B4A12F81010D4E9000502EB430249
:102A3000A0FB01065278002301FB0561F7F75CF863
:102A4000C4E90001002070BD6FF01500FBE700BF76
:102A5000CCF9010030B585B000230193CDF80730E3
:102A60004B798DF80B300B7913F0200511D08A7952
:102A70007F2A08BFFF228DF80C20C3F3040203F065
:102A80001F03072B8DF80D2005D96FF0150005B039
:102A900030BDFF22EFE70A780C2AF6D801A050F8E3
:102AA00022F000BFDF2A0100D92A0100032B010018
:102AB0008B2A0100072B01008B2A01000B2B010040
:102AC0008B2A01008B2A01000F2B0100132B010020
:102AD0008B2A0100172B010001228DF806204A786D
:102AE000032A1AD0042AD0D14A8844F20A0082422A
:102AF00038D843F6FE70824213D8002AC5D102228C
:102B00003FE00222E9E70322E7E70422E5E70522A6
:102B1000E3E70622E1E70722DFE701228DF807203D
:102B2000E2E7A2F57F523F3A0B2AAED801A050F857
:102B300022F000BFBD2B01008B2A01008B2A01006F
:102B40008B2A0100872B01008B2A0100812B0100B9
:102B50008B2A01008B2A01008B2A01008B2A01009D
:102B6000FF2A010044F21400824225D044F22800DA
:102B7000824223D044F20F00824286D1032200E039
:102B800001228DF808201A48012404FA03F390F872
:102B90006020DBB2F5B18D797F2D11D1134380F820
:102BA00060300B7990F8612003F01F0304FA03F3FF
:102BB000134380F8613009E00422E2E70522E0E7F0
:102BC00022EA03028DF8094080F8602001A80AF08B
:102BD000C4FD5CE7134380F860300B7990F8612006
:102BE00003F01F0304FA03F322EA0303E1E700BF43
:102BF000F001002010B50B4C94F84A3023B1BDE829
:102C00001040094802F088BD02F0DAFC40B16FF0D4
:102C10000403636304F11C00BDE8104009F02CBEFE
:102C200010BD00BFF00100202D2C0100F8B5037885
:102C3000002B40F09980544CE36B94F860701F4275
:102C4000254607D1A36B002B3FD15048BDE8F84083
:102C500009F012BE018994F8A800A26E94F8616090
:102C6000A0B90121DBB20B420BD00F4208D016EA0B
:102C7000010CB2F9000023D000EBD070401010809E
:102C80000232490089B2B942EDD9DBE7334015D0B1
:102C900002EB41019142D5D0B2F9003003EBD3737E
:102CA0005B1022F8023BF5E732F91360002EB8BF43
:102CB00022F8130001338B42F6DBC3E71846FAE72C
:102CC0000028B8BFA2F800C0DAE7236DB4F85C2092
:102CD00033B12F492F489847012820D0022836D0F9
:102CE000B4F85C30B4F858209A4230D90133A4F8D3
:102CF0005C3094F8A830B3B9A36E94F8622003EB6B
:102D00004203A36694F86210A06E02F019FC50B161
:102D10006FF004031D48636309F0AEFD03E094F80F
:102D2000A830002BEED0E36C1BB9BDE8F840FFF7EC
:102D300061BFBFF35B8F55E8003F5A1E45E8002195
:102D40000029F8D1BFF35B8F012BEEDCF8BDE36CFB
:102D5000002B3FF47AAF94F8A830002B7FF475AFC6
:102D60000D480BF0E0F970E7022B09D102F028FCC6
:102D70000028EBD004486FF0040343631C3065E780
:102D8000052BE3D161E700BFF00100200C02002019
:102D90002802002040E5010060020020094BBFF33B
:102DA0005B8F53E8002F511C43E800100028F8D136
:102DB000BFF35B8F0AB9FFF71DBF6FF00F025A63B5
:102DC000704700BFF001002010B50D490D480022EA
:102DD0000BF09DF9002002F0E3FA044660B90246C8
:102DE00001210720FBF7FEFA0748C36813B9043036
:102DF00009F042FD204610BD6FF00404FAE700BF61
:102E00009D2D010060020020F00100202DE9FF410E
:102E10000F464FF0FF3375484FF0FF3203F04EFB83
:102E20007E68731EFE2B08D96FF015046F4809F0F9
:102E300023FD204604B0BDE8F0810024254626FA93
:102E400004F3DA0706D502F0F1FAE040C307EBD548
:102E50000135EDB20134082CF1D1002DE4D03B7CDA
:102E6000083B062BE0D801A252F823F0A72E010060
:102E7000292E0100AB2E0100292E0100892E010010
:102E8000292E0100AF2E01000221012D7A7C10D0E5
:102E9000002AC9D1564B002083F8A800554B304674
:102EA00002F0CAFA2CE00021EFE70121EDE703214F
:102EB000EBE7082AB8D8DFE802F0050505050505A7
:102EC000050505003B68002BE4D05C68002CE1D1CF
:102ED000186801387F28DDD88DF808208DF8094062
:102EE0001B68434A1B01013BADF80A30012382F8FD
:102EF000A8308DF80C3002AA3E4B304602F0CCFAD6
:102F00000446002892D13A686B0012B1928902FB04
:102F10000333FA689A4265D3354E86F8625096F8C4
:102F2000A830B868B066B046002B4AD03B689D898F
:102F30000135A9B202F004FB044600287FF476AF05
:102F4000BC46BCE80F002C4D0FC5DCF800302B60F0
:102F500074633B68002B42D00FCB2F1D87E80F0016
:102F6000F36CB763A6F85C40002B38D0BFF35B8FDF
:102F700058E8003F48E80042002AF9D1BFF35B8FD0
:102F800096F8A810F9B9F06C1C4C1D4A4FF4004794
:102F9000E0FB074100232046F6F7FEFD0022CDE9C5
:102FA0000001002305F1280004F09AFA15484FF0BB
:102FB000FF324FF0FF3303F081FA00B17063746B9E
:102FC00034E72946B6E702F0FBFA0028EED06FF0AE
:102FD0000403A5F12C00736309F04EFCE6E7FFF74C
:102FE00009FEE3E76FF00B0420E700BFF4010020C7
:102FF000F00100202D2C0100280200203F420F008C
:1030000040420F000C020020084B70B5C31A0D4659
:1030100007499B10044659430648402209F037FCF3
:103020002B4601462046BDE870401847902B0020F3
:10303000B76DDBB67CE4010073B50C4C0C4A402341
:10304000041B00930D460B460A49A4106143064633
:10305000094809F048FC011E05DA30462B4602B04B
:10306000BDE87040184702B070BD00BF902B002033
:1030700051C90100B76DDBB67CE401000022F8B550
:10308000012105461046FBF7ADF9104801F00CFD93
:103090000446B8B90AF00DF82F690D49384607F013
:1030A0008DFC031E09DB01263E642D69084905F1EC
:1030B0001C0007F083FC031E02DA1C462046F8BD04
:1030C000EE64FBE76FF00404F8E700BF093201008B
:1030D00020EE01007FB500220123CDE9022304ABDD
:1030E000CDE90433094ACDF800D06B46CDF804D0C1
:1030F00009F027FC002805DB4FF4804200236846D6
:1031000003F0DCF907B05DF804FB00BF63C9010000
:1031100010B5EFF31184402383F31288BFF36F8F50
:10312000074A136823F00201DB07116002D4012073
:1031300009F0B9FF84F31188BFF36F8F10BD00BF92
:10314000E02B002030B4104B0C2202FB0033014670
:103150000020D3E90E529863EFF31180402484F3EA
:103160001288BFF36F8F1C6C04F0C00444F002049B
:103170001C6480F31188BFF36F8F1DB12B46034889
:1031800030BC184730BC7047902B00207CE4010015
:1031900010B4EFF31182402383F31288BFF36F8FD3
:1031A0001748016841F002040460C80707D482F39D
:1031B0001188BFF36F8F012010BC01F065BC4FF088
:1031C0008041D1F80C04D1F80C14C907EFD5EFF306
:1031D000118083F31288BFF36F8F0A490B6C03F0E1
:1031E000C00343F002030B6480F31188BFF36F8FB9
:1031F00082F31188BFF36F8F002010BCFFF7A2BFCE
:10320000E02B0020902B002010B1012804D0704743
:10321000034B1B6C5B0701D1FFF794BF704700BFE6
:10322000902B0020F8B52849BFF35B8F064601229A
:1032300051E8003F41E800200028F9D1BFF35B8F3F
:1032400033B9224922484B60CB608A6007F0C9FB42
:10325000731E012B1DD80AF0D6FD0446D0B91D4BB4
:103260001B78BBB14FF080430222C3F80823054608
:103270004FF08047D7F81824D7F81834D20312D566
:103280009B0701D0012E0ED1BCB185F31188BFF38D
:103290006F8FF8BDEFF31185402383F31288BFF3DE
:1032A0006F8F0124E4E71CB1284607F04AFCE1E7F0
:1032B000002121200AF05DFEDCE74FF0804302226E
:1032C000C3F80423E5E700BF8C2B00207C2B0020F3
:1032D000AC2B0020AE390020EFF31182402383F3A2
:1032E0001288BFF36F8F0A4BD3F8001161B1002130
:1032F000D3F80805C3F80011D3F80031C0B282F347
:103300001188BFF36F8F70476FF00A00F7E700BFB7
:1033100000D00040F0B5034610469C7893F803C0F7
:10332000EFF31182402585F31288BFF36F8F1F786A
:1033300093F801E0E41B04EA0C04A04288BFA0B2A9
:103340003E180CEA06063D461E7082F31188BFF354
:103350006F8F0A188A4216D177450CD1EFF311828C
:10336000402181F31288BFF36F8F1978597082F36F
:103370001188BFF36F8F1B79241AA34222BF064B1B
:1033800001221A60F0BD5E190135767901F8016BF2
:1033900005EA0C05DEE700BF00D00040DB432DE965
:1033A000F04713F001050E46144604D02248FFF7FB
:1033B000B1FFBDE8F0879AB3EFF31188402383F3A0
:1033C0001288BFF36F8F0D20FAF7FEFF07460D201E
:1033D000FAF7E6FF88F31188BFF36F8FDFF85CA080
:1033E000DFF85C80CAF80051DAF800314FF4005978
:1033F0000123CAF800302546C8F88091DAF8003178
:1034000083B1FFF769FF031EC8F88091F6DB013D29
:10341000ADB27355002DF1D117B10D20FAF7B2FFFF
:103420002046C6E7EFF31180402383F31288BFF3F1
:103430006F8F07F086FBE1E7142C002000D00040DE
:1034400000E100E02DE9F041124F0D46144607F16E
:10345000450814B92046BDE8F0814FF0FF334FF026
:10346000FF32384603F02AF8224629464046FFF745
:1034700051FF0646384602F0E7FF3EB94FF0FF32F3
:103480004FF0FF33044803F019F8E6E7A41BA4B299
:103490003544DEE7E42B0020FC2B002038B5194C26
:1034A0000122114620460AF0BFFB0122002104F14F
:1034B00018000AF0B9FB40F20743A4F848304FF077
:1034C000706323630C2384F8343000250E4B84F89A
:1034D0004550A4F84650D3F8042522F00102C3F861
:1034E00004250121C3F80051D3F80021C3F80413C7
:1034F0002A4619600D20FAF775FF0D20FAF742FFF2
:10350000284638BDE42B002000D0004010B5FFF75E
:10351000E3FE002820DB174B93F8322093F831406C
:1035200093F83310141B31EA0404C0B20DD193F8A0
:10353000472093F8464093F84810141B31EA0404DE
:103540000BD10D4B01225A600EE09C180132114044
:1035500084F8350083F8321010BD9C1801321140F8
:1035600084F84A0083F847100448BDE8104002F090
:103570006BBF00BFE42B002000D00040FC2B0020DC
:10358000F0B544681646A068227C01F01F0587B09C
:1035900045EA421500286DD0B6F5001F04D1294632
:1035A0000AF0BAF8002056E06268607CC2F8240590
:1035B00001AA0020B6F5800F0190506037D1B3F119
:1035C000007F14BF052304238DF804300023CDE9C8
:1035D00004230393E36823FA01F111F001010DF1D3
:1035E00003073AD1B6F1A07F37D105F01F036A096E
:1035F00003F5E07326D0012A3FD1214A52F8233047
:10360000DB072AD4A0683A46294609F0FBFF1630AA
:103610001BD00297A06803AA294609F0BFFE002824
:1036200019DBA068012229460AF023F8BAE7B3F1B2
:10363000C06F05D0B3F1007F14BF01230223C3E79D
:103640000323C1E74FF0A042D8E7A068394601F054
:10365000F1FB0028DDDA07B0F0BDA0683A46294644
:1036600009F0D0FF0028D5D19DF80310A06801F023
:10367000DBFBCFE76FF08500EDE751F82330FFDE8D
:1036800000030050420970B5034602D0012A17D04A
:1036900070BD0D4E326951680029F9D003F01F0347
:1036A00001250C689D400029F2D08A682A4002D08A
:1036B0004B68304698472CB1236821461C46F2E7F8
:1036C000024EE7E72346F8E7B4E4010098E401007E
:1036D00038B54568A86890B109F0C3FF014670B9D4
:1036E000A86809F0A2FF044658B902460649A8682E
:1036F00009F085FF224605210620FAF773FE002017
:1037000038BD6FF00400FBE7853601002DE9F0437A
:10371000476840F20636D0063B7C87B002EA0606D0
:1037200054BFC2F3401C4FF0030C01F01F05B6F567
:10373000837F144645EA43158DF803C045D00DD864
:10374000062E16D005D8A6B1022E40D06FF0150077
:1037500038E0B6F5807FF9D101260AE040F2022276
:10376000964236D0B6F5407F35D0B6F5007FEDD124
:1037700002260123220303FA01F12ED57B68C3F848
:103780000815B86890BB05F01F036D092BD0012DFB
:1037900075D13D4A02EB830284F48033D2F80017DE
:1037A000C3F30043C4F3404444EA430421F4E16119
:1037B00044EA8C0421F0070144EA06230B43C2F8D3
:1037C0000037002007B0BDE8F0830726D1E70426C4
:1037D000CFE70526CDE70326CBE7630344BF7B682D
:1037E000C3F80C15CDE74FF0A042D3E70DF102026C
:1037F000294609F007FF14F4403F80460CD1B86811
:10380000294609F034FFB8F1000FDAD19DF8021013
:10381000B86801F009FBD4E74FF0000901ABCDE92E
:103820000199CDE90439CDF80C90B86803AA29466E
:1038300009F0B4FD4845C4DB14F4003314D084F41B
:1038400080349DF803308DF80E30C4F300448DF8B9
:103850000C608DF80D40B8684B4603AA294609F064
:1038600055FE0028CFDAACE7CDE904330DF10303B0
:103870000393B86803AA294609F090FDF1E703F520
:10388000E07350F82330FFDE00030050044A054B7C
:103890009362054A1A60012100220320FAF7A2BDB3
:1038A00090040020502C002000300040036803F0FA
:1038B0001F025B09026004D0012B034818BF0020DF
:1038C00070474FF0A0407047000300502DE9F04FC3
:1038D000DFF8B4B185B01546824600EB810840F2AE
:1038E000FF19D04503D1002005B0BDE8F08FDAF80C
:1038F00000305804C3F3C321C3F3080400F1BD80B2
:10390000624A4C45515C4FEA136312D0222B1ED9F8
:103910004E2B40F0B580C5F8144503A80394FFF77B
:10392000C5FF039B012606FA03F3C0F808353746A6
:1039300054E0222B09D94E2B40F0A2804FF0FF33E8
:10394000C5F814350AF1040ACBE74FF0FF34222BF7
:1039500000F29680DFE803F012171D20232920943F
:1039600094949439639494949494949494946671F4
:1039700074779494947A8285888B8E00C5F80C4570
:10398000631CCAD1DEE7C5F81445621CDAD00026F4
:10399000CDE7C5F80845F3E7C5F81045F5E7631C22
:1039A000C5F80845CED0002604E0671CC5F80C45D4
:1039B000C8D0012603A80394FFF778FF039B0127D3
:1039C00007FA03F3C0F80C3508E0C5F808450029EC
:1039D000DBD1661CB6D0002637460621DAF8003067
:1039E000019303F40040002803A81CBF0027012610
:1039F0000394FFF75BFF039C019B00EB8400C3F380
:103A0000412CD0F800470B0243EA8C033B4304EA05
:103A10000B04234343EA4603C0F8003792E7C5F896
:103A20000C45D4E7C5F86045601CDAF8003089D051
:103A3000C3F30043002BBCD06FE7C5F86445F3E740
:103A4000C5F86845F0E7C5F86C45EDE7C5F82445CD
:103A5000621C3FF477AF00270126BFE7C5F8284571
:103A60008EE7C5F83045F3E7C5F83445F0E7C5F80B
:103A70003845EDE7C5F83C4582E76FF0150033E7C0
:103A80006FF0850030E700BFF0F8FCFF5BFA010043
:103A90002DE9F041044647680D460AF0B4F988B1B3
:103AA0004FF04008EFF31186314688F31288BFF3D8
:103AB0006F8F606809F073F950BB86F31188BFF30C
:103AC0006F8FEFE71F4B1B78002BE9D04FF04008BA
:103AD0006426606809F063F970B9012009F0FFFA03
:103AE000013EF6D1002121200AF043FAF0E786F3E7
:103AF0001188BFF36F8FF5E7EFF31186314688F336
:103B00001288BFF36F8F606809F049F90028EED082
:103B1000BB691D706368BA691B680020C3F844253F
:103B20000122C3F84825C3F82001D3F82041C3F887
:103B30005801D3F858019A6081F31188BFF36F8F51
:103B4000BDE8F081AE39002070B5012383400E4AF4
:103B5000BFF35B8FDC4352E8001F01EA040542E833
:103B60000056002EF7D1BFF35B8F4FF480328240B6
:103B70000648C0F80823BFF35F8FBFF36F8F0B4277
:103B800014BF0120002070BDC42C00200010014093
:103B900070B40E49D1E90034D01AC31844F10004BE
:103BA00022F07F46C1E90034A6F50013B3F5400FBB
:103BB00009D2074B1B681A0A1B069C19054B42F1D8
:103BC0000005C3E9004570BC03F090BB98160020C7
:103BD000C82C0020A016002011B3BFF35B8F012377
:103BE000104A834052E800CF4CEA030C42E800C17F
:103BF0000029F7D1BFF35B8F0B4A4FF4803383402A
:103C0000C2F80433094BBFF35B8F1B68BFF35B8FB4
:103C1000C340DB0742BF064B4FF40032C3F800211C
:103C2000704700BFC42C002000100140C02C0020B1
:103C300000E100E00D4B1868010A0006BFF35F8F3A
:103C40000B4BD3F80435181841F10001B3F5801F70
:103C50000AD2084BD3E90023904271EB030303D24D
:103C600010F1807041F10001704700BFC82C0020A6
:103C700000100140A01600202DE9F04F85B0164637
:103C80001F469DF840A00446FFF75EFF0190FFF736
:103C9000D1FFB04271EB070354D23E4B301A67EBB1
:103CA0000101984271F100014FD23B4B03EB041329
:103CB000D3E902239F4208BF96425ED037494FF4B2
:103CC000803804F1500508FA04F8AD00C1F84883C3
:103CD0002046ADB209F015F926F07F4B05F180457D
:103CE00004F5A87305F58835DC464FF00309029307
:103CF000029A2CF07F4341F82230C1F84483D1F876
:103D00000435274A6FF00200C01A604420F07F405B
:103D1000904232D9286868B1D1F804350393A3EBF7
:103D20000B0020F07F40B0F5000F26D9204609F0A7
:103D3000E8F8039BBAF1000F07D109EB030C09F176
:103D40000109D5E7BAF1000F09D06FF0150520463B
:103D50000199FFF741FF284605B0BDE8F08F012328
:103D6000104ABFF35B8FA34052E8000F184342E8AC
:103D700000010029F8D1BFF35B8F07490E9823019A
:103D800001EB0412C8500F9B5360C2E90267002583
:103D9000DDE700BF01008000881600200010014010
:103DA000FDFF7F00C02C00207FB51C4C1C4BC4F8CD
:103DB0000833C4F848331B4B00254FF0FF304FF059
:103DC000FF31C4F80855C3E902014FF48033C4F849
:103DD0000433154B02264FF400320121C4F804636A
:103DE0001120C3F880212A46FAF7FCFA1120FAF7CD
:103DF000C9FA0E4A0123A360236013600C4B0D4ADD
:103E00000093CDE9015500232846FFF735FF3046E2
:103E1000FFF708FA284604B070BD00BF001001404B
:103E200003000F008816002000E100E0C42C0020F1
:103E3000913B0100FFFF7F002DE9F7432B4CD4F8A5
:103E4000043399070BD5D4F8043143B1284A002331
:103E5000C4F80431D4F80431136801331360D4F882
:103E60000433DA0323D5BFF35B8F224B53E8002FD3
:103E700022F0010143E800100028F7D1BFF35B8F67
:103E8000D30702D4D4F840318BB10025C4F8405197
:103E9000D4F84031FFF7CEFEEFF3108272B6164B26
:103EA000D3E90267B042B94104D282F3108803B06B
:103EB000BDE8F0834FF0FF384FF0FF39C3E90289C6
:103EC000D3E900101D604FF48033C4F84833C4F8C0
:103ED0004051D4F8403182F310880029E7D0009097
:103EE00032463B4628468847E1E700BF00100140C4
:103EF000C82C0020C02C00208816002030B5431CA0
:103F0000124C85B005D08442A8BF0446012CB8BF2E
:103F10000124FFF78FFE0E4B0C4DD3E90013401A1E
:103F2000B0F5000F10D22218AA4228BF2A46521814
:103F30004FF0000007490091CDE9010043F1000373
:103F4000FFF79AFE05B030BD2A46F0E7FFFF7F007D
:103F500098160020913B010008B5FFF76BFE024B5D
:103F60001B68C01A08BD00BF9816002002460B4609
:103F7000014802F06FB900BFD4050020014802F0EB
:103F8000E1B900BFD40500201FB5002401940A2226
:103F90000294CDF80B400091014601A80AF089F97E
:103FA000009A084801A906F0A0FC074806F09DFC0D
:103FB00084F31188BFF36F8F0323184602DF04B028
:103FC00010BD00BF71FA0100F2F7010070B506469E
:103FD00088B024480D46244909F0A9FE03A8ECF74F
:103FE0001FFA224809F0BEFC002834D0204B019370
:103FF00001A8ECF73FFA88BB4FF0FF304FF0FF31DC
:10400000FFF7B4FF044638B91A491B48ECF7CAF960
:10401000044620B1FFF7B2FF204608B070BD41F65C
:104020004C5302A80293EDF797FE20B1FFF7A6FFCD
:104030006FF08504F0E7012368468DF80030F6F74D
:104040001BFE0028F2D1FFF799FF33690B481D6072
:10405000FAF78CFDE0E76FF01204DDE76FF015046E
:10406000DAE700BFD02C0020BFCF0100ECE4010054
:1040700075410100A81600208D4101004941010051
:1040800030B52C4885B0ECF711F9044600284CD126
:10409000ECF7D8F90125ECF7E1F9F5F7A0FDF5F714
:1040A000A0FDF5F7A0FD01AA022120468DF80450DD
:1040B000ECF72AF9031E37DB082301AA0721204663
:1040C000ADF80430ECF720F9031E2DDB4FF0FB13A5
:1040D000019301AA40F2032303212046ADF80830E2
:1040E000ECF712F9031E1FDB01AA042120468DF80C
:1040F0000450ECF709F9031E16DB1F2301AA062161
:104100002046ADF80430ECF7FFF8031E0CDB40F658
:10411000FC2293420CDD84F31188BFF36F8F0423DC
:10412000184602DF6FF00B031C46204605B030BD79
:104130002346F9E7893F01000149024809F013BE0F
:10414000D02C0020A8210020094B93F80031042B2B
:1041500002D1810709D47047022B02D1020704D48F
:104160007047082B03D1830601D5FFF7E5BF7047E1
:104170006538002010B403460A46034881680C687D
:104180001946234610BC1847ECE4010070B5334CC7
:1041900094F80031E3B194F80031042B39D1207840
:1041A0003E2827D1A678B31E5E425E416378FF2B7E
:1041B0003ED0002200233146FAF7E6FC0546D8B986
:1041C000BEB1002384F80031BDE87040FFF7B4BFF2
:1041D0004FF0FF304FF0FF31FFF7C8FE48B904F54C
:1041E0008071204600F064FB0546FFF7C7FE002DF6
:1041F000D1D070BD0026D9E762780232174905F1A7
:104200000C0006F029FD164B16481B6829469847F6
:10421000D7E7022B15D1002200230820FAF78EFCE5
:1042200005460028E5D062880432B2F5807FE5D9E2
:10423000002383F31188BFF36F8F0423184602DF36
:10424000BFE7082BBDD1002200232020FAF776FC1F
:10425000628805460028E7D1CBE700BF653800201B
:10426000CC2C002024E50100F7B5C04D2B78064684
:10427000002B40F0158304238DF80730BC4B0488D5
:104280001F68B7B10DF106030DF10702691CB847AD
:1042900001280ED09DF80630002B40F074819DF867
:1042A0000730AB700E2201236A70EB70AC80A871EE
:1042B00072E1B4F5105F4FEA94230AD2002B4ED07E
:1042C000013B072B08D8DFE803F00907367A070718
:1042D00007C13F2B00F00882012055E0304640F234
:1042E000064230F9033B93420FD040F21D42934205
:1042F0001ED0012040F206439C4200F0448140F26F
:104300001D439C4200F03F813EE0EDF7C9FA42F2C6
:1043100064039C4240F29B8242F285039C4233D864
:1043200042F267039C4200F2A48242F26603E8E78D
:10433000EDF736FBEBE7304640F6634230F9033BDE
:10434000934230D00DDC40F6034293421FD040F63A
:104350002D4293421ED040F60142934212D00120DA
:1043600011E140F67B42934220D040F67C429342DA
:10437000F5D19DF807307F4902338DF80730F6F705
:104380001AFC01E0ECF7BEF80128E8D087E7F5F762
:104390001DFCF9E79DF80730764903338DF80730A7
:1043A000F6F73AFAF0E7ECF7BFF8EDE79DF80730DB
:1043B000704904338DF80730F6F7EEFBE4E73388F5
:1043C000A3F58053013B082BC9D801A252F823F072
:1043D000F5430100074401001B4401005F43010055
:1043E0005F4301005F4301005F4301005F43010041
:1043F0003B4401009DF807305E4808338DF80730D4
:10440000F6F7F8F9C0E79DF807305A4840338DF8C1
:10441000073008F0D6FD002041E79DF8073008334B
:104420008DF80730534B00221A605A60EB7A23F064
:10443000600343F06003EB72EDE79DF807304D48F1
:1044400006338DF80730F6F727FA9DE7304642F23B
:10445000320130F8033B1AB28A4279DCB2F5005FD0
:1044600042F2640208DC94423FF479AF40F2FF81EB
:1044700042F28503012051E7A3F50053013B312BA4
:10448000F1D801A151F823F079450100A3450100BD
:10449000B545010067440100C7450100CD45010055
:1044A000D3450100E5450100EB450100F145010060
:1044B000674401006744010067440100674401004C
:1044C000674401006744010067440100674401003C
:1044D0006744010067440100FD4501000F460100EB
:1044E00015460100274601006744010039460100D6
:1044F0004B4601005D46010067440100674401002E
:104500006744010067440100674401007D460100E3
:104510008F460100A1460100674401006744010085
:1045200067440100674401006744010067440100DB
:1045300067440100674401006744010067440100CB
:10454000A7460100B9460100CB460100D146010053
:1045500042F24B039A4200F0BE8042F27C039A4240
:1045600049D042F264039C427EE700BF66390020D6
:10457000E02C00206D390020EBF7E0FF42F26403ED
:104580009C427FF4C4AE0F236B700423AB700123F5
:10459000E8702B71A5F8054001232B70002003B0B3
:1045A000F0BD9DF80730C04803338DF80730EDF7B4
:1045B0006DF9E3E79DF80730BB4808338DF8073005
:1045C000F6F778FADAE7F6F783F9D7E7EDF7C4FA02
:1045D000D4E79DF80730B44801338DF80730F6F77B
:1045E00047F9CBE7F6F793FAC8E7F6F76BFAC5E7B2
:1045F000EDF70CFBC2E7F6F748FBBFE79DF8073085
:10460000A94907338DF80730F6F76FF9B6E7F6F7E3
:1046100041FAB3E79DF80730A34910338DF807300E
:10462000F6F731F9AAE79DF807309F4808338DF86F
:104630000730F6F7EBF8A1E79DF807309A49023307
:104640008DF80730F6F788FA98E79DF80730964915
:1046500002338DF80730F6F790FA8FE79DF80730B0
:1046600008338DF807308F23EB71C023EB7242F2D1
:1046700064039C4240F0E580002084E79DF8073009
:10468000894902338DF80730F6F750F976E79DF83F
:104690000730854804338DF80730EDF74BF96DE7A7
:1046A000EDF730F96AE79DF807307F4808338DF859
:1046B0000730F6F76AF961E79DF807307A49043365
:1046C0008DF80730F6F771F958E7EDF73DF955E742
:1046D000F6F7A8F952E79DF80730734802338DF8D2
:1046E0000730F6F7B4F849E730464FF60C5230F889
:1046F000033B934244D84FF60252934206D803F24A
:10470000FF3292B20A2A1DD901204CE0A3F57D4365
:10471000033B092BF8D801A252F823F019480100F5
:10472000094701001F48010009470100094701002E
:104730000947010025480100094701000947010018
:104740002B480100A3F57C43013B0A2BDCD801A2D6
:1047500052F823F097470100B347010009470100D1
:10476000094701000947010001480100094701000C
:1047700009470100DD470100EF470100074801003C
:104780004FF61452934253D04FF616529342BBD178
:10479000EDF7EAFA07E09DF8073043480C338DF84F
:1047A0000730F5F722FA24F008034FF6025293423D
:1047B000A8E59DF8073040338DF807303A4B0020CC
:1047C0001880EB7923F0230343F02303EB712B7A5A
:1047D00023F0070343F007032B72E4E79DF807304B
:1047E000314817338DF80730F5F71AFADBE79DF8F3
:1047F00007302D4820338DF80730F5F735FAD2E72A
:10480000F5F70CFACFE79DF80730274801338DF80C
:104810000730F5F746FAC6E7F6F72EFAC3E7EDF7E5
:104820009BFAC0E7F5F753FABDE7F6F70EFABAE7D9
:104830009DF807301C4904338DF80730F5F74BFA23
:10484000B1E703D942F28503002067E5002042F278
:1048500019039C4218D842F20C039C427FF64AADE1
:10486000A4F500530D3B9BB241F2412206E001202A
:10487000EDE7A4F50153283B0C4A9BB222FA03F35F
:10488000DB077FF581AD7EE642F232039C423FF4C6
:104890007AAEA4F50153033B012B3FF675AD72E6EA
:1048A0004FF0FF307BE600BF6D3900202F804020A5
:1048B00038B5094C23780D461BB9BDE83840F5F7EB
:1048C00011BBA278611C023209F0B3FC0020042362
:1048D00020702B7038BD00BF6639002070B50546CA
:1048E0000E46084C204609F03DF838B1A368B2B234
:1048F000294620461B68BDE8704018476FF012003B
:1049000070BD00BFECE401001FB5002401940A2231
:104910000294CDF80B400091014601A809F0C9FCB2
:10492000009A084801A905F0E0FF074805F0DDFFFF
:1049300084F31188BFF36F8F0323184602DF04B09E
:1049400010BD00BFA2FA0100F2F7010013B54FF449
:10495000FA73ADF8043000238DF806304FF480531D
:10496000ADF80030104A0223192168468DF8023054
:10497000F4F720FD044698B907F0FAFF80B2F2F789
:10498000EFFC012221460820F9F72CFD01222146E7
:104990000B20F9F727FD012221461046F9F722FDE9
:1049A000204602B010BD00BF09490100014902487C
:1049B00009F0D9B9E82C0020A821002037B5174DFF
:1049C0001749002400946FF009034FF480622846D1
:1049D00001F0F4FE1349284609F01BFA1249134866
:1049E00009F0A5F9224604211920F9F7FBFCBFF3D1
:1049F0005B8F0F4B012253E8001F43E80020002883
:104A0000F9D1BFF35B8F0B494FF4003200232846E6
:104A100001F014FF204603B030BD00BFA8210020E4
:104A200040410020B7FA010029D00100E82C002005
:104A3000E42C0020A002002010B5094BBFF35B8FCF
:104A40001B68BFF35B8F53B1F2F720FCBDE8104049
:104A5000044905484FF40032002301F0EFBE10BDB9
:104A6000E42C0020A0020020A821002010B9024B55
:104A70001B681847704700BFF82C0020014B01202D
:104A80001B681847F82C002028B1012807D10449D9
:104A90000020F2F77DBB034B01201B6818477047CD
:104AA0006D4A0100F82C0020014B1860002070476F
:104AB000F82C002010B50C29036912D118680A4C93
:104AC00080EAE073A3EBE073990803F00303002886
:104AD00004FB03F3BCBF49425B42C2E90013002060
:104AE00010BD6FF08500FBE790D003004FF08053BE
:104AF000D3F83021082A06D1D3F83431052B02D857
:104B0000024AD05C70470020704700BFD5FA010010
:104B1000024AD2F80034002BFBD0704700E001407D
:104B200010B54FF08053D3F83021082A4ED14FF002
:104B300080420021C2F80C11C2F81011C2F83815D9
:104B400002F54042D3F80414C2F82015D3F8081433
:104B5000C2F82415D3F80C14C2F82815D3F8101491
:104B6000C2F82C15D3F81414C2F83015D3F8181461
:104B7000C2F83415D3F81C14C2F84015D3F8201429
:104B8000C2F84415D3F82414C2F84815D3F82814F1
:104B9000C2F84C15D3F82C14C2F85015D3F83014C1
:104BA000C2F85415D3F83414C2F86015D3F8381489
:104BB000C2F86415D3F83C14C2F86815D3F8401451
:104BC000C2F86C15D3F84434C2F87035FFF78EFF85
:104BD00018B13A4B3A4AC3F88C26FFF787FF18B151
:104BE000384BFB22C3F81825FFF780FF70B14FF058
:104BF00080414FF08053D1F8E42ED3F8583222F0A0
:104C00000F0203F00F031343C1F8E43EFFF76EFFFA
:104C100020B12D4B4FF40072C3F840264FF0805363
:104C2000D3F83031082B1AD14FF08043D3F8002449
:104C3000D20744BF6FF00102C3F800244FF0805345
:104C4000D3F83431052B02D8204AD35C3BB14FF066
:104C50001023D3F808224FF08043C3F858254FF0B3
:104C60001023D3F80022002A03DBD3F80432002BF0
:104C700022DA174901234FF01020C1F8043512241D
:104C8000FFF746FFC0F80042FFF742FFC0F80442BA
:104C9000FFF73EFF0023C1F80435FFF739FFBFF3EC
:104CA0004F8F0C490C4BCA6802F4E0621343CB608F
:104CB000BFF34F8F00BFFDE710BD00BF00500040A5
:104CC0004881030000F0004000900240CFFA01004C
:104CD00000E0014000ED00E00400FA05014B18601F
:104CE000704700BF002D002010B5054B1868144612
:104CF00008F0F7F90028A4BF2070002010BD00BF05
:104D0000002D0020024A01238340C2F80435704779
:104D100000F00140036803F01F025B09026004D049
:104D2000012B034818BF002070474FF0A040704788
:104D300000030050034A430900F01F00D35C1844ED
:104D4000C0B27047DBFA0100034611F0010030B534
:104D5000CCB213D1A207C4F3400020D5124AD2F836
:104D6000200558604FF08053C2F82005D3F8303149
:104D7000082B15D0003818BF012010E04FF0A041DB
:104D80004FF08055D1F820251A60C1F82025D5F8BC
:104D90003051082D08BFD1F82015002ADAD030BDD7
:104DA000D2F82035E6E700BF00030050F7B504460F
:104DB0000846FFF7BFFF06B204EB46060D46B38A6E
:104DC000DB072BD5204608F0C6FA2946204608F016
:104DD00031FA58B1204608F043FA276800B207EBD1
:104DE00080030022C3F81025C3F810252946204669
:104DF00008F05FFA0021B18201A80195FFF78AFF50
:104E0000019B00EB8300074BD0F80027134043F0D1
:104E10000203C0F80037084603B0F0BD6FF015007C
:104E2000FAE700BFF0F8FCFF014808F078B900BFCE
:104E3000C404002010B504480C4608F052F90028BC
:104E4000A4BF2070002010BDC40400202DE9F04F45
:104E5000804689B058F804ABDAF80413C9B2834627
:104E6000082241F00041504608F04DFA051E2BDAA9
:104E70000023032106A8CDE90633FFF765FF644B45
:104E800001930DF118090023019A009312F8013BD8
:104E900060490192DA0803F007038A5C22FA03F3FF
:104EA000DA071AD4009B09F10409A3B14FF00041BD
:104EB0000022504608F027FA032106A8FFF744FF16
:104EC0000028DCD125F000450124002D40F08A8027
:104ED00009B0BDE8F08F0123D6E7009B4E4A13448A
:104EE0000293D9F800100029DCD0029B91FAA1F1BD
:104EF0001C78B1FA81F141EA44142046FFF71AFF09
:104F00000BEB40000594878AC808BB0819F80020FD
:104F1000039301F00701012303FA01F122EA0102E0
:104F200009F8002005A8FFF7F5FE059A039B02F596
:104F3000E072C7F3820650F822205B073746C2F3BF
:104F4000014233D5D6B240463A46214608F092F99E
:104F500005A80594FFF7DEFE059B03F5E07350F806
:104F60002330C3F301439E4207D10021204608F0BD
:104F700052F93146204608F04EF905A80594FFF78E
:104F8000C9FE059B012202FA03F3C0F820354FF059
:104F90008053D3F83031082B01BFD0F82035D0F83A
:104FA0002035D0F82035D0F820359AE7022A0DD1E7
:104FB0000321204608F02FF906F00503012BDCD170
:104FC0003A462146404608F055F9D6E702212046E8
:104FD000039208F020F9032EF2D0039A032ACCD1D1
:104FE000022EECE795FAA5F3B3FA83F304FA03F281
:104FF00025EA020503F5A2720BEB43035AF82220BF
:10500000B3F87C10C2F30142404608F033F95CE784
:10501000EBFA0100DCEE0100EBFA010080F0800306
:10502000042B04D8054B034413F8800C7047072861
:105030009ABF034B185C0020704700BFF3FA0100D1
:10504000F8FA010030B50B4B012493F830500022E0
:105050000823204203D0254208D00132D2B2013BBE
:105060004FEA4404F5D10A70184630BD6FF01500C0
:10507000FBE700BF042D0020054B93F82E00431ED4
:10508000012B03D9043818BF012070470020704756
:10509000042D002010B5164A16490020C2F800055C
:1050A00091F82F40D2F8043381F82E400C6823F099
:1050B00033030CB143F02303C2F81C01D2F81C41A6
:1050C000C2F81801D2F81841C2F80801D2F8082134
:1050D00091F83320D00791F8342048BF43F0800383
:1050E000D207034A48BF43F04003C2F8003310BD63
:1050F00000700040042D002070B50D4A002392F886
:10510000301001251E4618B90BB182F8301070BD61
:1051100090FAA0F3B3FA83F305FA03F40C3302EB2D
:10512000430320EA0400DE8021EA04010123EAE7C8
:10513000042D002073B50023044601AA0E464FF447
:105140008071019308F0EAFA4FF48A71204608F062
:10515000E5FA4FF482710546204608F0DFFA20B1E7
:105160001EB115B1144BD3F8343601AA4FF4847133
:10517000204608F0D3FA4FF48671204608F0CEFAA4
:105180004FF48871204608F0C9FA0C4B234083B1D4
:105190004FF48E75294601AA204608F0BFFA291F50
:1051A000083589B22046ADB208F0B8FAB5F5AE7F41
:1051B000F0D1019802B070BD00700040C0FF3F0008
:1051C0002DE9F04F9A464FF0805393B0D3F8304119
:1051D0001C9D082C43D1D3F83431052B03D8444C03
:1051E000E35C002B3BD00DF1080C0AAF414C3E466E
:1051F000E046002304EB031E0133DEF8189548F85F
:10520000049B082BDEF81CE546F804EBF2D1D4F839
:10521000F065D4F8403601934FF0010E0023D4F826
:105220004496D4F84886C4F8FC3FC4F8FCEF314CEF
:105230005CF804BB04EB031E0133CEF818B557F835
:1052400004BBCEF81CB5082BF2D1019BC4F8403644
:10525000F6B2C4F84496C4F84886C4F8F065264B04
:10526000002483F8334083F834409C601C611D6047
:1052700083F831009C831F4BC3F8F015C3F8F42565
:105280004DB32322C3F800231B4D1A4E00210127E2
:1052900007FA01F303404FEA01121FD002F18043E5
:1052A00003F5E043EC7F95F81EC0C3F810C5C3F8C2
:1052B0001445534632440131D2F8184524F0807425
:1052C00044EA03630829C2F8183505F10205DFD165
:1052D00013B0BDE8F08FC3F80053D5E702F1804466
:1052E00004F5E044C4F81035C4F81435E2E700BF13
:1052F000EDFA010000700040042D0020F8B50446CE
:10530000067A4779417AC079FFF788FE10B96FF0C5
:105310001500F8BD214A01F10C0502EB4503012FF0
:10532000987139D13046FFF779FE0028EFD002EBB3
:105330004505E871E378A0781B03000200F4E06003
:1053400003F480530343207800F0030003432079E3
:10535000000400F4E02003436078000100F0300016
:105360000343A079000600F08070034360790005D4
:1053700000F480100343080100F1804000F5E04094
:10538000C0F81835012303FA01F192F830300B43CD
:1053900082F830300020BCE70020C8E7042D002050
:1053A00070B51F4D95F82E40002C36D10126FF20F8
:1053B00085F82E60FFF7A0FE1A4B1B49C3F8004189
:1053C000D3F80021C3F80441D3F80421C3F81041F5
:1053D000D3F81021C3F81441D3F814311C239A08D0
:1053E00006FA02F212F0330F1FBF03F1804202F5FA
:1053F000E242146012681A1F920806FA02F212F0D2
:10540000330F1CBF5C505A5808335C2BE7D1072080
:10541000F8F7B8FF0020286070BD6FF07700FBE759
:10542000042D002000700040FC700040014B93F8F8
:1054300030007047042D00202DE9FF4105460F463E
:1054400016469846FFF718FEF8B90DF10F012846E9
:10545000FFF7F8FD0446A0B90D4BC3F8F805331E5D
:1054600018BF01233246CDF8008039462846FFF7A1
:10547000A7FE084B9DF80F2083F83220022283F804
:105480002E20204604B0BDE8F0816FF00F04F8E74D
:1054900000700040042D00202DE9FF470746994683
:1054A000FFF7EAFD8A461446064600283DD10DF175
:1054B0000F013846FFF7C6FD054638BB63889DF8E7
:1054C0000F803BB3B8F1010F32D8B9F1000F2FD0E4
:1054D0002278637812B1B3FA83F67609CDF800909A
:1054E00051463846FFF76CFE6388134A0BB143F40C
:1054F0008053C2F8F835114B83F83280227983F853
:105500003520042283F8366083F82E20284604B024
:10551000BDE8F08722786378002ADFD0002BDDD148
:10552000B8F1010F04D80126D8E76FF00F05EDE7B9
:105530006FF08505EAE700BF00700040042D0020F1
:1055400030B51D4A136904466BBB00F06043B3F1EC
:10555000005F2BD192F83250B1FBF5F305FB13102D
:1055600038BB0BB2002B24DD92F82E30052B06D869
:10557000032B0BD8022B0ED06FF0760030BD062B1C
:10558000FAD10E4BC3F82C46C3F8301693683BB1E2
:10559000C2E90441F2E78D420BD1C2E90245EDE7D1
:1055A000C2E90241EAE76FF07700E7E76FF00C002D
:1055B000E4E76FF00600E1E7042D002000700040F2
:1055C0002DE9F341514CA368002B00F09B8094F827
:1055D0002E20022A06D0042A31D06FF0760002B0C5
:1055E000BDE8F0814A4D0126C5F800652168E268F2
:1055F00049B1032184F82E10C5F82C36C5F83026A1
:105600002E600020EBE7C5F82C36C5F830262E605A
:1056100008F09BF808346E6021460220FFF78AFDEF
:105620000028F9D03A4B0022C3F80821D3F808111A
:10563000C3F80C21D3F80C11C3F80025E1E7344D71
:105640004FF00108C5F80085276857B1052284F896
:105650002E20E268C5F82C36C5F83026C5F8008043
:10566000CFE7A18B94F83220019203EB4103009322
:10567000C5F82C36C5F83026C5F8008008F065F866
:1056800094F8363063BB224D01236B6069460220DB
:10569000FFF750FD0028F9D00023C5F80831D5F8F0
:1056A0000821C5F80C31D5F80C21A18B94F83220D3
:1056B0000A44E16892B28A42A28321BF154AA383B9
:1056C000D2E90201236124BFC2E900011846104B50
:1056D0004FF0000238BF6FF00F00C3F800257EE7DF
:1056E000D5F8F465F6B208FA06F6013EBE42CAD90C
:1056F000C5F8048000210420FFF71CFD0028F9D024
:105700000137F3E76FF00B0069E700BF042D0020BD
:10571000007000400C2D0020F8B50246FFF7ACFCED
:10572000002851D12A4E2B4C96F82E3086F82F3077
:10573000072386F82E3001237260C4F80035D4F8B0
:105740000453C4F80003E3603AB125F0C00545F006
:105750003305C4F800530020F8BD00211020FFF7E6
:10576000E9FC0028F9D00023C4F80431D4F804314E
:10577000194BC4F82C3601270223C4F830362760B1
:1057800007F0E3FFA76000212020FFF7D3FC0028EB
:10579000F9D0104B0022C3F80421D3F80411C3F848
:1057A0000821D3F80811C3F8002596F82F1086F8C1
:1057B0002E10C3F81C21D3F81C11C3F81821D3F8FC
:1057C0001821C3F80053C6E76FF00F00C4E700BF0D
:1057D000042D0020007000401C2D00207FB564497E
:1057E000634E3320FFF7A6FC10F0100F05460BD0D8
:1057F000604B1022C3F80823B218C3F82C260222EB
:10580000C3F8302601221A605B4CAA0694F82E30A9
:105810000ED5072B574A05D0D2F834369BB2E36039
:1058200000232361D2F80433DB0601D5FFF732FCF5
:10583000A8071AD594F82E20A16802910023E168E8
:105840008DF80430062AADF80C101AD0072A39D08A
:10585000032A0AD1474AC2F80035C2F800350223AC
:1058600084F82E30236801A89847E90751D594F8A9
:105870002E30033B042B4CD8DFE803F05C4B2B436A
:10588000600094F8353023B1236913B1394B0122FC
:105890001A60236801A89847384B93E8030086E80C
:1058A000030000232361A368002BDED1314AC2F834
:1058B0000035C2F80035042384F82E3005238DF816
:1058C0000430CFE7FFF7E6FB02238DF8043063686E
:1058D000C9E704238DF8043001A823689847254BB5
:1058E000D3F8F825D20444BF01225A602269062366
:1058F00084F82E302AB11F4B6169C3F82C26C3F8F7
:10590000301623692BB903238DF8043001A82368CE
:10591000984794F82E30072B0AD0164B1848D3F826
:10592000043300211840FFF705FC012685094DB915
:1059300004B070BD0F4B01225A60EAE70D4B012203
:105940009A60E6E795FAA5F3B3FA83F306FA03F251
:1059500025EA02055A08DB4303F001038DF80930FC
:105960008DF8046023688DF8082001A89847DEE7C9
:105970000C2D002000700040042D0020142D00206C
:10598000C0FF3F0030B500F01F04400911D00128CE
:1059900012D10C4800EB84001B02D0F800570A4CCF
:1059A00043EA82022C4042EA41012143C0F8001739
:1059B00030BD4FF0A040EDE704F5E074002353F84C
:1059C0002430FFDE00030050F0F8FCFF0023C3602A
:1059D0000368114AC3F80823D3F8002222F4BC520A
:1059E000C3F800224FF08052D2F83011082909D1B3
:1059F000D2F83421052A05D808498A5C12B1092257
:105A0000C3F800250022C3F80025012380F82630C2
:105A100080F82820704700BF02029C0100FB0100B3
:105A20002DE9F84F002380F827304B6804680546BD
:105A30000E46174633B1CB6803F06043B3F1005F05
:105A400040F049813378023B012B06D8336903F0DB
:105A50006043B3F1005F40F03E81A04BC4F80833CF
:105A600095F8282002F0FF033AB1EB68C4F804333C
:105A70006FF00F084046BDE8F88F17F0140F0CBF09
:105A80000122002285F82820327885F824207278B7
:105A900085F82520F2682A6172686A613269AA6114
:105AA000B268EA61C7F3001285F829202F62727884
:105AB000C4F88825C4F86031D4F86021C4F84831AE
:105AC000D4F84821C4F82431D4F82421C4F804318E
:105AD000D4F8043117F0010318BF0123C4F850357E
:105AE00017F0020318BF0123C4F840353378032BA5
:105AF00000F28180DFE803F05E764A024FF48073A3
:105B0000C4F80032D5E90423C4F84425C4F8483564
:105B10000123A3604FF48011204607F07FFE002888
:105B2000F8D1D5E90623C4F84425C4F848354FF424
:105B30008023EB604FF0000817F008096A680FD166
:105B40003378032B0CD0012B6DD12360002A55D064
:105B500072686B6822B9002B00F09B80012363619F
:105B60006B68002B00F09580780744BF0023EB6042
:105B700079065EBFEB6843F00203EB60EB6843F429
:105B80000073EB60EB68C4F8043373E7D5E90423D2
:105B9000C4F84425C4F84835D5E90623C4F83425AB
:105BA000C4F838354FF48453C4F80032012323621B
:105BB0000223BEE7D5E90423B906C4F84425C4F896
:105BC00048354BBF4FF480734FF40073C4F8003274
:105BD000C4F800324CBF4FF480230223EB60012352
:105BE0002362A7E7D5E90423C4F83425C4F838357F
:105BF0004FF48053D8E76FF015089DE76A6902B942
:105C00006361DFF8DCA0DFF8DC904FF0010B514658
:105C1000204607F003FE820548BFC4F814B010EA1E
:105C2000090FF4D094E70123A360002A90D16A6998
:105C300022B1DFF8B0A0DFF8A8B006E06361F8E7B2
:105C40000123236263614FF0000919EA0A0F7FF410
:105C50007FAF5946204607F0E1FD10F4007F8146F2
:105C6000F3D04FF08071204607F0D8FDD4F8003211
:105C70000028E5D013F4007103D101222262894685
:105C80006261DB05E1D54FF48021204607F0C6FDB7
:105C9000D9E7D4F8C434C4F8C434002285F82820E5
:105CA0006BB19A075ABF03F00108A8F18C086FF096
:105CB0000D0813F0040F18BF6FF00A08DAE67B0630
:105CC0003FF5D8AE291D204607F054FD002808BF37
:105CD0006FF08B08CEE66FF00C08CBE602029C0159
:105CE000020204000200040070B5056886B00221BB
:105CF0000446284607F092FD4FF4007106462846F8
:105D000007F08CFDD0B1D6B9E368C5F8083302239B
:105D1000E360E368C5F804334FF08071284607F06C
:105D20007DFD18B1D5F800329B0502D401232B620A
:105D30006B61012384F8273006B070BDAEB3236ACF
:105D40005E060AD494F827303BB9211D284607F097
:105D500011FD80F0010084F82700236A13F004038A
:105D60003BD1C5F86031D5F86021C5F85C31D5F874
:105D70005C3194F8293013B194F8273013B3002321
:105D8000C5F80032E360314BC5F8083345F30733FB
:105D9000002B17DB5A09012103F01F03994002F180
:105DA00060032B4A42F823100CE04FF48021284670
:105DB00007F034FD94F82430002B2FD194F82930CB
:105DC000002BDDD0A38CADF8043023690493636904
:105DD0000293A3690593E3690393D5F8C434C5F826
:105DE000C43498072CD459072CD4DA072CD494F84F
:105DF00027309B00DBB28DF8003094F829300BB9C6
:105E000084F82830236A5B0703D594F82730002BE9
:105E100092D0D4E90131684698478DE74FF400737A
:105E2000C5F8003240F20223E36003F1CE73C5F8F7
:105E30000833E368C5F804330123AB602B627BE7CA
:105E40000123D8E70223D6E70323D4E702029C010B
:105E500000E100E0036803F01F025B09026004D068
:105E6000012B034818BF002070474FF0A040704737
:105E700000030050F7B5064607F04BFD084607F053
:105E800048FD01A80196FFF7E5FF019B2F4D00EBB0
:105E900083000C46D0F80037019440F20D612B408E
:105EA0000B43C0F8003701A8FFF7D4FF019B00EBBC
:105EB00083000127D0F800372B400B43C0F8003790
:105EC000042007F00CF9092501A80194FFF7C2FF8F
:105ED000019AD0F81035D340DB0715D401A80196FC
:105EE000FFF7B8FF019B07FA03F3C0F80C35042055
:105EF00007F0F5F8304607F00CFD013D042007F0EF
:105F0000EEF815F0FF05DFD101A80194FFF7A2FF1D
:105F1000019A01239340C0F80C35042007F0DFF804
:105F2000204607F0F6FC042007F0D9F801A80194F8
:105F3000FFF790FF019AD0F81035D34013F0010F0E
:105F40000CBF6FF08B00002003B0F0BDF0F8FCFF39
:105F500038B5EFF31185402383F31288BFF36F8FB9
:105F6000064B9C6807F011FD85F31188BFF36F8F16
:105F70002046BDE83840F8F7ADB900BF3C2D002001
:105F800038B50A4B53F82040013053F82050A54251
:105F900000D838BD606830B1037EDB0701D407F05C
:105FA000C9FC0834F3E723689847FAE7E0EE0100FC
:105FB00070B52A4B2A4C2B4D012286B003201A7053
:105FC000FFF7DEFF08F034F90420FFF7D9FF26467B
:105FD000AE4204F1300410D300F09CFE204C224E5F
:105FE000AC4226D300F0AAFEF7F702F91F4A137B52
:105FF00023F00103137306B070BD54F80C3C0593F5
:1060000054F8103C049354F8143C039354F8183C8F
:10601000029354F81C3C019354F8203C009354E93B
:106020000A2354E90C0100F06DFC54F8303C5E6525
:10603000CDE7D4E90A23B3F1FF3F08BFB2F1FF3F38
:1060400005D052EA0301206803D100F033FF303459
:10605000C6E73146183001F0B9F8F8E7AE3900204C
:1060600014E7010014E7010007DF0100C822002047
:1060700070B5002386B00122CDE90423134E144DE0
:1060800001930F22CDE902321249142303FB00557C
:1060900006EBC01604464FF4C07000FB04110E4B13
:1060A00000954FF4A072304600F02CFC737B0B4A35
:1060B000EE6023F0040373734FF4046304FB0333B3
:1060C00013442C746B6006B070BD00BF48220020E2
:1060D0003C2D0020C04D002097DA010080450020B3
:1060E000BFB50020FFF74CFF294B83F30888294CEC
:1060F000294F636943F400736361E02384F822301D
:1061000000252023E37725766576A57684F8205050
:10611000636A43F4E023636284F82350F8F756F887
:10612000F8F7ECF94FF0FF33A362E362F8F7ACFA4B
:10613000F8F708FA19481A4C00F05CFC0120FFF748
:106140001FFF0220FFF71CFF00F02CFE154B164925
:106150005C61164B05930123CDE903534FF40062B4
:106160003B46CDE901550095204600F0CBFB627B14
:10617000064622F004022046627307F087FE284696
:10618000FFF776FF3A4631462046F8F799F900BF07
:10619000C04D002000ED00E0B15F0100E8230020C9
:1061A000C82200203C2D0020404F002006FB0100AB
:1061B00038B5064C064DAC4201D3002038BDD4E9B9
:1061C0000112204607F0E4FB1434F4E7C005002078
:1061D000C005002038B5064C064D0020AC4200D367
:1061E00038BD204607F0F8FB0028F9DB1C34F5E742
:1061F0006C050020C005002073B50C46EFF311813B
:10620000402585F31288BFF36F8FC5685DB12560A7
:106210002B68C360836901338361002081F3118897
:10622000BFF36F8F11E052EA030603D125606FF0D0
:106230000B00F3E7CDE900230246083000F0B0FC84
:1062400018B9034B9B681B69236002B070BD00BF87
:106250003C2D00202DE9F341044617461E46EFF37E
:106260001188402383F31288BFF36F8FC368334ACA
:106270007BB180689168884219D057EA060318D12B
:1062800088F31188BFF36F8F6FF00F0002B0BDE885
:10629000F081916891F90E1021610133E3609368F8
:1062A000A36088F31188BFF36F8F0020EEE72169A8
:1062B000F2E791F90E1090F90E309942A8BF1946F5
:1062C0006FF07E029142B8BF11468B422DDD07F080
:1062D000EDFB0546CDE9007619482246414600F01F
:1062E0005FFC0028E1D0EFF31186402383F312888E
:1062F000BFF36F8FA068D0B1236821699C420AD098
:106300004BB193F90E309942A8BF19466FF07E0346
:106310009942B8BF194607F0C9FB40B10848314659
:1063200000F0D2FC6FF00A00B0E70025D2E7002DA4
:10633000F4D186F31188BFF36F8FF3E73C2D002073
:10634000AF390020F8B583680546002B3FD0234ABB
:10635000926893423ED1C368012B03D9013BC360CD
:106360000020F8BDEFF31187402383F31288BFF3B9
:106370006F8F0169806807F099FB2C68A54207D1EF
:106380000023C5E9023387F31188BFF36F8FE7E776
:10639000002CF5D0D4E9003213605A60637B0026EC
:1063A00023F002036373C4E90066A66004F11800D9
:1063B00007F039FEAC6094F90E302B612046E66799
:1063C00007F064FD0648394600F07EFCC8E76FF030
:1063D0001500C6E74FF0FF30C3E700BF3C2D00209B
:1063E000AF39002037B51146EFF31185402282F313
:1063F0001288BFF36F8F04689CB12368426823F052
:1064000003039442036008BF43600121204607F064
:10641000DAFB044685F31188BFF36F8F204603B083
:1064200030BD51EA0302F5D000F10802CDE90013B6
:106430001046294600F0B4FB0028EFD1014B9B68C1
:106440001C69EBE73C2D002070B5EFF3118640236B
:1064500083F31288BFF36F8F0468A0421AD0CCB1C7
:10646000D4E9003213605A60637B002523F00203F5
:10647000C4E900556373A56004F1180007F0D3FD6B
:10648000E567204607F002FD31460B48BDE8704045
:1064900000F01ABCD0E902329A4218BF013383607F
:1064A0000221103007F09EFE0028EDD186F31188FE
:1064B000BFF36F8F70BD00BFAF39002013B5EFF38E
:1064C0001181402484F31288BFF36F8F846844B134
:1064D000013C846081F31188BFF36F8F002002B00C
:1064E00010BD52EA030406D181F31188BFF36F8F08
:1064F0006FF00F00F3E7CDE900230246014800F0FA
:106500004FFBECE7AF39002007B5074B0093074975
:1065100007484FF0FF334FF4006200F04FF90020BE
:1065200003B05DF804FB00BFF8EE010080570020C7
:10653000482300202DE9FF414F4E04464027EFF34A
:10654000118887F31288BFF36F8FD4F88450F5B9A0
:10655000022104F19C0007F077FB002868D004F1C9
:10656000940500220121284607F024FD0028F8D1D7
:10657000002302934FF0FF324FF0FF33CDE90023A9
:10658000414604F18C023D4800F05EFDD7E7D4F8A7
:1065900088202B68C4F88430954208BFC4F888303E
:1065A000D4F89C3043F00203C4F89C30EB6823F02D
:1065B000040343F00103EB606B6888F31188BFF3B9
:1065C0006F8F28469847EFF3118887F31288BFF33F
:1065D0006F8FEB68D80623F0010236D4EA60EB68CF
:1065E0009A0716D5306823F00203EB6088B1036880
:1065F000002170B14268954235D1036869BB726869
:106600003360824200D17360002340F8083BFFF7FB
:106610001BFFD4F89C3023F00203C4F89C3088F3AD
:106620001188BFF36F8FDB0589D400F0C3FB86E7C9
:10663000D4F89C30D9069BD5C4F89C0088F3118807
:10664000BFF36F8F04B0BDE8F08123F01103EB605E
:1066500005F11000FFF7F8FEC1E70B607368834295
:1066600008BF7160D0E723B11A6801461846134687
:10667000BFE71A46F9E700BF5C2D0020AF390020C4
:10668000F8B5C3689A0704460F46C3F340062ED4F4
:106690005B071CD40B680BB983680B60E368DD07EC
:1066A00044BFA3683B603D684CBF02260126002D15
:1066B0003CD0204B9A68D5F880309A420AD0D5F861
:1066C0009C30D807C3F3800214D46FF01206002365
:1066D0003B6025E007F097FBD5F89C300028F0D10F
:1066E000D907C3F3C002F0D552B15B0708D46FF0ED
:1066F0000F06ECE7002AFAD1C3F3C003002BF6D152
:1067000000232360D5F8883063B9C5E921442846C1
:1067100007F0B5FAE36843F00403E3603B68A36065
:106720003046F8BD1C60C5F88840F0E76FF01506EC
:10673000CDE700BF3C2D0020F8B5C36803F005038A
:10674000002B06460C4614BF012700271CD0856885
:106750000122002104F1100007F066FA13492046D7
:1067600007F0E5FAE36843F01003E360F3685B07C2
:1067700012D5336823606BB9D5F8883033B9C5E9D1
:106780002144284607F07BFA3846F8BD1C60C5F85E
:106790008840F6E73460F4E7D5F884302360D5F814
:1067A0008830C5F88440002BEBD1F0E75FDC0100B6
:1067B0000146014807F0D7BA48230020F0B589B058
:1067C00004460020C4E921000E9D04F18C00C4E9B8
:1067D000230004F19400C4E9250055B3287900286A
:1067E00040F2011008BF0120C4F89C0000204FF0C7
:1067F000FF364FF0FF37CDE90330CDE90100CDE999
:1068000006670D4B0094204600F0C8F855B1296882
:1068100011B1204607F0FDFA6B791BB1237B43F0E1
:1068200001032373204600F045FBC4F8804009B003
:10683000F0BD0120D8E700BF3565010037B50190F4
:106840000846EFF31184402181F31288BFF36F8F64
:10685000C16811F01E0F16D153EA020508D101A933
:10686000FFF70EFF84F31188BFF36F8F03B030BDC5
:1068700041F00801C160019981620449103000F0C3
:10688000A5FC0120EEE70020ECE700BFF3DC0100EF
:1068900001460148FFF7D2BF48230020F7B50C4658
:1068A000019016461D46EFF31187402383F31288AB
:1068B000BFF36F8F084607F0D3F955EA060309D1F5
:1068C00001A92046FFF7DCFE87F31188BFF36F8F25
:1068D00003B0F0BDE368074943F00803E360019BA0
:1068E000A36232462B4604F1100000F06FFC012039
:1068F000EAE700BFF3DC010001460148FFF7CEBF25
:10690000482300202DE9F043073285B022F007022A
:106910000E461F461099017300F158037F32C0E9FB
:1069200016330446002322F03F02042183604173A2
:106930003F2A0F98A073C4E90633E37306F14009B8
:10694000A2F1400805D883F31188BFF36F8F084682
:1069500002DFB51829462046F7F718FA07300E9BD4
:1069600020F00700E066C4E9199802930D9B01939B
:106970002D1A0C9B00932A463B4631462046F7F7DA
:106980006DFD00236365044B9B6803B11B6F236798
:10699000284605B0BDE8F0833C2D0020F0B587B057
:1069A00000250595109D04950F9D03950E9D02955C
:1069B000DDE912760D9D01950C9D00950446FFF7CB
:1069C000A1FFB6F1FF3F08BFB7F1FF3F05D056EA80
:1069D000070305D1204600F06DFA204607B0F0BD50
:1069E0003A46334604F11800014900F0EFFBF4E7A2
:1069F00007DF010040F2011383810023C0E919334E
:106A00000367014B986070473C2D0020094A93684A
:106A10006FF00A01D967084998674B6843F08053C3
:106A20004B60002383F31188BFF36F8F9368D86F97
:106A3000704700BF3C2D002000ED00E070B590F9DC
:106A40000D20437B002A36DBD90634D11B4C63F082
:106A50007F032246437352F8183FE169934207D1FE
:106A6000C0E900210860E06111E09942F8D01B689C
:106A7000002BF5D090F90E5093F90E60B542F4D08A
:106A8000AE42F2DD5968C0E9003108605860A5697E
:106A9000954200D005B9E568A3685A7BD20604D1B7
:106AA000DA897F2A01D9AA6932B1AB4202D02846DD
:106AB00000F00CFB656170BD6361FCE73C2D0020BC
:106AC00038B590F90D20437B002A014604DA03F023
:106AD0007F03437307F0A0F90D4D2A46AB6852F8C7
:106AE000184F944200D004B9EC688B4207D05A7B0F
:106AF000D20604D1DA897F2A01D9A2692AB1A34238
:106B000002D0204600F0E2FA23466B6138BD00BF98
:106B10003C2D0020B3F1FF3F08BFB2F1FF3F03D08F
:106B20000249183000F052BB704700BF07DF010078
:106B300038B5194CA168E0690B68814214BF1A4648
:106B4000002249680B605960A368E1692AB9134AB9
:106B5000C3E900210B60E3610CE093F90E0092F9A8
:106B60000E50A84214D0854212DD5168C3E90021BD
:106B70000B605360A569094B9D4200D005B9E568DB
:106B8000A3689D4202D0284600F0A0FA656138BD96
:106B90009142DCD01268D9E73C2D0020542D002012
:106BA000F8B50E4B0C4611460D4A98681060DDE9A9
:106BB0000667EFF31182402282F31288BFF36F8FD2
:106BC0009D68284607F03AF9284632463B46FFF7CB
:106BD000A1FF2046BDE8F840FFF718BF3C2D00207C
:106BE000642D0020F8B50446EFF31187402383F3AA
:106BF0001288BFF36F8F437B03F01F02002A0CBF84
:106C00000126002649B239D103F07F03437307F010
:106C100003F92C4D437B817363F07F032A46437352
:106C200052F8183F934227D1E869C4E90020046074
:106C3000EC610FE09842F8D01B68002BF5D093F977
:106C40000EC06145F6D08C45F4DD5968C4E90031C9
:106C50000C605C60AC69944200D004B9EC68AB682D
:106C60009C4202D0204600F031FA6C6187F3118813
:106C7000BFF36F8F3046F8BDE869DEE79B071ED58E
:106C8000856807F0C9F881732B689D4209D16B684C
:106C9000C4E900531C606C60E8E76A689342F6D070
:106CA0001B68002BF3D093F90E209142F5D08A4255
:106CB000F3DD5A68C4E9003214605C60D6E7817382
:106CC000D4E700BF3C2D002049B9EFF3058030B96F
:106CD000054B5A699B689A4201D0FFF797BE81F332
:106CE0001188BFF36F8F70473C2D0020034648B9D1
:106CF000EFF3058232B9064A51699268914201D098
:106D0000FFF784BE83F31188BFF36F8F704700BF16
:106D10003C2D0020EFF31181402383F31288BFF351
:106D20006F8F054B9A68D37B013BD37381F3118836
:106D3000BFF36F8F704700BF3C2D002070B5EFF39D
:106D40001186402383F31288BFF36F8F144DAB6815
:106D5000DA7B0132DA732A4652F8184F944200D097
:106D600004B9EC685A7BD20604D1DA897F2A01D9AA
:106D7000A2692AB1A34202D0204600F0A7F9234617
:106D80006B6186F31188BFF36F8FEFF3118040239F
:106D900083F31288BFF36F8FBDE87040FFF7A6BF83
:106DA0003C2D0020024B03F11802C3E90622704774
:106DB0003C2D002070B5EFF31186402383F3128839
:106DC000BFF36F8F1B4CA168E0690B68814214BF51
:106DD0001A46002249680B605960A368E1692AB924
:106DE000154AC3E900210B60E3610CE093F90E0042
:106DF00092F90E50A84218D0854216DD5168C3E9B9
:106E000000210B605360A5690B4B9D4200D005B972
:106E1000E568A3689D4202D0284600F057F96561F5
:106E20003046BDE87040FFF7F1BD8A42D8D0126805
:106E3000D5E700BF3C2D0020542D0020F8B550EAC6
:106E4000010306460C4603D1FFF7B4FF0020F8BD4E
:106E5000EFF31187402383F31288BFF36F8F124D36
:106E6000124BA8681860FFF72BFEA868104923464C
:106E70003246183000F0AAF9AA68537B43F00403A5
:106E8000537304463846FFF7C1FDAB68D3E90A23C4
:106E9000B3F1004F08BF002AD8D107F0ECF8201A50
:106EA00020EAE070D3E700BF3C2D0020642D0020D5
:106EB00007DF010038B50446EFF31185402383F363
:106EC0001288BFF36F8F437B5B070FD5183007F035
:106ED000AAF8637B23F0040320466373FFF7AEFD3B
:106EE00029460548BDE83840FFF7EEBE85F3118816
:106EF000BFF36F8F38BD00BFAF390020014B9868DA
:106F0000704700BF3C2D00202DE9F8430446077B65
:106F1000EFF31185402383F31288BFF36F8F437B18
:106F2000190705D585F31188BFF36F8FBDE8F88386
:106F3000D90943F008025DD14273A36813B120461A
:106F400006F072FF04F1180007F06DF8A66D04F169
:106F50005808B04511D04FF0000976B1304606F020
:106F600063FF06F1180007F05EF8C6F87C90304623
:106F7000FFF764FDA66DB045EFD1DFF8C080D8F80B
:106F800008309C423ED1EFF30589B9F1000918BFE2
:106F90004FF00109D8F81860294A964200D00EB97E
:106FA000D8F80C60B34202D0304600F08FF820468B
:106FB000C8F8146003F0AEFDB9F1000F02D021480B
:106FC000FFF718FDD8F808309C4231D1EFF3058364
:106FD00073BB227BD20718D42846FFF717FDFB07A7
:106FE000A4D5002383F31188BFF36F8F04231846C1
:106FF00002DF9BE703F07F0343F00803437306F0CF
:107000000BFF9AE74FF00009C4E785F31188BFF33F
:107010006F8F83F31188BFF36F8F0423184602DF4D
:10702000EFF31180402383F31288BFF36F8FD4E70F
:1070300085F31188BFF36F8FD1E700BF3C2D00208F
:10704000542D0020E8230020D3B5DDE90667089C15
:10705000CDE90067FFF7A4FD1CB1034B9B681B69DA
:10706000236002B0D0BD00BF3C2D0020427B12F057
:107070001F02034610D10A4988420DD00949086809
:1070800068B1D9897F2909D893F90E20064B1B686E
:107090009A42B8BF002070470020704710467047E2
:1070A00048220020C8040020682D0020044BC01A8C
:1070B000044BC0105843044B01221A54704700BFC0
:1070C00068240020ABAAAAAAAF39002070B50D4BE6
:1070D0000D4D1E7CFFF7CAFF06EB460305EBC3050B
:1070E0000446284606F09FFF084B00229A553CB103
:1070F000621E28460649BDE87040D31700F066B806
:1071000070BD00BF3C2D002068240020AF39002056
:10711000AD70010038B5EFF31185402383F3128879
:10712000BFF36F8F0F4B104A9C681068A04206D1C6
:10713000FFF7CCFF85F31188BFF36F8F38BD0021B7
:107140001B7C1160094AD35C002BF3D02046FFF76B
:107150008DFF0028EED0637BDB0601D1FFF7E8FC52
:107160002046E5E73C2D0020642D0020AF390020AB
:10717000024B1868984208BF00207047CC040020DA
:10718000034B1B680BB9FCF7E7BE0020704700BF3C
:107190006C2D002030B570B10B4B5B6898420AD063
:1071A000036843B1D3E90421D0E90445121941EB46
:1071B0000501C3E90421D0E9003213605A600023BD
:1071C000C0E9003330BD00BFCC040020B3F1FF3F65
:1071D00008BFB2F1FF3F2DE9F84F04469946154626
:1071E0001F467AD08160EFF31188402383F3128821
:1071F000BFF36F8FB9F1000FDFF8E4A020DBFFF7DA
:10720000BFFFDAE90027013549F100092D1849EBE4
:10721000E073C4E90453AD18064643EB07074FF08B
:107220000109FFF7A5FFDFF8BCE0DEF804A0034684
:10723000EBB9C4E900EACAF80040CEF8044028E0FF
:10724000DAE900126FF001035B1A4FF0FF3161EBD6
:1072500002025B1B62EB0902012B72F10001BCBF51
:1072600001230022C0E904324FF00009D9E7D3E935
:10727000041CD4E904208A4270EB0C0B24DA891A2E
:107280005A686CEB0000C3E90410C4E900321460D2
:107290005C60FFF76DFF84420ED1134B1B685BB936
:1072A000B9F1000F02D1FFF76BFF0646304606F03A
:1072B000A3FE0021FCF722FE88F31188BFF36F8F35
:1072C00028463946BDE8F88F521A60EB0C009A4503
:1072D000C4E90420ADD01B68AAE700252F46EFE7DC
:1072E00080240020CC0400206C2D00202DE9F047E4
:1072F000EFF31185402383F31288BFF36F8FDFF81C
:10730000A490DFF8A480C9F80000FFF731FF002641
:107310000027D9F80030D8E900ECD91750B1D0E9EE
:107320000442A34271EB020A1CDAE41A62EB010286
:10733000C0E9044213EB0E034FF000044CEB0101D3
:107340002046C8E90031C9F8004006F055FE214644
:10735000FCF7D4FD85F31188BFF36F8FBDE8F047CC
:10736000FFF7D8BE14EB0E024CEBE473C0E90467E0
:10737000C8E90023FFF70EFF85F31188BFF36F8F75
:1073800083689847EFF31185402383F31288BFF396
:107390006F8FD9F800301B1BC9F80030FFF7E8FEEB
:1073A000B7E700BF6C2D00208024002010B5EFF35C
:1073B0001184402383F31288BFF36F8FFFF7E0FE41
:1073C000054A0346D2E90001181841EBE37184F342
:1073D0001188BFF36F8F10BD80240020F8B50646DA
:1073E000EFF31187402383F31288BFF36F8F026896
:1073F00022B187F31188BFF36F8FF8BDD0E90A542B
:10740000691C44F10003022973F1000334D3013DE8
:1074100044F1FF34002CBCBF15462C4606F02FFE6D
:10742000013041F10001401944EB0101012871F1E3
:10743000000149DB06F023FE013041F100016FF04D
:107440000203401944EB010183426FF000438B417A
:107450003FDB06F014FE013041F100016FF0010244
:10746000401944EB01044FF0FF33121A63EB04039D
:107470001A493046FFF7AAFE336B01333363336A90
:107480006BB187F31188BFF36F8F336A304698472B
:10749000EFF31187402383F31288BFF36F8F3346D6
:1074A00053F8184F9C42A4D0002CA2D0204606F0DE
:1074B000FCFC0023E36787F31188BFF36F8F20463E
:1074C000BDE8F84006F0E2BC6FF001024FF0FF3378
:1074D000CEE700224FF00043CAE700BFDD73010092
:1074E0002DE9F04105461C4690461F46EFF31186F4
:1074F000402383F31288BFF36F8FB4F1FF3F08BFBF
:10750000B2F1FF3F05D186F31188BFF36F8FBDE85D
:10751000F081002C09DB012A74F10003BCBF0122B9
:10752000002412F1FF3844F1FF37284606F07BFDB6
:10753000DDE906010023C5E90A012B6342463B460B
:1075400028460249FFF742FEDDE700BFDD73010078
:1075500038B50346EFF31185402282F31288BFF35A
:107560006F8FC160012181600068834206D185F37D
:107570001188BFF36F8F0024204638BDD0E9003258
:1075800013605A600023C0E9003306F0E8FD294685
:1075900004460248FFF798FBEEE700BFB039002031
:1075A000F8B507460C46164606F02DFC08B100203B
:1075B000F8BD0D4B9B681D6F002DF8D0221DF6D233
:1075C000EFF31184402383F31288BFF36F8F47F0EA
:1075D00004012846B04784F31188BFF36F8F002859
:1075E000E5D040F8045BE3E73C2D00200146024A69
:1075F0000020FFF7D5BF00BF31A8010010B50C4C2B
:10760000236813B10B4B1B682BB900F029FE30B96E
:10761000084B01221A6001232360002010BD0138AD
:10762000062801D9044810BD044B53F8200010BDB2
:10763000742D0020702D0020FE8FFFFF04EF01004D
:10764000BFF34F8F0549064BCA6802F4E06213434B
:10765000CB60BFF34F8F00BFFDE700BF00ED00E040
:107660000400FA0510B4094B09490A4C4FF0FE32E8
:10767000C3F800244968C3F80424C3F80824C3F8F5
:107680000C240023C4F8003510BC084700B0025099
:10769000D404002000A00250D0E90012014BC3E93D
:1076A00000127047D40400202DE9F043134B144E10
:1076B000002814BF04461C4683B02368B34219D087
:1076C0000D4620464FF4E07104F10409174604F515
:1076D0008E7800F0E9F8484600F0ACFC404600F037
:1076E000DBFA084900972B464A46404600F0EAFA82
:1076F00008B92660002003B0BDE8F083782D002093
:10770000A5BCC95ABD80010070B51D460C4B0028B0
:1077100018BF03460B481E68864282B00DD1002672
:1077200003F58E7000963346144600F017FB0028D0
:1077300018BF34462C6002B070BD0348FBE700BFA1
:10774000782D0020A5BCC95AE88FFFFF10B504466C
:1077500050B1636813F0685F05D0064A934202D0C7
:1077600000232360626010BD034B04485B689847A8
:10777000EFE700BF2C5F5CA9D404002020EF0100DC
:10778000C8B143680D4A934213D013F0685F0ED01E
:10779000012350E8002F194640E8001C9CF0000F20
:1077A000F7D1012AF5D0BFF35F8F0020704704485E
:1077B0007047044870476FF4E04070472C5F5CA945
:1077C000E98FFFFFEA8FFFFF80B14368094A9342C8
:1077D0000AD013F0685F05D0BFF35F8F002303600A
:1077E0001846704704487047044870476FF4E040FB
:1077F000704700BF2C5F5CA9E98FFFFFEA8FFFFF96
:1078000010B5044620B1044B63600022226010BD15
:107810000248FFF727FFF6E73A00003A48EF010079
:1078200070B5D0E90023174C174D6360D0E90230E2
:10783000C4E9023022604868D1F800C0134BC3E9A4
:1078400000C0D5F81801D1F808C0C3F808C010F07E
:10785000685FD1F80CC00969C3F80CC0196110D079
:107860000B49C5F8BC110023C5E9453105F58A70FF
:10787000C5F8B8319047236805F5DC70BDE8704065
:10788000184770BDF0040020782D0020DC04002093
:107890002C5F5CA938B131B10144002203460130AC
:1078A00081421A70FAD1704738B131B101440022D7
:1078B0000346013088421A70FAD170472DE9F04F23
:1078C000B2F5C07FB5B000F2D780DFF8B4911446AE
:1078D0000D464FF4D07200210DF15C080746484672
:1078E00006F0CFFC404601F051F9002309F11806DB
:1078F000A9F8103063BA29462246A9F8123030465A
:10790000202389F8173006F094FC5E4B079303F1AF
:1079100004338022089303F104330993325503F1B1
:10792000043307A940460A9301F046F9824600282D
:107930007FD104F119030BAE0FAC029303970196AC
:1079400004940198DFF840B11022002106F099FC60
:10795000DDF808A005940E9B5BF8044C5BF80C7CEA
:107960000B995BF8100C5BF8085CDDE90C625C407D
:10797000019B7E40554081EA00071A46012140469E
:10798000CDE90B76CDE90D5401F030F9BAF1100FC5
:1079900094BFAAEB0A0AAAF1100A0BF1100B0028F7
:1079A00065D1BAF1000FD6D1059C0199204610226D
:1079B00006F03FFC99F8033010340133A04589F8F4
:1079C0000330BED1049C039F019E80222146404685
:1079D00001F0F2F8824670BB07F120093D4613AB77
:1079E0001A460121404601F001F91022824613A9EE
:1079F00028461544BAF1000F1DD106F01AFC4D457A
:107A0000EDD1404601F0D2F81D484FF4D071FFF798
:107A10004BFF20462021FFF747FF07A81021FFF763
:107A200043FF30461021FFF73FFF504635B0BDE819
:107A3000F08F0FAC0BAE404601F0B8F810484FF491
:107A4000D071FFF731FF20462021FFF72DFF07A857
:107A50001021FFF729FF10213046FFF725FF2021D5
:107A60003846FFF721FF504635B0BDE8F08F039F41
:107A7000019E049C8246DEE76FF0370AF3E700BF01
:107A8000482F002000010203582F00202DE9F0416B
:107A900088B004460D4620220021684606F0F1FB1E
:107AA00004F120066F46E27B0132D2B2E273002A73
:107AB0004DD1A27B0132D2B2A273002A47D1637B9F
:107AC0000133DBB26373002B41D1237B0133DBB283
:107AD0002373002B3BD1E37A0133DBB2E372002B3B
:107AE00035D1A37A0133DBB2A372002B2FD1637A95
:107AF0000133DBB2637253BB237A0133DBB22372EF
:107B00002BBBE3790133DBB2E37103BBA379013310
:107B1000DBB2A371DBB963790133DBB26371B3B953
:107B200023790133DBB223718BB9E3780133DBB204
:107B3000E37063B9A3780133DBB2A3703BB9637818
:107B40000133DBB2637013B92378013323703B46F2
:107B500022460121304601F049F8804650BB1037DB
:107B600008AB9F429FD1029AAB68039F079953408D
:107B700002933046EE68009B7E400396049F2E6978
:107B80007E4004966E69059F7E400596069FAE690D
:107B90007E400696EE697140079129684B4000933C
:107BA00001996B6880224B406946019301F004F80B
:107BB000804638B168462021FFF776FE404608B07F
:107BC000BDE8F08110220DEB0201204606F031FBEA
:107BD000F0E700BF2DE9F84304468069B0F5C07FA7
:107BE00052D81D46C0F5C073AB424DD3C5F5C07326
:107BF0001B1A9342164647D3DFF898904FF4C07291
:107C00000F464846002106F03CFBD4F89430A269A8
:107C1000D4F8980049469847002838D1D4F81880FD
:107C20003DB1D4E925302A4609EB0801984770BBDD
:107C3000A84407B1C6B9174942460846FFF73EFEB9
:107C4000054638B113484FF4C071FFF72DFE2846A2
:107C5000BDE8F8830F492046FFF718FF05460028C6
:107C6000F0D101232361EDE709EB080039463246E4
:107C700006F0DFFA0749B04442460846FFF71EFE09
:107C800005460028DED1E5E76FF03705DFE76FF046
:107C90003305DCE7E830002010B5A42204460021BB
:107CA00006F0EFFA064B4FF0FF314FF6F07221610C
:107CB000E26104F19C001B68BDE81040184700BF5A
:107CC000400500202DE9F04385B005460F461646D5
:107CD000002110226846994606F0D3FA1D4B05F1A3
:107CE0009C081B684046984720B10446204605B0D2
:107CF000BDE8F08305F12004204600F047FFAA69A3
:107D0000C5E925762E69E2B92022002EAA611FDB83
:107D100020466946802200F04FFF044630B90C9A95
:107D2000334649462846FFF755FF04460A4B40466E
:107D30001B689847002818BF0446204605B0BDE8D8
:107D4000F083002EE4DA172A02D801325608DFE762
:107D50000026DDE73C050020380500202DE9F04F26
:107D60008DB0B2F5806F169F00F2E380B7F5807F8B
:107D700000F2DC80044615460E462022002104A8AD
:107D8000984606F07EFA6C4B04F19C091B68484645
:107D900098478346002840F092802269E3699A421E
:107DA00000F391806369002B40F08D80002F40F03C
:107DB000A980DFF888A16F46002D00F0988004F1BB
:107DC00020086F460EE0102DAB4628BF4FF0100B79
:107DD00030465A46394606F02CFAB5EB0B055E44A0
:107DE00000F08580E37B0133DBB2E373002B4DD1E0
:107DF000A37B0133DBB2A373002B47D1637B013339
:107E0000DBB26373002B41D1237B0133DBB22373DD
:107E1000002B3BD1E37A0133DBB2E372002B35D187
:107E2000A37A0133DBB2A372002B2FD1637A013323
:107E3000DBB2637253BB237A0133DBB223722BBBF9
:107E4000E3790133DBB2E37103BBA3790133DBB226
:107E5000A371DBB963790133DBB26371B3B9237901
:107E60000133DBB223718BB9E3780133DBB2E3700A
:107E700063B9A3780133DBB2A3703BB963780133F4
:107E8000DBB2637013B92378013323703B4622467B
:107E90000121404600F0AAFE8346002893D0DAF87C
:107EA0000030484698472021034604A8002B18BFFD
:107EB0009B46FFF7F9FC10213846FFF7F5FC5846C2
:107EC0000DB0BDE8F08F3A46414600232046FFF74B
:107ED00081FEDFF868A000283FF46DAFDAF80030CB
:107EE00048469847834600283FF465AFE7E704A972
:107EF0002046FFF7CBFD83460028D0D1236901330C
:107F00002361CCE73A46414604A8FFF7D7FC8346F5
:107F100018B1DFF828A06F46C1E704A92046FFF793
:107F2000B5FD834600283FF444AFF2E76FF0370B0E
:107F3000C5E76FF0350BC2E73C050020380500208F
:107F40002DE9F043202B8BB01D460646884691460E
:107F500026D8DBB202AF8DF80480B0468DF805302C
:107F600058F8041B21B9404600F084FE044640B98D
:107F700001233360022201A9404600F08FFE04462F
:107F800038B138462021FFF78FFC20460BB0BDE802
:107F9000F0832A464946404600F080FE0446F0E75A
:107FA00002AF1946104600233A4600F0FDFF044692
:107FB0000028E6D12023B9461D46CCE7F0B5D0F81D
:107FC000F830A7B0002BD8BF02AE2CDDD0F80C41A2
:107FD0000546002302AE0193A4F10107D0F8000189
:107FE000D5F8FC4001AB90223146A047B7FA87F79D
:107FF0007F09044610B9019B3BB9A7B130469021D7
:10800000FFF752FC204627B0F0BD01463246284615
:10801000FFF796FF50B9D5F80431019A1344C5F81B
:108020000431002FEAD16FF03C04E7E70446204614
:1080300027B0F0BD70B50025044604F588761422FB
:108040002946C0F8F850FC3006F01BF908222946F2
:10805000304606F016F9154B30461B689847204607
:1080600040F8045B00F0ECFD114B30461B6898476C
:10807000D8B9D4F8F830AB4211DC03EB830204EB3F
:1080800082022021C2F808110121C2F80C1101332B
:108090000849C2F80001C2F8FC10C4F8F830064BD9
:1080A00030461B68BDE87040184770BD4005002091
:1080B0003C050020918A0100380500202DE9F04799
:1080C000202A88B079D83E4B00F588791B68044691
:1080D00048461746884698470546F8B9D4F8F83018
:1080E00040F20116002B64D02046FFF767FF0546DB
:1080F00038B9D4F8F830002B14DC013EF2D16FF01F
:108100003B056E4620213046FFF7CEFB2D4B4846FF
:108110001B689847002818BF6FF01D05284608B057
:10812000BDE8F087D4E94132934203D3D4F80C215F
:10813000012A02D0013ED7D1E1E71F2BFAD96E46C2
:1081400001462022304604F1040A06F09AF831462E
:10815000504600F0CDFD05460028D3D1504600F032
:1081600083FD504600F06CFD2946504600F082FD2C
:1081700005460028C6D150462022314600F08EFD2B
:1081800005460028BED1034632462021304600F085
:108190000BFF05460028B5D1D4F8F830002BC4BF3A
:1081A0000023C4F804313A464046314606F041F80F
:1081B000A8E76FF03F056E46A4E76FF03B05ADE71B
:1081C0003C0500203805002030B58DB00021282264
:1081D00002A8019106F055F802A800F00DFF044630
:1081E00010B120460DB030BD174D4FF0FF3128685B
:1081F00000F044F9044620B11448FFF733FA012C8B
:1082000018D0002000F06AF9D0B9114A02A901A8DB
:1082100000F030FC0446012000F060F960B92868E5
:1082200000F034F90028DCD00A48FFF71BFA20469A
:108230000DB030BD0524F2E70748FFF713FAEEE76B
:108240000648FFF70FFAE0E7240500206CEF010075
:1082500068320020C4EF0100A4EF010084EF0100A8
:1082600030B583B000F05CF828B100F0ABF803241F
:10827000204603B030BD00F077F8D8B900F02EF9F1
:10828000E0B9224CD4F828391B0EF02B0AD1D4F8CF
:10829000242A1F4B9A4231D000F044F8072400F002
:1082A00091F8E5E700F03EF800F08CF8062420464F
:1082B00003B030BD0424204603B030BD00F032F8D6
:1082C00000F080F8FFF780FF044698B9114D2B6845
:1082D000002BCDD102460146FFF7E6F950B90E4911
:1082E00001AB6822FFF710FA20B90C4B2B60204637
:1082F00003B030BD0524204603B030BD012000F09E
:10830000EDF80028DAD1C4F80C0ADBE700B002501F
:108310000000E020883400208C3400205AEA5A5AA9
:108320000020704700207047430504D5044B4FF0F0
:10833000FF32C3F80821024BC3F8080A704700BF98
:1083400000B00250014BC3F8040A704700B002505D
:1083500008B100F06BB84FF47500704708B100F039
:108360004FB84FF47500704710B5114800F072F81F
:1083700000B110BD0F4800F06DF80028F9D10E4C87
:10838000204600F067F80028F3D10C4B0C481C6025
:1083900000F060F801460028EBD100F02DF804460B
:1083A00008B1204610BD00F07BF82046FAE700BF78
:1083B00034050020300500202C0500202405002075
:1083C0002805002008B5084800F04EF8074800F0DE
:1083D0004BF8074800F048F8064800F045F8BDE8BB
:1083E000084000F00BB800BF340500203005002025
:1083F0002C0500202805002000207047704700BF92
:1084000010B4094C0246D4F8003A1342FBD021B113
:10841000D4F804310B60C4F80831034BC3F8082AC0
:10842000002010BC704700BF00B00250044AD2F8D0
:10843000003A1842FBD0C2F8080A0020704700BF7B
:1084400000B0025005F003BF05F01BBF0A46002133
:1084500005F017BF08B5034B02681B681068984702
:10846000002008BDF004002008B5034B02685B68DB
:1084700010689847002008BDF0040020024B0268F5
:108480009B681068184700BFF004002008B5034B34
:108490000268DB6810689847002008BDF0040020DF
:1084A00070B5094C094D2069AB68984718B1084B65
:1084B00008485B689847084AEB682069002111600A
:1084C000BDE87040184700BFDC040020F004002025
:1084D000D4040020DCEF0100F4340020F8B51A4D7C
:1084E0001A4E0446B26828699047E8B9184F3B68AD
:1084F0004CB1A3B1012B19D0013B3B602869F36853
:1085000098470020F8BD43B9124A0121C2F800156E
:108510001149D1F81029002AFBD101333B60F368DF
:10852000286998470020F8BD0C48F8BD0A4AD2F8DF
:108530001039002BFBD1074A6FF07E40C2F800359E
:10854000FFF700FF3B68D7E7DC040020F0040020C1
:10855000F434002000A0025000B00250E98FFFFF69
:10856000014B1B68184700BFF0040020014B9B68BB
:10857000184700BFF0040020014BDB68184700BF1C
:10858000F00400202DE9F047002878D00C4600299F
:1085900075D01D46002B72D007461AB10122002368
:1085A0002A6003602B68002B64D02946204600F027
:1085B000DBFD804600285FD12868214600F0BAFD27
:1085C0008046002858D12B68082B6CD0042B6DD026
:1085D000A3F10209B9FA89F94FEA5919354E012177
:1085E000C6F8C411C6F84011C6F8C411636AC6F8CB
:1085F0003031D6F830219342F6D14FF0000A4FF0D7
:10860000FF30C6F82CA1FFF78FFE6FF01B03C6F8F2
:1086100000315046FFF796FEC6F80C91D6F8040AD2
:1086200040F48060FFF78EFE0A23C6F83831089BBD
:10863000012B29D02369204AA2FB03231B09626A6C
:1086400002FB03F303EB43031A4ADB039B09C2F863
:10865000D8310123C2F82C313B682A6823F07F43CC
:1086600043EA02633B602A6843EA02233B604046D8
:10867000BDE8F087DFF844804046BDE8F087DFF8CA
:1086800040804046BDE8F0874FF08053D3F80C2C73
:10869000013206D0D3F80C3C074AA2FB03231B0986
:1086A000CDE71623CBE74FF0030997E74FF0020918
:1086B00094E700BF00B00250ABAAAAAA310CF100A7
:1086C000350CF10050B34B1EB3F5047F26D24FF0AA
:1086D000000C30B5CD00E6466446630904F01F0186
:1086E00050F823301F2923FA01F306D003F00103C9
:1086F0001CB901249E46A446EFE79E4504F10104FF
:1087000006D09E464FF0010CAC42E6D1002030BDB1
:108710000CF1010C9445F7D1014830BD0048704779
:10872000360CF100C8B32DE9F0434C1EB4F5047FBC
:108730001CD2DBB1D2B14FF0000ECF007646F0462E
:10874000754603F1FF396C0905F01F0150F824400C
:108750001F2924FA01FC0CD00CF0010C4DB90126A4
:10876000E0463546B646EEE7964218D90D48BDE8D4
:10877000F08373450CD0C44508BF0136F145F3D0F2
:108780000EF1010E0135BD42DDD10020BDE8F083C0
:108790004FF0010EE0467646F4E7024870479E46E9
:1087A000F0E700BF370CF1002DE9F04F91B00D4616
:1087B000DDE91B41824600296ED1286906901A988E
:1087C0001C6000230360002A00F02E819C4B6A6A23
:1087D000D3F83811D3F830319A4269D10A2967D1D8
:1087E0009AF80330089304F1080306990793954B10
:1087F000934CA3FB01239B0803EB4303A1EB43032F
:108800000393042305931A9B069E1E60002E00F01E
:10881000E980002700F0B8FC0997BAF1000F00F0DA
:10882000D580DDF81C804FF00109002D00F0CE80CE
:10883000089B002B3ED008A9284600F095FC002894
:108840003AD0814B984220D0089B082B00F0E4805E
:108850005B0000220893009208AB29465046FFF7C0
:1088600091FE7A4B984200F0D38070B9DAF800207C
:10887000130A03F47F03134323F07F43CAF8003045
:10888000059B013B0593BED10020039000F07CFCCA
:10889000039811B0BDE8F08F4FF08050D0F80C6C09
:1088A000013614BFD0F80C0C4FF40470069086E724
:1088B0006748EAE76548C4E70898294600F03AFCAB
:1088C0000028BED1089B082B00F0A880042B00F0E4
:1088D000A880A3F10203B3FA83F35B090493C4F8FD
:1088E000C491C4F84091C4F8C4916B6AC4F83031A3
:1088F000D4F830219342F6D14FF0000BC4F82CB1DC
:108900004FF0FF30FFF710FD6FF01B035846C4F81F
:108910000031FFF717FD049BC4F80C31D4F8040AAA
:1089200040F48060FFF70EFD0A23C4F838312B694C
:10893000ABF1553BABFB03236A6A1B0902FB03F354
:1089400003EB4303DB039B09C4F8D831C4F82C9133
:10895000DAF80030089923F07F420B0243EA016302
:108960001343CAF8003009A800F0D4FB099B03F0B8
:108970001A0303437FF468AFABFB063BD4F8143112
:108980000A93D4F818310B93D4F81C310C93D4F813
:1089900020310D93D4F824310E93D4F828310F935D
:1089A000B7EB9B0F01D1039B93B9404618220AA94C
:1089B000183EFFF747FD08F11808013796B100F09F
:1089C000E3FB00230993002D7FF432AF214838E701
:1089D0004046F61A1A460AA998440137FFF732FDB5
:1089E000002EECD1069F079E6A6939463046FFF794
:1089F00069FEAA6940B94FF4806339463046FFF7F3
:108A000091FE00283FF440AF1A9A0023136018E744
:108A10002B6A002B3FF439AF0F4836E7032304934A
:108A20005DE7022304935AE7009108AB012229462F
:108A30005046FFF7A7FD00283FF4D5AE25E700BF5D
:108A400000B00250ABAAAAAA020CF100310CF1004E
:108A5000300CF100350CF100320CF10010B4DDE9FE
:108A600001340194039C02940024039410BCFFF78A
:108A70009BBE00BF10B586B005AB0124CDE9012433
:108A80000093002204ABFFF78FFE06B010BD00BFBD
:108A9000F0B587B0002966D01E46002B63D014467F
:108AA000002A60D0314F0D4638684FF0FF31FFF794
:108AB000E5FC00284DD10020FFF710FD002844D12F
:108AC0002B4800F099FA0346D8B101204FF0FF354A
:108AD000FFF704FD002834D126484FF40871FEF753
:108AE000D9FE25480421FEF7D5FE21482821FEF7AE
:108AF000D1FE3868FFF7CAFC00282ED1284607B0FF
:108B0000F0BD1C4A029205AA019204AA03900092A9
:108B1000174919481A46FFF7A1FF03460028D4D188
:108B200028461D46059B04999C42224628BF1A46AA
:108B300032600831FFF786FC0120FFF7CFFC0028E8
:108B4000CAD00E48FEF78EFDC6E70D48FEF78AFD37
:108B5000B6E70C48FEF786FDADE70B48FEF782FD51
:108B6000284607B0F0BD4FF0FF35C7E724050020C9
:108B7000FC34002024350020F8340020A4EF01004C
:108B800084EF01006CEF0100FCEF010010B504461A
:108B900030B1002201236265A265E365236610BD42
:108BA0000148FEF75FFDF4E714F0010018B17422EC
:108BB0000021FFF749BC704790B1A1B110B5802AE0
:108BC0004FF00004846380F83C4006D11022046317
:108BD0001044FFF737FC204610BD6FF01F0010BD9A
:108BE0006FF0210070476FF01F00704728B322B369
:108BF0001BB3012921D870B50446816B86B017D00C
:108C0000012917D1102500210DEB050661631046DF
:108C10000095019602AA294600F0C2FA50B92B46E7
:108C2000324602A9204600F043FD18B906B070BDD7
:108C30000029E7D06FF02100F8E76FF021007047BE
:108C400010B5044628B12046F421BDE81040FFF7D6
:108C5000FDBB0448FEF706FD2046F421BDE81040A8
:108C6000FFF7F4BB28F0010010B1F421FEF712BEAB
:108C7000704700BF08B521B1012908D06FF0360058
:108C800008BD012100F058F80028F7D108BD0221E5
:108C900000F052F80028F9D0F0E700BF30B50546E3
:108CA0008818B0F5801FA1B00B46144601D8802A61
:108CB0000CD9B3F5801F17D922461946284600F073
:108CC0007DF8044684B9204621B030BD6846FFF7E0
:108CD000B9FB22466946284600F070F88021044618
:108CE0006846FFF7B3FBEDE76FF03604EBE700BF34
:108CF00070B5E8B10E46D9B1044600F031F805462A
:108D0000B0B92368012B0BD0022B01D0284670BDCF
:108D10001C2204F108013046FFF794FB284670BD81
:108D2000202204F108013046FFF78CFB284670BD75
:108D30006FF03605EAE700BF78B138B504460D4656
:108D4000F021FFF783FB40232560E365204600F018
:108D50005BFA003818BF012038BD0120704700BF02
:108D600070B5056EA4B0044604AEE5B90122002337
:108D700062603046CDE9003302AA294600F010FABD
:108D800010B1012024B070BD2A4602A9204600F08F
:108D900063FA0028F5D1204600F074FB0028F0D1DA
:108DA000206624B070BD802D2A4600F1640128BFE2
:108DB00080223046FFF746FB256ED7E7002800F0FB
:108DC000AE802DE9F04F1446A5B0002A3DD00F46E5
:108DD000002949D0B2F5803F0546006E20D34FF6FA
:108DE000FF7805F1640AEB6D1A1AB2FBF3F103FB8D
:108DF0001122002A65D18342B9464FF6FF7672D020
:108E0000B6FBF3FB03FB0BFBBBF1000F30D1002ED5
:108E100045D1A4F57F44FF3CB4F5803F4744E2D2FE
:108E2000EA6D161AB6FBF2F302FB1366A64228BFE0
:108E30002646002E75D1824200F08D80B4FBF2F6FA
:108E400002FB06F62EB9002C79D1002025B0BDE832
:108E5000F08F0023CDE9003302AA3146384600F0F6
:108E60009FF9002800F09580012025B0BDE8F08F23
:108E70000023CDE9003302AA5946484600F090F994
:108E80000028F1D102A95A46284600F0E5F9002849
:108E9000EAD1A6EB0B06286ED944002EB9D01930C2
:108EA000494605EB80003246FFF7CCFAA4F57F4433
:108EB000286EFF3C3044B4F5803F4744286692D288
:108EC000AEE7424528BF4246504439461646FFF7B2
:108ED000B9FA286EEB6D3044834207EB0609286629
:108EE000A8EB06068CD1802B28BF80231A4651465A
:108EF00004A8FFF7A7FA0023CDE9003302AAE96D21
:108F000004A800F04DF90028AED1EA6D02A9284668
:108F100000F0A2F90028A7D1EB6D286670E70120C8
:108F2000704705F16403394632461844FFF78AFA60
:108F3000286EEA6D3044A41B374428667BE72B6E0D
:108F4000193305EB830022463946FFF77BFA2B6E77
:108F500023442B6679E7802A28BF802205F164012B
:108F600004A8FFF76FFA0023CDE9003304A8E96DE8
:108F700002AA00F015F900287FF476AFEA6D02A985
:108F8000284600F069F900287FF46EAFEA6D286684
:108F900054E702A93246284600F05EF900287FF423
:108FA00063AF3744A41B4EE7F8B51C46054611488D
:108FB0000E461746FFF744FE21460E48FFF75AFEBD
:108FC000044620B10B48FFF74FFE2046F8BD094884
:108FD00032462946FFF762FE04460028F2D13946A0
:108FE0000448FFF785FE04460248FFF73DFE204691
:108FF000F8BD00BF4437002030B583B01C2301A961
:109000000546019300F032F8044638B9019B1C2B49
:1090100007D0144C1C212846FFF718FA204603B04D
:1090200030BDD5E90112131E18BF012300392A688B
:1090300018BF01219B0043EA4103002A18BF43F0F7
:109040000103EA680120E8612AB9C5E90834002B68
:10905000E4D1054CDEE743F008032046C5E90834B7
:1090600003B030BD370CF0000E0CF00018B111B198
:109070000B681C2B01D0012070474FF08053D3F8B0
:10908000102C013214BFD3F8102C41F25C224FF0A7
:1090900080530260D3F8142C013214BFD3F8142C7F
:1090A00041F664124FF080534260D3F8182C01321D
:1090B00014BFD3F8182C40F6D8624FF0805382606A
:1090C000D3F81C2C013214BFD3F81C2C41F2883287
:1090D0004FF08053C260D3F8002C013214BFD3F894
:1090E000002C90224FF080530261D3F8042C0132FF
:1090F00014BFD3F8042C51224FF080534261D3F8AF
:10910000082C013214BFD3F8083C40F23733836196
:109110000020704708B501464FF48060FFF71EF944
:10912000034B0022C3F8C821C3F82C2108BD00BF9F
:1091300000B002500138072805D8DFE800F0100E13
:10914000040A0404040607487047CB684B620020F9
:1091500070478B684B62002070474B68F6E70B68DE
:10916000F4E700BF310CF1000B6802E0082B0B6044
:1091700006D8026A13424FEA4303F7D00020704733
:1091800000487047310CF100044B0022C3F82C2139
:109190004FF48060C3F8C421FFF7C6B800B0025096
:1091A000F0B583B01D46B0F1005F4FF000038DF8BD
:1091B000073024D38C468444BCF1804F04461ED82B
:1091C00017460DF10703012200F064FE0646B0B910
:1091D000099A9DF807303C603B7192B14DB102464F
:1091E00008990DF10703284600F054FE38B99DF8A0
:1091F0000730099A30461560137103B0F0BD4FF483
:109200007506304603B0F0BDD8B108B50368012B30
:1092100004D0022B0FD043B10B4808BD0B492022CC
:109220000830FFF70FF9002008BD09491422083063
:10923000FFF708F9F7E7074920220830FFF702F99E
:10924000F1E74FF4730070470100F30038F00100BC
:1092500078F0010058F001002DE9F843002900F0F2
:10926000F9800446002800F0F980036890460F4614
:10927000002B00F0C380013B012B00F2D78079481E
:109280004FF0FF314FF00209FFF7F8F8002840F0E7
:10929000BF800020FFF722F90646002840F0C28078
:1092A000714AD2F81C39002BFBD16F4DD5F8203C08
:1092B000002BFBD14FF0FF30FFF736F8D5F8040A4A
:1092C00020F04000FFF73EF801230722C5F81838C8
:1092D000C5F80029C5F8C437A36CC5F8CC37E36CD2
:1092E000C5F8D037C5F8C09723685BB1013B012BA7
:1092F00018D8636AC5F85C36236AC5F85836E3693E
:10930000C5F85436584BA269C3F850266269C3F8B1
:109310004C262269C3F84826E268C3F84426A268AE
:10932000C3F84026504AD2F81039002BFBD1B8F1CF
:10933000000F5FD06368012B08BFC2F884364A4B28
:109340003A68C3F8282C4020C3F82C8CFFF700F8AB
:109350000646454AD2F81039002BFBD1424AD2F8D2
:10936000203C002BFBD123685BB1013B012B18D8BB
:10937000D2F85C366362D2F858362362D2F854369B
:10938000E361394BD3F85026A261D3F84C266261D1
:10939000D3F848262261D3F84426E260D3F8403659
:1093A000A360314AD2F8CC17A164D2F8D017E16497
:1093B00000230121C2F8C417C2F88436C2F8C837A6
:1093C000D2F81039002BFBD1C2F81838002E3BD14F
:1093D000254BD3F8040A40F04000FEF7B3FF01200C
:1093E000FFF77CF860BB1F48FFF750F810BB304612
:1093F000BDE8F8830423C2F8C837AAE719484FF03C
:10940000FF314FF00109FFF739F800283FF441AF71
:109410001648FEF727F90020FFF760F806460028F7
:109420003FF43EAF1248FEF71DF939E7114E3046C2
:10943000BDE8F8831048FEF715F93046BDE8F8831B
:109440000E48FEF70FF9CEE7102104F10800FEF7F1
:10945000FDFFBDE70A4E3046BDE8F8834FF47306C2
:10946000C5E700BF3405002000B002506CEF0100DA
:1094700084EF01000100F300C4EF0100A4EF01003C
:109480000300F30098B370B4D0E90241D0E904239B
:1094900026BA0DBA14BA19BAD0E9062312BAC0E92D
:1094A00004418261D0E90842C0E902651BBA25BACD
:1094B000C0E9073514BAD0E90B23816A12BA09BA98
:1094C000C0E90941C262D0E90D421BBA25BAC0E920
:1094D0000C3514BAD0E91023C16B12BA09BA1BBA01
:1094E000C0E90E41C0E91023002070BC70474FF462
:1094F00073007047002847D090F83C30002B34D0E0
:10950000032B10B513D02248224C2268224B12683C
:10951000C3F8002422685268C3F8042422689268C1
:10952000C3F808242268D268C3F80C2410BD016B6C
:10953000006C184C00F0A8FB0028E6D12268164BFE
:109540001268C3F8002422685268C3F80424226811
:109550009268C3F808242268D268C3F80C2400F08B
:10956000A1FB0028D1D1002010BD0B4B0269C3F82C
:1095700000244269C3F804248269C3F80824C2693C
:10958000C3F80C24002070474FF47100704700BFEF
:109590000900F1002005002000B00250374A38B51C
:1095A0000446D2F81039002BFBD1344AD2F870347B
:1095B000002BFBD1314AD2F8203D002BFBD12F4AA2
:1095C000D2F8203C002BFBD12C4AD2F8383D002B9E
:1095D000FBD12A4DD5F8383C002BFBD14FF0FF30A2
:1095E000FEF7A2FE636BD5F8040A23F00403032BF5
:1095F000E36D39D0012B0CBF20F0800020F020005B
:10960000FEF7A0FE1D4A0123C2F80039D2F8103936
:10961000002BFBD1194AD2F87034002BFBD117492B
:10962000C2F8BC34D1F81039002BFBD1134AD2F860
:109630007034002BFBD1626B22F00401032918BFA8
:10964000A36B0E494FEA820218BF03F0010302F038
:109650001C021A43C1F8C024636B072B04BF01230B
:10966000C1F87C34002038BD012B0CBF20F0400035
:1096700020F01000FEF766FEC4E700BF00B0025005
:10968000094A0A4B11680968C3F80014116849684F
:10969000C3F8041411688968C3F808141268D26802
:1096A000C3F80C24704700BF2005002000B0025012
:1096B0002DE9F04F85B0002900F0EC809046002A9B
:1096C00000F0E8800546002800F029819946C36D26
:1096D0000E46002B52D1B9F5805F54D295F83C303C
:1096E000042B00F0FF800027AD484FF0FF31FEF75C
:1096F000C5FE002840F0D5800020FEF7EFFE0028D0
:1097000040F0D880A7480123C0F81038D0F810499D
:10971000002CFBD16B6B032B3ADC002B3BDAA24C09
:10972000A04AD2F81039002BFBD1002F40F0D18095
:109730006B6BEA6D23F00403032B9A4BD3F8040AF6
:1097400000F09F80012A0CBF40F0800040F0200014
:10975000FEF7F8FD934B0022C3F810280120FEF716
:10976000BDFE002840F0B1808D48FEF78FFE002836
:1097700040F0A480204605B0BDE8F08F012BADD1AC
:10978000B9F5803FAAD3894C204605B0BDE8F08FDB
:10979000063B012BC3D8AB6B012B00F2BE80EB6DF7
:1097A000012B7CD82B6E012B00F2E8802846FFF7B6
:1097B000F5FE04460028B3D12846FFF79BFE044679
:1097C0000028ADD16B6B072BA9D801229A4012F06B
:1097D0008A0F40F0D58012F0440F40F0BA80D207D3
:1097E0009DD523F00403032B32680DD02B6ED8F8DF
:1097F0000010012B6B4B0BBFC3F8281DC3F8301DA5
:10980000C3F82C9DC3F8349DEB6D012B654B0BBF4A
:10981000C3F8282CC3F8302CC3F82C9CC3F8349C14
:109820006B6B23F00403032B00F0A2802B6E012B43
:1098300014BF20208020FEF78BFD044600287FF413
:109840006FAF584BD3F81049002CFBD1696B072937
:1098500014D801228A4012F08A0F40F0BB8012F027
:10986000440F0BD0D3F860242A60D3F864246A60D4
:10987000D3F86824AA60D3F86C34EB600123AB659D
:109880004EE7012A0CBF40F0400040F01000FEF708
:1098900059FD5FE7464C204605B0BDE8F08F454CCA
:1098A0003EE74548FDF7DEFE0020FEF717FE0028E4
:1098B0003FF428AF4148FDF7D5FE23E74048FDF7C8
:1098C000D1FE204605B0BDE8F08F3E48FDF7CAFE48
:1098D0004AE7042385F83C30202105F11000FEF70B
:1098E000B5FD25E7296B286C00F0C0F998B9364F13
:1098F0002C4C3B681B68C4F800343B685B68C4F8B8
:1099000004343B689B68C4F808343B68DB68C4F8DF
:109910000C34296B31B10127E6E62C4C00E74FF4FB
:10992000710427E72B6D0193EB6C009305F1100A8E
:109930004FF0100BCDF808A0CDF80CB0D5E91123ED
:10994000286C00F0B9F9002851D1002385F83C308B
:10995000E1E7144B2A68C3F860246A68C3F86424FA
:10996000AA68C3F86824EA68C3F86C246B6B38E70C
:10997000EB6D012B14BF102040205CE7144CCFE6A8
:10998000084B2A68C3F840246A68C3F84424AA68CC
:10999000C3F84824EA68C3F84C246B6B21E700BF86
:1099A0003405002000B002500100F1000500F10074
:1099B0000B00F1000300F1006CEF010084EF0100E7
:1099C000C4EF0100A4EF0100200500200200F10017
:1099D0000400F100D3F840242A60D3F844246A60DC
:1099E000D3F84824AA60D3F84C34EB6046E73B68D0
:1099F0001B68C4F800343B685B68C4F804343B68F7
:109A00009B68C4F808343B68DB68C4F80C345946DA
:109A10005046FEF71BFD98E72DE9F04109B302B36C
:109A20000446002800F0AF801D46436B072B0E460E
:109A30001BD05DB9032B10D1836D73B900F16403A2
:109A400045668566C56605670B6010252B46314661
:109A50002046BDE8F041FFF72BBE2F463846BDE853
:109A6000F081764F3846BDE8F081C36D002B40F0A1
:109A70008D80B5F5805F80F090801DB9A36D002BBF
:109A800040F08B806E484FF0FF31FEF7F7FC002866
:109A900040F08F800020FEF721FD002840F08580F7
:109AA000684A0123C2F81038D2F81039002BFBD1D4
:109AB000636B032B4FDD063B012B4ED8A36B012BB1
:109AC0006DD8E36D012B78D8236E012B77D8204613
:109AD000FFF764FD0746002840D12046FFF70AFD46
:109AE000074600283AD1626B072A36D801239340F3
:109AF00013F08A0F40F0818013F0440F6FD1DB0721
:109B00002BD5504B0122C3F87C24C3F8BC543168D8
:109B1000002D56D1A16D09B9C3F82425494BD3F8BE
:109B20001079002FFBD1616B072917D801228A40D9
:109B300012F08A0F6FD112F0440F0FD0D3F86024C7
:109B40002260D3F864246260D3F86824A260D3F85A
:109B50006C34E36002E0002BB0DA3B4F394AD2F8B4
:109B60001039002BFBD1C2F810380120FEF7B6FCEB
:109B7000B8B93348FEF78AFC00283FF46FAF33488A
:109B8000FDF770FD6AE74FF4710767E7012B7FF47B
:109B900074AFB5F5803FFFF470AF2D4F5EE72D4FEA
:109BA000DCE72D48FDF75EFDE3E72C48FDF75AFDA5
:109BB00076E72B48FDF756FD6CE72A4FCEE72A4F94
:109BC000CCE7E26D012A33D0C3F8301C1020C3F873
:109BD000345CFEF7BDFB074600289FD0BEE7194B5B
:109BE0002268C3F860246268C3F86424A268C3F8DA
:109BF0006824E268C3F86C2483E7124B2268C3F838
:109C000040246268C3F84424A268C3F84824E26888
:109C1000C3F84C2475E7D3F840242260D3F84424D9
:109C20006260D3F84824A260D3F84C34E36095E72F
:109C3000C3F8281C4020C3F82C5CCAE70B00F100D5
:109C40003405002000B002500100F100C4EF010013
:109C50000500F1000200F100A4EF010084EF010013
:109C60006CEF01000300F1000400F10029B9044B7E
:109C7000002814BF1846002070470248704700BFF4
:109C80000100F7000300F70029B9044B002814BFB6
:109C90001846002070470248704700BF0100F700D7
:109CA0000300F700034B00200122C3F8380AC3F871
:109CB0007824704700B002502DE9F047CCB0002462
:109CC000579DDDF858818246894616462146742202
:109CD0000EA81F4604F0D5FA802221462CA82B940A
:109CE00004F0CFFA8423B5F57F6FCDE90A44CDE9BE
:109CF0000C44059363D8FFF7C3FC05AB30462BAE8D
:109D000001930295DDE954233946009600F062F88C
:109D100000284FD103238DF813309DF813308DF8B0
:109D20007430072300221C9010210EA81B930124DD
:109D30000123CDE92423CDF86890CDF878A02694AE
:109D40000DF12009FEF782FB102200920599CDF853
:109D500004900AAB304606AAFFF722FA074670B114
:109D60001DE00EA908EB0700FEF76CFB10210EA802
:109D7000FEF76CFB0134AD1B3744E4B224D0102D48
:109D80004A46059B8DF8AC4006A90EA82E4628BF72
:109D90001026FFF741FE32460028E2D007460EA803
:109DA00074220021FEF750FBFFF76AFC38464CB0E6
:109DB000BDE8F087054F38464CB0BDE8F087044F4A
:109DC00038464CB0BDE8F0872F46E8E70E00F100BA
:109DD0000F00F1002DE9F04182B01E460A9D0023DC
:109DE000B5F57F6F01933ED8ED00B5F5807F17463E
:109DF00001F1FF3234BF032304233F2A0C460093B2
:109E000031D880B366BB089A6AB3099A116851B316
:109E1000A2191344994226D3089B01462246581C96
:109E2000FEF710FB089B04F102081C44002363703A
:109E300026BB089B0095FF2D03EB080017D92B02CA
:109E40009BB243EA1523022201A90193FEF7FAFA15
:109E500008F10203099A0020136002B0BDE8F08106
:109E60000FB1402ECFD90A4802B0BDE8F0810122DF
:109E70006946FEF7E7FA08F10103EBE7089B324673
:109E800003EB08003946FEF7DDFAB044D1E700BF26
:109E90000600008000201870704700BF0CB430B579
:109EA00089B005460C461C22002101A804F0E9F9FE
:109EB00002238DF806300E4B0293059523462CB1F4
:109EC000B4F1004F28BF4FF00043013B1D440DAAE1
:109ED0000C99069501A8009200F00CF814B1059BAE
:109EE00000221A7009B0BDE8304002B0704700BFD0
:109EF00099E301002DE9F04F8DB043680293837818
:109F000015469A07804640F10D8100240E78002EF8
:109F100000F00A81252E0BD04B1C03930134029BC9
:109F20004146304698470028C0F2F6800399EDE795
:109F30004E788B1C252E0393F0D00027B946BB46E4
:109F4000BBF11F0F38D8A6F12003102B0AD8DFE889
:109F500003F02A0909300909092109090928092DED
:109F600009091F00A6F13003092B33D92A2E37D156
:109F70001BF0400F55F8043B40F08280002BA7BF38
:109F80004BF0200B9946C3F100094BF0280B01E080
:109F90004BF0010B039B13F8016B0393002ECFD101
:109FA00030E04BF0020B4BF0040BF3E74BF0080BE7
:109FB000F0E74BF0100BEDE7BBF17F0F19D8A6F1DE
:109FC0003003092BD2D81BF0400F03D00A2101FB2C
:109FD0000737DFE70A2101FB09394BF0200BD9E7EE
:109FE0002E2E06D11BF0400F40F09E804BF0400B10
:109FF000D0E76C2E31D02BD8682E36D06A2E3CD0CC
:10A000004C2E3AD0002F46F02003B8BF2BF0400270
:10A01000A3F16501BCBF1FFA82FB0027022901D909
:10A02000612B2FD1073525F00705DFF8ACA20835E5
:10A0300007271BF0080F66D00AEB070B56465E4554
:10A0400063D1A4EB0A0A06EB0A02A9EB07096FE148
:10A05000742E9FD07A2E9DD0D4E71BF0800F18BFAE
:10A060004BF4007B4BF0800B94E71BF4807F18BF10
:10A070004BF4007B4BF4807B8CE74BF4207B89E72F
:10A080001F4687E7A6F16301122900F2F080DFE89E
:10A0900011F013004F00EE00EE00EE00EE004F0056
:10A0A000EE00EE00EE00EE00EE00FE00E900EE0035
:10A0B000EE001B00EE00AF0055F8043B8DF81830A1
:10A0C00001270DF1180AB4E755F804AB834BBAF138
:10A0D000000F08BF9A461BF0400F14BF39464FF0DF
:10A0E000FF31504604F0F5F80746A2E7029B4146CF
:10A0F0002020984700280FDB013EB742F6D34C449E
:10A10000A41BB14698E74E46F7E716F8010B029BF1
:10A1100041469847002892DA98F8023043F0040349
:10A1200088F802304FF0FF3420460DB0BDE8F08FC4
:10A130001BF0800F34D01BF4007F2CD0073525F0A6
:10A140000705AA4669685AF8080B2BF01005002984
:10A15000ADB237DA404261EB410145F480650DF163
:10A16000180B0A235A4604F0C0F8A0EB0B03019326
:10A170006B0662D5019B25F001019F4289B240F335
:10A18000A180002E00F0998015F0100240F09C8014
:10A19000BB460D4623E0AA465AF8040BC117D4E784
:10A1A000AA461BF4807F5AF8041B01D10846F5E744
:10A1B0001BF4007F15BF48B208B241F3C01141F350
:10A1C000C031C2E750EA0103C9D11BF0400FC6D02D
:10A1D000002FC4D12BF0110295B2BB46019740F27B
:10A1E000064115EA01021CBF0BF1010B00222CE015
:10A1F0002BF010021FFA82FB0A231BF0800C49D0BF
:10A200001BF400711DBF073525F00705AA46AA46B5
:10A210001ABF5AF8080B69685AF8040B50EA01058E
:10A2200045D12BF016051BF0400FADB242D0002FE8
:10A2300040D12BF0170295B2019715F0100248D0CB
:10A24000019B002E42D103F1010B29075AD4EB07E1
:10A2500006D5D9456FDD0199A9EB0B035F18CB46F5
:10A260005B4649E04BF0100B10237826C5E7782BAE
:10A2700004D1C6F1780343F01003BEE7029B4146C8
:10A28000252098470028FFF647AF023447E6082309
:10A290000026B2E7AA461BF480715AF8040BBDD021
:10A2A0001BF400711ABFC0B2614680B2B6E72BF052
:10A2B000060295B20DF1180B54E725F01105ADB269
:10A2C000BB468CE70D46B8E73B460D4603F1020B53
:10A2D000BBE7DDF804B082E736FB01002FFB01008D
:10A2E000CDE904324146029B202098470028FFF622
:10A2F00013AF049B059A01339945F1DCA4EB0B01E4
:10A30000CC189B460AB3029B414630209847002850
:10A31000FFF602AF8EB901342744019B391B9942E5
:10A3200024DC1D465DBB019AA9EB0B09224455466E
:10A330001446914435E0019F92E70234414630468D
:10A34000029B98470028E7DAE6E640F206410D4214
:10A35000E2D015F0020F14BF2B20202015F4806FDF
:10A3600004F10104414618BF2D20E9E7029B414654
:10A3700030209847002804F10104CEDACCE606AB81
:10A38000013D4146585D029B98470028CADAC3E662
:10A39000029B414620209847002804F10104FFF663
:10A3A000BBAEA9EB0403002BF2DCBFE57047F0B4B1
:10A3B0001346D4028768066906D512F4402F03D0ED
:10A3C000DA0748BF83F44023346801258D4023F425
:10A3D0008012DB074CBF2C43AC4334603B68F0BCBD
:10A3E000184703460A4600681979012303FA01F168
:10A3F00003691B68194218BF82F0010212B1836819
:10A40000DB68184783681B69FBE703F0B2BDBFF345
:10A410005B8F50E8003F40E80012002AF9D1BFF3FB
:10A420005B8F704713B502220C4601A9F2F7BEFEFE
:10A4300018B9BDF804305BBA238002B010BD13B563
:10A4400003220C4601A9F2F7B1FE50B99DF8053080
:10A450009DF804201B0243EA02439DF806201343A3
:10A46000236002B010BD836800EBC101B3F5004F5B
:10A470002CBF51F8220031F81200704700EBC101E7
:10A480008068B0F5004F2CBF41F8223021F812301F
:10A49000704708B50122FFF7E6FFD04008BD83688A
:10A4A000B3F5004F00EBC10108D34B681AB143F07C
:10A4B00001034B60704723F00103FAE74B881AB1A0
:10A4C00043F001034B80704723F00103FAE7530088
:10A4D0000122FFF7D3BF8368B3F5004F34BF0423D5
:10A4E0000823C91A081AC00870478368B3F5004FDB
:10A4F00034BF04230823481C0833A0EBD300B0FA70
:10A5000080F0C0F11F0070472DE9F041174603228B
:10A510000E460446FFF7A7FF8642054607F10408EA
:10A520000AD1E3680122BA4023EA0203E360002370
:10A5300044F82830BDE8F081314602222046FFF77A
:10A5400092FF2B460646014644F828502046032237
:10A55000FFF794FF3346294620460222BDE8F0412A
:10A56000FFF78CBF70B50D4686680446FFF791FF74
:10A57000B6F5004F014601D3012809D02046FFF768
:10A58000B4FF294602462046BDE87040FFF7BCBF35
:10A5900070BD2DE9F0470546FFF7A7FF05EB800AE0
:10A5A0008846DAF810900646B9F1000F1BD0032751
:10A5B000DAF8104028462146FFF76BFF404507D3E5
:10A5C000324621462846FFF79FFF2046BDE8F08728
:10A5D000032221462846FFF746FF013FCAF8100034
:10A5E00001D08145E4D1EB6801364FF0FF34B4402F
:10A5F0001C40EAD094FAA4F2B2FA82F2131D55F884
:10A600002340DEE72DE9F041144605460E46FFF7EC
:10A6100040FFA4EB0608371B074442463146284654
:10A62000FFF755FF3A4621462846FFF750FF4346BD
:10A63000002221462846FFF721FF21462846FFF742
:10A6400028FF3B46211800222846BDE8F041FFF7CD
:10A6500015BF2DE9F041164604460F46FFF719FFD6
:10A66000314605462046FFF714FF05442A46394681
:10A670002046FFF72CFF31462046FFF70AFF2B4606
:10A68000311800222046BDE8F041FFF7F7BE2DE962
:10A69000F0410D4686680446FFF7FBFEB6F5004F15
:10A6A000014601D3012832D02046FFF71EFF04EBFC
:10A6B00080010E6996B9E368012282401343E3608A
:10A6C00002220D612B4629462046FFF7D7FE0322C2
:10A6D00029462046BDE8F041FFF7D0BE02223146B0
:10A6E0002046FFF7C0FE2946034607462046FFF7EF
:10A6F000C5FE0322334629462046FFF7BFFE3946F2
:10A700002B462046FFF7BAFE02223146E1E7BDE8BC
:10A71000F081F8B50C460546FFF7BBFE261801226E
:10A7200031462846FFF79FFEC3070CD43146284622
:10A73000FFF718FF21462846FFF7ABFE21462218F7
:10A740002846FFF786FF002221462846FFF78BFEAA
:10A75000271A012239462846FFF785FE10EA02062D
:10A7600013D139462846FFF7FDFE214632462846DA
:10A77000FFF779FE2246211A2846FFF76AFF214695
:10A7800032462846FFF76FFE241A21462846BDE8C8
:10A79000F840FFF77CBF38B571B105682846FFF770
:10A7A0009AFE0022044601462846FFF778FE21461D
:10A7B000BDE83840FFF7ADBF38BD70B5056809B9D1
:10A7C000002070BDAB6801F00704B3F5004F2CBF4B
:10A7D0000822042207341444E40804EBD1049C4208
:10A7E00028BF1C4621462846FFF7D3FE0646002810
:10A7F000E6D001462846FFF74CFEA04209D9344472
:10A80000314628462246FFF7FDFE21462846FFF73F
:10A810003EFF284601223146FFF741FEAB68B3F503
:10A82000004F34BF0423082303EBC6031844C8E7D2
:10A830001146FFF7C2BFB2F5802F2CBF08230423B7
:10A84000D21A2DE9F0418C18CD1D25F0070524F012
:10A850000704641B0026E40805602146AC60EE6036
:10A860002846FFF742FE421D9200013002F1070721
:10A870004FEAD707A2F110023146B8BF324605F1C0
:10A88000100003F0FEFC3A4631462846FFF71FFE53
:10A890003346324631462846FFF7F0FDA4EB070861
:10A8A000284631460122FFF7FAFD42463946FFF7B6
:10A8B0000EFE3B46324639462846FFF7DFFD21466D
:10A8C0002846FFF704FE4346324621462846FFF756
:10A8D000D5FD214628460122FFF7E1FD3946BDE8B6
:10A8E000F041FFF7D4BE002070470FB407B504A9AC
:10A8F00051F8040B0191F2F75DFF03B05DF804EB32
:10A9000004B070470FB407B504A951F8040B0191C6
:10A91000F2F750FF03B05DF804EB04B07047038B0F
:10A9200013F0070305D10368002B0CBF00200320A0
:10A930007047022B05D1408BB0FA80F040098000AF
:10A940007047012B05D10368002B0CBF00200520A8
:10A9500070470020704710B50C4600B111B96FF078
:10A96000150010BD081D00F093F80028F9D1A36868
:10A97000032BF6D9F3E72DE9F0410D4607461946BA
:10A98000281D90461E4600F097F8044638B133461D
:10A99000424629463846A446BDE8F0416047BDE836
:10A9A000F08110B4EFF31182402484F31288BFF3D6
:10A9B0006F8F416110BC0121F2F72EBF38B50C46F4
:10A9C000054658B151B10B6843B14B6833B11C22F5
:10A9D000002103F056FC2C61002038BD6FF01500FB
:10A9E000FBE770B505460E46FFF7B5FF041E14DB06
:10A9F000EFF31182402383F31288BFF36F8F6B8BC9
:10AA00002C8B4FF6FF718B4204F0070407D182F3C1
:10AA10001188BFF36F8F6FF00A04204670BD022CBF
:10AA20000CD101336B8382F31188BFF36F8F002346
:10AA3000224631462846FFF79EFFEEE7062C14D843
:10AA4000DFE804F004131313041A04000023336036
:10AA50006B683BB9C5E90066ACB902212846F2F73C
:10AA6000DBFEDAE71E606E60F6E782F31188BFF363
:10AA70006F8F6FF00404D0E782F31188BFF36F8FFC
:10AA80006FF08504C9E782F31188BFF36F8FC4E7C5
:10AA9000034640B1426802F00302022A06D0032AAC
:10AAA00004D0012A05D06FF0150070471A68002AFB
:10AAB000F9D000209860704710B54268816002F0BC
:10AAC0000302022A03464FF0000407D0032A02D0F3
:10AAD0005C60002001E018685C6010BD18685C6074
:10AAE0000028F6D0FCF734FDF3E77047FEE703F0EB
:10AAF000C8BB03F09EBB01460068F3F713B908B565
:10AB0000F3F740F9BDE80840F3F760B900210120F0
:10AB1000F3F708B96FF08500704761B662B680F34D
:10AB20001188BFF36F8F704772B6002383F31188CB
:10AB3000BFF36F8FBFF34F8F30BF62B6BFF36F8F1E
:10AB4000704772B6002383F31188BFF36F8FBFF392
:10AB50004F8F20BF80F31188BFF36F8F62B67047AD
:10AB6000202809D9B0F1004F08D80138B0FA80F098
:10AB7000C0F11F0040007047082070473E2070471A
:10AB80007047002303824369C3607047416A896844
:10AB9000F3F796BEEFF31182402383F31288BFF3DD
:10ABA0006F8F00230B60436833B9C0E9001182F353
:10ABB0001188BFF36F8F704719604160F7E710B5D8
:10ABC0000346EFF31181402282F31288BFF36F8FA7
:10ABD000006828B15C6802681A60A04208BF5A6029
:10ABE00081F31188BFF36F8F10BD027A01320272B8
:10ABF0007047034618465B68002BFBD170474268DC
:10AC000010B52AB10B461C465B68002BFBD1626075
:10AC1000416010BD10B5044620B90B7A01330B72A8
:10AC2000084610BD034618465B68002BFBD1FFF7B2
:10AC3000E6FF2046F5E783680B440360704703682E
:10AC40000B6043684B6083688B6070478388026841
:10AC500019448180D018704730B484880568A318DF
:10AC60008380281930BC03F0E4BA10B583880268E9
:10AC70005C1C8480D154D01810BD034600689A88AB
:10AC8000401A11441860998070470268531E03608F
:10AC900083880133838002F8011C70478288521A2E
:10ACA00003468280006808441860704703460068C5
:10ACB0009A88521A01449A801960704710B5036847
:10ACC0001C780121FFF7EAFF204610BD10B503688C
:10ACD0001C880221FFF7E2FF204610BD0268806851
:10ACE000101A70478388C2888168D21A03685B1A79
:10ACF000D01A704710B50C46017822788A428AB083
:10AD00000FD06946F3F7BAFE05A92046F3F7B6FE61
:10AD100010220DF115010DF1010003F0BAFA0AB08D
:10AD200010BD012A06D0022A07D072B94088638874
:10AD3000C01AF4E740686368FAE71022611C01302A
:10AD40000AB0BDE8104003F0A4BA6FF01500E6E7C2
:10AD5000042A0AD0102A0DD0022A4FF0000315D180
:10AD600003700B88438001207047012303700B6838
:10AD70004360F8E7022300F8013B01F1100351F8AA
:10AD8000042B40F8042B9942F9D1ECE718467047A0
:10AD9000012310B50621044600F8013BF9F79EFD9A
:10ADA00018B9A37963F03F03A37110BD0B6803606A
:10ADB0008B8883808B798371037823F0020303707F
:10ADC00070470078C0F34000704738B50446807A79
:10ADD000F3F74CFD6169054649B1637ADB0704D49A
:10ADE000436A1B6820469B6898470023636121469D
:10ADF0002846BDE8384002F009BF2DE9F04101F1D5
:10AE00000C080C46054600F10C01404617461E464C
:10AE1000FFF715FF4046FFF761FF012310FA87F0A7
:10AE200068826B722F8239464046FFF737FFE3682E
:10AE30007360628A0023E360728163823460284613
:10AE4000BDE8F08138B5D1E90032DA600B684A8993
:10AE50005A820C4605460868F3F7B0FD20461022DA
:10AE6000002103F00EFA2846BDE83840FFF7ADBFD9
:10AE7000438A23B9C068B0FA80F0400970470020C7
:10AE8000704770470F2807D80D280BD8052808BF32
:10AE9000032018BF02207047132803D01A2808BFC8
:10AEA0000120F6E70120704738B5C3681D78B3F874
:10AEB000010065B90F21F5F795FB044638B1294625
:10AEC000F5F7FCFA2046BDE83840F5F7B1BA38BDD1
:10AED00008B5C3680121B3F80100F5F783FB18B189
:10AEE000BDE80840F5F7A4BA08BD08B5C36801215C
:10AEF0001888F5F777FB18B1BDE80840F5F798BA60
:10AF000008BD10B50346BFF35B8F53E8000F40EA5E
:10AF1000010243E80024002CF7D1BFF35B8F10BD82
:10AF200001210C30FFF7C2BE38B5C5680121B5F864
:10AF30000100F5F757FB044698B12B783BB9D5F8DB
:10AF40000330C0F89930D5F80730C0F89D30201D87
:10AF50004FF48031FFF7D5FF2046BDE83840F5F7C4
:10AF600067BA38BD30B402EBC303044608469A42C0
:10AF700001D130BC7047114611F8085BA54206D1DB
:10AF8000018A53789942F4D330BC536818470A4673
:10AF9000EDE7BFF35B8F50E8003F0B4040E8003225
:10AFA000002AF8D1BFF35B8F704710B5F4F798FF14
:10AFB0006FF4807104461030FFF7EBFF2046BDE8C8
:10AFC000104000F0C5BAC368DB78012B01D1FFF750
:10AFD000ECBF70472DE9F047D0F80C8098F80020BE
:10AFE000012303EB8203028A934241D9BDE8F08733
:10AFF00008EB86030F21B3F80100B3F80370F5F7EF
:10B00000F1FA044628B100F1C00947B92046F5F726
:10B010000FFA013698F800309E42E9DBE6E76569F1
:10B02000002DF3D0A2692B686361954208BFA3612C
:10B030002046F5F79BF9FBF707FAC5F800A0236A4D
:10B040009BB9C4E90755BFF35B8F59E8003F013B4B
:10B0500049E80032002AF8D1BFF35B8F0021204677
:10B06000013FF5F78FF9BFB2CFE71D602562EAE730
:10B070000026B246CEE7C368DB78012B01D1FFF78B
:10B0800094BF704773B5C5680121B5F80100F5F7A5
:10B09000A9FA0446002851D02B781A2B00F1040697
:10B0A00019D1C378012B2DD14FF480413046FFF7E1
:10B0B00028FF42040FD4D4F88C3000936946D4F8AA
:10B0C000943001932046F5F70DFF204602B0BDE80D
:10B0D0007040F5F7ADB92B78A3B9B5F8033040F25D
:10B0E000E2425343C4F88830B5F80530A4F89030F4
:10B0F000B5F80730A4F892306FF480513046FFF76E
:10B1000048FF17E0BFF35B8F6368BFF35B8FDB041F
:10B11000F2D52B78202BEFD194F89830002BEBD080
:10B12000013B84F898304FF42032002304F14000B2
:10B13000FBF7AEFB2046F5F71DFCC6E702B070BD7D
:10B1400010B5F4F7CDFE6FF480711030FFF721FFDA
:10B150000020F3F775FD044648B13C2343720021FB
:10B16000F5F7ACF92046BDE81040F5F761B910BD20
:10B170000020704710B503884288934219D8052BE8
:10B1800017D9B2F5486F14D88388B3F5FA7F10D277
:10B19000C088A0F10A0189B240F67644A14208D8DD
:10B1A00001339BB25343B3EB800F34BF0120002027
:10B1B00010BD0020FCE740F241307047002070478E
:10B1C00073B506460D4601AA002142F22F00F3F79F
:10B1D000ADFF044648B90198C368B3F80120328036
:10B1E000B3F803302B80F3F7E9FB204602B070BDC3
:10B1F00070B506460D464FF0FF304FF0FF31F3F7C4
:10B200000DFF044668B103210C30FFF71FFD0680D7
:10B21000857021460022BDE8704040F20640F3F7F9
:10B2200085BF6FF0680070BDC06803781BB13C2B10
:10B2300003D1FFF785BFF3F7FFBF704738B54FF075
:10B24000FF3105464FF0FF30F3F7E8FE044668B1E2
:10B2500002210C30FFF7FAFC2B88038021460022E4
:10B26000BDE8384042F21600F3F760BF6FF06800A7
:10B2700038BDF8B507460E464FF0FF304FF0FF31AE
:10B280001546F3F7CBFE044678B106210C30FFF7E4
:10B29000DDFC3B8803804680858021460022BDE896
:10B2A000F84042F22200F3F741BF6FF06800F8BDAA
:10B2B00070B506460D464FF0FF304FF0FF31F3F703
:10B2C000ADFE044660B103210C30FFF7BFFC0680E1
:10B2D0008570214642F22100BDE87040F3F7E2BEDE
:10B2E00070BD73B5C368D9789A781E8842EA012286
:10B2F000ADF8002059791A7942EA0122ADF802200E
:10B30000D9799A7942EA0122ADF804201A7A5B7A57
:10B31000B4B242EA032301212046ADF80630F5F726
:10B3200061F9054628B902212046FFF7C1FF02B0A6
:10B3300070BD6946F5F772FB38B91E212046FFF74C
:10B34000B7FF2846F5F774F8F1E74FF0FF304FF0FC
:10B35000FF31F3F763FE04460028F2D00E210C30D3
:10B36000FFF774FC00230680C0F80A30BDF80030F7
:10B370004380BDF802308380BDF80430C380BDF83F
:10B3800006300381214642F22000F3F78BFED8E716
:10B3900008B5072202F07DFFB0FA80F0400908BD31
:10B3A00000280CBF08460020704718B111B10846AC
:10B3B000F4F71EBB6FF01500704713B5044680B15B
:10B3C00006216846F9F78AFA48B99DF805306946BA
:10B3D00003F03F0320468DF80530FFF7E6FF02B08B
:10B3E00010BD6FF01500FAE7003818BF0120704754
:10B3F000034610F4004F0CBF07200620DA0348BFB5
:10B4000000F005009B0348BF00F0FB007047BFF34E
:10B410005B8F0068BFF35B8F70472DE9F74F8A465B
:10B4200001904FF0FF314FF0FF30F3F7F7FD044686
:10B43000002849D020210C30FFF708FC20220021F1
:10B4400080464FF0000902F01CFFDAF8007008F1A6
:10B45000010B4D46DAF80420914509D3019888F88C
:10B4600000500022214603B0BDE8F04FF3F75EBE66
:10B470007A7897F800C0A81C81181F2908D9BCF158
:10B48000090FC0F11F0217D1002A15DD4FF0080C7B
:10B49000D6B2711C0BF80510691CC9B202360BF844
:10B4A00001C079685BFA80F02E4402F0C2FEF5B26A
:10B4B00009F101090837CDE72046F3F77FFA6FF06D
:10B4C000150003B0BDE8F08F6FF06800F9E70123C5
:10B4D00003FA01F15AB1BFF35B8F50E8003F0B4311
:10B4E00040E80032002AF8D1BFF35B8F7047C943B0
:10B4F000BFF35B8F50E8003F0B4040E80032002A6A
:10B50000F2D0F7E770B5064686B00D464FF0FF3033
:10B510004FF0FF31F3F782FD0446B0B10C3095B126
:10B520000121FFF7A2FB06F1100203A920460095B6
:10B530000823F3F761FD0022214642F20A00F3F7E7
:10B54000F5FD06B070BD2946EBE76FF06800F8E73F
:10B55000183002F045BCF4F7EDBDD0F8B400003867
:10B5600018BF01207047084689691160C2691A60D6
:10B57000C27A0021183002F084BE2438F4F7C6BE27
:10B58000036800220BB9184670478B4210D10B6834
:10B5900042B942680360914200D1436000230B60CE
:10B5A0000120704713604368994208BF4260F5E785
:10B5B0001A461B68E6E710B50446006918B1F3F7B0
:10B5C000FDF90023236110BD70B516460D4601211B
:10B5D0000446F4F7D7FE012E17D0022E17D12369A7
:10B5E00013B12046FFF7E7FF256121690A8A012A86
:10B5F00037D9CB681B8804339BB29A4231D328D900
:10B600002046BDE87040FFF7D6BF206918B9204634
:10B61000FFF7D1FF01E02E8A26B92846BDE8704029
:10B62000F3F7CCB90C30FFF75DFB864207D92169EF
:10B630000022204600F0C4F900232361EDE72069D1
:10B640002A8AE9680C30FFF707FB2846F3F7B6F9BA
:10B65000CBE70023236120460122BDE8704000F0C3
:10B66000AFB970BD10B5BFF35B8FD0F8C830BFF372
:10B670005B8F00F1C8027BB1BFF35B8F591C52E8AE
:10B68000004F9C4204D142E8001CBCF1000FF6D1EF
:10B69000BFF35B8FE7D110BD1846FCE710B5837A86
:10B6A000023B0446062B16D8DFE803F00904151503
:10B6B000150B0900417200212046F4F7FFFE00201F
:10B6C00010BD0088FFF794FD0028F9D1A37A072B5D
:10B6D000F5D10821F0E76FF07F00F1E738B5037A84
:10B6E0008B420446154615D100F170010722284609
:10B6F00002F0CFFD80B1E378072243B904F17E0167
:10B70000284602F0C6FDB0FA80F0400938BD04F1C9
:10B710007701F5E70020F9E70120F7E708B5F5F72D
:10B72000E3F910B1F4F784FE012008BD8378012B02
:10B730000CBF703000207047F8B507460D464FF03B
:10B74000FF304FF0FF31F3F769FC0646D0B10E2110
:10B750000C30FFF77BFA0E220446002102F091FD27
:10B760003B8823802B8863806B88A380AB88E38031
:10B77000EB88238131460022BDE8F84042F21300F5
:10B78000F3F7D4BC6FF06800F8BD704710B50446FD
:10B79000FBF7C0FA234653F8482BD2F8B41061B92E
:10B7A000A164D2F8B81061B9C2E92D33FBF7C6FA2B
:10B7B0002068BDE81040F4F757BE8B42F6D0096808
:10B7C000EDE70B60C2F8B830F0E703682BB14168D1
:10B7D0001A6802608B4208BF4260704770472DE9CB
:10B7E000F843446B002C55D054F8085905B1083D76
:10B7F000002701E02C461D46D4E900682EB3FBF774
:10B8000089FAD6F8B43004F14801002263B19942B4
:10B8100032D1A36C42BBD6F8B820C6F8B4309142FE
:10B8200001D1C6F8B830A764FBF788FA04F13009F3
:10B83000002200234846FAF7D5FD0646F8B9D8F8A5
:10B8400004300BB1204698472760E3680BB12046CF
:10B850009847D8F820300BB120469847D5B1AB684F
:10B86000002BC7D0083BC5E71360D6F8B830994223
:10B8700008BFC6F8B820D6E71A461B68C6E7B36902
:10B8800023B1F16920686FF06D0298473046F3F7F5
:10B8900095F8CDE7BDE8F883F8B50E4600210746D8
:10B8A000154600234FF480320846F5F73DFA04466A
:10B8B00030B104210C30FFF7C9F90770467045809C
:10B8C0002046F8BD70B505460068B8B1807A0728F3
:10B8D00014D1002A0E7A14BF02200120864210DC07
:10B8E000C87A07280DD98A61CB6105F1300002F0D2
:10B8F00082F92846FFF74AFF002070BD6FF07F00F5
:10B90000FBE76FF01500F8E7406B30B1838B8B429B
:10B91000A0F1080001D08068F7E7704710B54AB978
:10B9200089B2FFF7F1FF28B143689B6913B1BDE805
:10B930001040184710BD38B50D460521FFF7E4FF4C
:10B9400000231A462946FFF7BDFF044610B12846DA
:10B95000F3F734F8204638BD38B50B8A032B05467B
:10B960000C4621D9042104F10C00FFF79FF9238A2A
:10B9700042889A4218D14178B1B10378012B13D093
:10B98000132B11D0022201202D68FFF785FF0446FA
:10B9900050B102210C30FFF759F9002303704370B6
:10B9A00021462846FFF7C7FF002038BD406B30B165
:10B9B00083898B42A0F1080001D08068F7E77047C7
:10B9C00038B50B8A032B05460C4604D82046BDE843
:10B9D0003840F2F7F3BF042104F10C00FFF766F9D9
:10B9E00041882846FFF7E2FF0028EFD04368214650
:10B9F0005B699847EAE770470346006828B15968D1
:10BA000002681A60884208BF5A60704703460020E7
:10BA100003B970471A8A5B681044F9E710B5D46817
:10BA20002378023113B92170012010BD8B42FBD065
:10BA3000038A023B038200201061F6E773B51446C7
:10BA4000014605464FF49572206800F000FE20750F
:10BA500030B92068294600F0E4FE20B90823237598
:10BA6000002002B070BD237AB3B1A3F11802534293
:10BA700053419B000193638A0093AE68238AE26876
:10BA800020682946B047002808DB238A83420CD16E
:10BA9000002323750120E4E70223EBE710F1FF0FF9
:10BAA00003D34042C0B22075DAE70E20FBE71FB592
:10BAB000CDE90123002300931A46F6F7A1FC05B057
:10BAC0005DF804FBF8B59368166805460F46144602
:10BAD00063B9506801210C30FFF7B8F8A0602B68FB
:10BAE0001B78002B14BF022301230370A3681B786B
:10BAF000012B03D0022B1FD000201CE02B681B78E9
:10BB0000002BF9D1606804210C30FFF79FF8E0604A
:10BB100007802A68E36852885A806168728D738B47
:10BB2000088A9A4294BFC0EB0200C0EB03000428CD
:10BB300094BF00200120F8BD2B681B78022BDBD1BD
:10BB4000606812210C30FFF781F8E06007802B68F5
:10BB5000E268591C0232113351F8040B42F8040B0D
:10BB60009942F9D16168728D738B088A9A4294BFA9
:10BB7000C0EB0200C0EB03001228D9E72DE9F04F1B
:10BB800091B0166880460F46002542F60103006812
:10BB9000D6F804908DF82C500BA91446ADF82E3031
:10BBA000FFF7A8F8002800F089804FF42053D8F858
:10BBB00000008DF82C500BA9ADF82E30FFF79AF845
:10BBC00038B1A3681BB15A88BA4200D25F80012005
:10BBD0000EE061680846FFF719FF728B738D9A4279
:10BBE00094BFC0EB0200C0EB0300032803D8002081
:10BBF00011B0BDE8F08F0846FEF7FBFF0546606810
:10BC0000FFF704FF728D738B05F10C0B9A4294BF02
:10BC1000C0EB020AC0EB030A5846FFF763F88245FF
:10BC200044D26068FFF7F2FE728D738B9A4294BF24
:10BC3000C0EB0200C0EB030070B96368987AF2F7BA
:10BC400015FE00220023FEF7A1FF05460028CED0F6
:10BC500001466068FEF7DEFF00230093D8F8046019
:10BC6000102302AA41464846B047061E26DB227C26
:10BC7000E068B2421ED001460BA8FFF769F8E8B1B0
:10BC8000F2B202A906A8FFF763F8B8B106A90BA89B
:10BC9000FFF730F890B900236374042105F10C001C
:10BCA000FEF7D4FFA0600780A3688FE75846FFF730
:10BCB00019F8C1E702A902F0ECFAEBE70023A36050
:10BCC00085E770B40568EA6A52B3136803B1A83B0C
:10BCD000A2F1A8040022114600E0A83B844207D04C
:10BCE000668D648BB14238BF3146A24238BF2246CE
:10BCF0001C462BB1D3F8A830002BEED18442EFD1F3
:10BD0000438D408B8B4201D890420BD9824238BF81
:10BD100002469942286838BF194670BCF6F744BEFF
:10BD20001146EDE770BC7047D0680378043113B951
:10BD30000170012070478B42FBD091680B8A002074
:10BD4000043B0B82106170470368002203B97047FF
:10BD50008B420FD10B683AB942680360914200D11F
:10BD6000436000230B60704713604368994208BF2B
:10BD70004260F6E71A461B68E8E7BFF35B8F50E8BE
:10BD8000003F43F0080240E800210029F7D1BFF34B
:10BD90005B8FC3F3C00070472DE9F04F044685B0B8
:10BDA000104690469946FFF731FE638B628D9342B1
:10BDB00028BF134683428B4640F293806368039307
:10BDC0004046FEF716FF4FF0000A06464046FFF7D2
:10BDD0001DFE628B638D06F10C079A4294BFC0EB87
:10BDE0000205C0EB03053846FEF77CFF854217D2FB
:10BDF0004046FFF70BFE628B638D9A4294BFC0EB07
:10BE00000205C0EB03058DBB98F80A00F2F72EFD82
:10BE100000220023FEF7BAFE064630B9574636E048
:10BE20003846FEF75FFF0546EDE701464046FEF760
:10BE3000F1FE4046FFF7EAFD628D638B06F10C07C9
:10BE40009A4294BFC0EB0205C0EB03053846FEF7EB
:10BE500049FF85421FD24046FFF7D8FD628D638BB4
:10BE60009A4294BFC0EB0205C0EB0305F168328A29
:10BE7000CDF80090DBF8047003980A44ABB2594641
:10BE8000B847071E0CDABAF1000F18BF57463846FC
:10BE900005B0BDE8F08F3846FEF724FF0546E5E71C
:10BEA0000E9BB3B9394606F10C00FEF7CFFE4046B3
:10BEB000FFF7ACFD638D628B934228BF1346B944F4
:10BEC0008342BA441FFA89F9A8D9AF423FF47EAF42
:10BED000A4E70F9A0E9B3946304698470028E1D1D7
:10BEE0009CE70027D3E72DE9F3411768D7F80480D2
:10BEF000002314461373014606469522404600F07F
:10BF0000A6FB0546207330B93146404600F087FC59
:10BF100028B908232373002002B0BDE8F081CDE9E1
:10BF200000553146A388A2683846FFF735FF002840
:10BF300007DA10F1FF0F26BF4042C0B20E20207377
:10BF4000E9E70120E8E72DE9F3411768D7F8048015
:10BF5000002314461373014606469522404600F01E
:10BF600076FB0546207330B93146404600F057FC59
:10BF700028B908232373002002B0BDE8F081A0682F
:10BF8000798B7A8D038A914294BFC3EB0103C3EB93
:10BF90000203012BEFDD02210C30FEF757FECDE945
:10BFA00000558046A388A26831463846FFF7F4FE64
:10BFB000031E06DA13F1FF0F26BF5B42DBB20E232E
:10BFC000D8E7A8F800300120D6E708B5837A072B18
:10BFD00001D0002008BD0421FFF7E8FC0028F8D0BC
:10BFE000BFF35B8F036DBFF35B8FDB07F1D550F8B9
:10BFF000040CEFE72DE9F04104468868FFF706FDE1
:10C00000638B628D934228BF134683420D461DD336
:10C01000A165D1F8088000278F60FAF77BFE4146C2
:10C020002046F5F721FA064638B1C5F80880A7651D
:10C03000FAF784FE3046BDE8F081618D638B99424A
:10C0400028BF1946284600F0E9FBF1E76FF07906B2
:10C05000F0E738B5BFF35B8F0B68BFF35B8FDB078F
:10C06000054616D550F8040C98B16B6D8BB90430A9
:10C07000FFF7C2FC044660B10146281FFFF7BAFF74
:10C0800038B155F8043C5A6822609A685C6002B97D
:10C090009C6038BD2DE9F041C46A074634B354F8BA
:10C0A000A86906B1A83E00231D4607F1040801E077
:10C0B00034461646A26D92B905B983B94046FFF7DA
:10C0C0009BFC054650B101462046FFF793FF68B13F
:10C0D0007B682B60BB687D6003B9BD6023462EB1D1
:10C0E000D6F8A820002AE3D0A83AE1E7BDE8F0811D
:10C0F00070B504460E46002200230846FAF772F98E
:10C10000054658B101462046F5F7AEF9044618B188
:10C110002946304601F07AFD204670BD6FF00104DB
:10C12000FAE7F8B50546071F00F1500350F8044C34
:10C13000BFF35B8F53E8001F21F0040143E80012B6
:10C14000002AF7D1BFF35B8FFCB16B6D83B96368D5
:10C1500073B1201DFFF750FC064601463846FFF735
:10C1600049FF90B163683360A368666003B9A66055
:10C1700005F158013846FFF7BBFF30B104F10C015F
:10C180003846BDE8F840FFF7B3BFF8BD38B5044600
:10C190000D46F5F769F930B1294604F15C00BDE8B8
:10C1A000384001F028BD38BD2DE9F04188461746DA
:10C1B0000121042205461E46F4F7F6FE044670B13E
:10C1C00004210C30FEF742FD80F80080A0F80170D9
:10C1D000C67021462846BDE8F041FFF7D7BFBDE84D
:10C1E000F08130B50C4685B0054601F10C00FEF734
:10C1F0006DFD228A0292E2680192002203460092BB
:10C2000011462846F5F762FA05B030BD30B50C4648
:10C2100085B0054601F10C00FEF758FD228A029216
:10C22000E26801920022034600921221132228465E
:10C23000F5F74CFA05B030BD07B5CA6813885288C7
:10C2400000920C210D22F5F761FC03B05DF804FBB0
:10C2500007B5CB6800221B8800920A210B22F5F754
:10C2600055FC03B05DF804FBF8B5CB681F88BBB282
:10C27000162B054619D90321F4F7E6FE0646B0B1A0
:10C2800002210C30FEF7E2FC00246FF0080303707B
:10C29000447031462846FFF779FFF72328466B8321
:10C2A0006F85FFF70EFD2046F8BD0420FCE70E2049
:10C2B000FAE770B50E461546FFF787FE78B1C36AF8
:10C2C0006BB1184650F8A83903B1A83B691C428DE0
:10C2D000448BA24228BF2246914202D93BB900209A
:10C2E00070BD2A463146BDE87040F4F75DBED3F814
:10C2F000A84004B1A83C18462346E8E7F6F710B872
:10C300000A8AC9680023F5F715BE30B5054689B01D
:10C3100055F8043B04461868FFF708FA6946F4F735
:10C32000FFFE2846F5F740FE60681321FFF7B6F9D7
:10C3300009B030BD10B5044688B054F8783D18688F
:10C34000FFF7F4F96946F4F7EBFE2046FFF7DDFF4F
:10C3500008B010BD70B50E46FFF737FE044628B989
:10C360003046F2F72BFB6FF07F0070BD00F10C053B
:10C370002846314601F03FFCE06A38B150F8A84940
:10C3800004B1A83C2946FFF7B3FE20B90020ECE732
:10C390001C466FF00100002CF8D0D4F8A83023B967
:10C3A0000230F5D020461C46ECE7A83BF8E738B54C
:10C3B00005460C46FAF7AEFC2846FFF706FE20B904
:10C3C000FAF7BCFC6FF07F0038BD00232360836860
:10C3D0003BB9C0E90144FFF75DFEFAF7AFFC00206E
:10C3E000F2E71C608460F6E710600020704710B52B
:10C3F000029CA36833B1B1F5807F28BF0E21CAB279
:10C4000021469847A37DE268013BDBB2A37522B1C8
:10C410001BB92046BDE81040104710BD1060918048
:10C420000020704770B50D46064611F8010BF4F771
:10C430005BFB044610B12C89F3F7FAFF6B89A3422A
:10C4400007D0EB686C8123B121463046BDE87040CF
:10C45000184770BD10B5144632B900F17001007A6A
:10C46000F5F722FE00B1846010BD38B5BDF810406C
:10C47000A24215460CD84CB16BB1A21A8A42A8BF91
:10C480000A4694B22246591901F0D3FE204638BD1F
:10C490006FF00600FBE76FF00D00F8E71FB50C46E4
:10C4A0001946E3681C781046BDF818203CB11024EA
:10C4B0000133069404B0BDE81040FFF7D6BF5B8897
:10C4C000ADF80E30022300930DF10E03FFF7CDFF00
:10C4D00004B010BD2DE9F04114461D46BDF818709A
:10C4E000F2F7D4FD0646F0F7BAFB80B20690334669
:10C4F0003A4629462046BDE8F041FFF7B6BF30B5C1
:10C5000085B014461D46FEF756FE0223ADF80E0018
:10C510000093BDF820200DF10E0329462046FFF7B9
:10C52000A4FF05B030BD70B500F170060546314678
:10C53000007AFEF743FE04463146287A3CB1F5F70F
:10C54000B3FD18B1002303604360836070BDF5F74D
:10C55000ABFD0028FAD0046044608460F6E7022A4C
:10C5600010B508D1002300F170011A46007AF5F7E2
:10C57000C1FD022010BDFFF7D6FFFAE730B585B048
:10C58000C96814461D46F5F755FE00B10089ADF89F
:10C590000E0002230093BDF820200DF10E03294662
:10C5A0002046FFF762FF05B030BD13B5044610B951
:10C5B000002002B010BD00238DF80430006842F660
:10C5C000030301A9ADF80630FEF794FB0028EFD174
:10C5D000E36898880028ECD12046F5F7E1FE0130A9
:10C5E00080B2E6E770B5CC6888B008461E46A379ED
:10C5F0008DF80C301546FFF7D8FFADF80D00246814
:10C6000023786BB96388ADF80F3005230093BDF82C
:10C61000302003AB31462846FFF727FF08B070BD36
:10C62000631C0DF10F02113453F8041B42F8041B74
:10C63000A342F9D11323E9E71FB5CDE90123002374
:10C6400000931A46F5F7DCFE05B05DF804FB4B8A53
:10C6500012F0010FC3F30E0304D013F0950F10D0A6
:10C66000486870B112F0020F04D013F4957F0AD01D
:10C67000896841B1134013F4DE7F14BF0520002008
:10C68000704702207047032070472DE9F041837AFC
:10C69000072B86B005460C46174640F084800023E1
:10C6A0008DF81430206842F6030305A9ADF8163062
:10C6B000FEF720FB90B96668002E74D0009001232D
:10C6C00004AA2146B04701286DD19DF8103013F01F
:10C6D000300F68D02046F5F7EDFE044600232068B1
:10C6E0008DF8143005A942F60213ADF81630FEF7A6
:10C6F00001FB18B12046F5F7DDFE0446002642F6A0
:10C70000021820688DF8086002A9ADF80A80FEF7CB
:10C71000F1FAF0B9002320688DF8143005A942F62B
:10C720000213ADF81630FEF7E5FA00283BD1666833
:10C73000002E38D00090022305AA21462846B04793
:10C74000022830D1BDF814301F4214BF0120002050
:10C750002AE020688DF80C6042F6030303A9ADF8C7
:10C760000E30FEF7C7FA0028D4D020688DF810608C
:10C770004FF4205304A9ADF81230FEF7BBFA00289D
:10C78000C8D020688DF8146042F6010305A9ADF801
:10C790001630FEF7AFFA0028BCD02046F5F78AFE27
:10C7A00004460028ADD1002006B0BDE8F081F8B500
:10C7B0000F4651684B8A03F094030646144613BB98
:10C7C0000122FFF762FF08B3A2891B210232304623
:10C7D000FFF76FFD0546E0B1A1890C300231FEF78D
:10C7E00035FA20F8027BA289A16801F022FDD4E984
:10C7F000041228460123F5F745FC29463046BDE8DA
:10C80000F840FFF7A7BD4FF0FF30F8BD6FF01500FF
:10C81000FBE76FF00B00F8E701207047704701203D
:10C820007047012070470021F8B54FF0FF324FF0FC
:10C83000FF3305460846F4F777FA00F10C07044683
:10C8400001213846FEF702FA052606700121384616
:10C85000FEF7FCF9002306701A4621462846FFF72A
:10C8600031F810B12046F2F7A9F80020F8BD6FF0BA
:10C870008500704700207047F9F7E6BD0369C9B22B
:10C880000C2201FB0233186C00F00700704770B5F2
:10C89000C9B20369EFF31185402484F31288BFF312
:10C8A0006F8F0C2606FB0134246C14F0C00408D0F2
:10C8B000A24206D085F31188BFF36F8F4FF0FF308F
:10C8C00070BD06FB013301221A6485F31188BFF3A2
:10C8D0006F8F436803EBC1035B6898470020EFE765
:10C8E0008022FFF7D4BFF8B5069F0469C9B2EFF301
:10C8F0001186402585F31288BFF36F8F0C2505FB49
:10C900000144256C05F0070CBCF1010F0CD1276424
:10C9100086F31188BFF36F8FC4E90E23436853F881
:10C92000313098470020F8BD05F0C005AF4286F3CE
:10C930001188BFF36F8F0CBF6FF077004FF0FF309F
:10C94000F1E713B580240094FFF7CDFF02B010BDCE
:10C9500010B40069CBB21C2403FB0400002110BCFE
:10C9600010471046F9F770BD00F09CBBF8F786B889
:10C970004FF4AF607047002208B511461046FAF731
:10C9800093FE002818BF6FF0150008BDF7B50F46DD
:10C9900016464FF480650024A64203D816D0162010
:10C9A00003B0F0BD331BB3F5806F38BF1D462A4678
:10C9B00001AB39190020FAF7A7FE20B9019BAB4261
:10C9C00001D12C44E8E76FF01500E9E70020E7E724
:10C9D00043685B68D3F810350B60002070474368EC
:10C9E0005B6802EA010021EA0201C3F80805C3F806
:10C9F0000C150020704743685B680020C3F80815D9
:10CA0000704743685B680020C3F80C1570474368A3
:10CA10005A68D2F8043521EA03000B40C2F8080531
:10CA2000C2F80C350020704710B503695868F8B19A
:10CA3000884219D19C6808685860A14200D198606A
:10CA4000002008602AB15A680A609A68596002B9E1
:10CA50009960002010E0814206D108682060986843
:10CA60008142EDD19C60EBE7044600680028F2D1DA
:10CA7000002AE8D16FF0150010BDF8F7E7B9027889
:10CA80000B69012A07D0022A08D052B9DA6503F1EE
:10CA90004400F9F7D9BC6FF00D02F7E76FF00A0216
:10CAA000F4E76FF00402F1E738B5044605690122A6
:10CAB000114605F12C0001F0B7F8012205F1440000
:10CAC000002101F0B1F82046BDE8384000F021B95E
:10CAD00000692C30F9F7F2BC00692C30F9F7B4BCCE
:10CAE0002DE9F04F87B0D0F810B004934368D3F825
:10CAF00020809B8A039317464FF0FF334FF0FF329D
:10CB000005460C46FFF7E4FF0BF1440302930023B4
:10CB100000220BF144000026F9F7D0FC3346BE4258
:10CB200001D300234FE0207A010777D40136BE42BB
:10CB300021680BD2820709D4227D80EA020C0CF016
:10CB4000010C02F004025CEA020C08D023B901F0E7
:10CB50006042B2F1005F1AD04FF0000901E04FF0DF
:10CB600001096268DDF80CE003EB020CF44558D8CB
:10CB7000C00705D408EB0300059301F05AFB059BA1
:10CB800062681A4493B2B9F1000F30D123BBD4F8D4
:10CB900000A0A3884FF00009049ACBF860A0217A86
:10CBA00000922846524600F082F8031E0BDB4FF439
:10CBB000804202980023F9F781FC80B1284600F0FA
:10CBC00045F86FF0730328460293FFF785FF029B39
:10CBD000184607B0BDE8F08F9946C246DCE7DBF89F
:10CBE0005C30002B20DB237ADB0702D400230C34DB
:10CBF00095E7C245FAD1A24609E0A9EB02011FFA66
:10CC000081F9DAF80C0018FA81F101F012FBDAF878
:10CC100004209145AAF10C0AEFD2E7E76FF08503F3
:10CC2000D1E76FF01B03CEE76FF00403CBE713B53A
:10CC300001AA044600F086F8002805DB019B226863
:10CC400019791868F6F742FE02B010BD70B5456854
:10CC5000A86A0368D3F80845D3F80C65F8F7B6FE60
:10CC600031462046F9F706F900210446E869FFF746
:10CC7000DEFFA86A00F045FE204670BDCA07436883
:10CC800005D4C1F34201012904D002290AD06FF072
:10CC9000150070479B6A1B684FF0CC72C3F82425BF
:10CCA000002070479B6A4FF0C8621B68F6E7F0B53A
:10CCB00087B047680C461646002112220DF1060087
:10CCC0001D4601F0DEFA04F001038DF80430BDF8D2
:10CCD00030308DF80530BB8C0295AB4204960AD3F8
:10CCE00084F00202C2F34002B86A520101A9F8F7C7
:10CCF00097FE07B0F0BD6FF01B00FAE710B544686F
:10CD00000021E069FFF793FFA06ABDE8104000F042
:10CD1000F8BD38B54568AB6904469847E869012114
:10CD2000FFF785FF2A69A86A2346294600F0C2FD5D
:10CD3000002804DB2046FFF7E1FF002038BD6FF03C
:10CD40000400FBE730B543681360057A446804EBE0
:10CD5000C504A34202D36FF0010030BD5C798C4260
:10CD600001D00833F0E70020F7E743681B68D3F8E9
:10CD70008004C3F88004704742681368D3F8100138
:10CD800050B1D269002012780A70C3F81001D3F8AC
:10CD9000102101221A6070474FF0FF30704702687F
:10CDA0000346D2F8580140B95B68DB0706D4D2F8D5
:10CDB0002001003818BF01207047012070474368E8
:10CDC0001B68D3F80423D20517D5D3F82021A2B1CC
:10CDD000EFF31182402181F31288BFF36F8FD3F8F4
:10CDE000201131B10021C3F82011D3F82011012105
:10CDF000D96082F31188BFF36F8FD3F85831704731
:10CE000013B501AA0446FFF79DFF002805DB019B2F
:10CE1000226819791868F6F759FD02B010BDF8B507
:10CE20000022054601210220F1F7DCFA0220F1F789
:10CE3000A9FA6C680121E068FFF7E2FF6B681A68E5
:10CE40002369C2F82435617D237D0B43A17D0B430B
:10CE5000C2F86C356E68D6E9004313F0010336D092
:10CE60002F6904F10C0107F1080204F5907000F03D
:10CE700073F900282ADB387AF7F744FF0823C4F84F
:10CE80000035B369C4F844350023C4F8483501239C
:10CE9000A360D4F85831002BFBD00021C4F8001552
:10CEA0006D682C68E868FFF7ABFF0823C4F800350D
:10CEB0002A7A52B9EB69C4F834350123C4F83835FD
:10CEC000C4F81021D4F8102123600020F8BD0822F6
:10CED000C4F80025B269C4F84425C4F848350123D4
:10CEE000A360D4F82031002BFBD00023C4F82031FC
:10CEF000D4F820310123E3604FF48073C4F8043385
:10CF0000C7E700F150039B009BB203F1804303F598
:10CF1000883300221A601B68704710B54FF0FF304D
:10CF20004FF0FF31F7F722F8044628B9E3F768FA23
:10CF3000044618B1F7F722F8204610BDF7F71EF89F
:10CF40002046F1F713FEF7E738B50B8A0D463BB1E3
:10CF500001F10C00FDF7B2FE012818D0022803D021
:10CF60006FF01504204638BD4FF0FF304FF0FF3111
:10CF7000F6F7FCFF04460028F4D1E868ECF7A7FFB9
:10CF80000446F6F7FBFFACB1F7F7D6F8EAE74FF047
:10CF9000FF304FF0FF31F6F7E9FF04460028E1D1FA
:10CFA000E868F7F761F90446F6F7E8FF002CD9D1F5
:10CFB000F7F7C2F82846F1F701FD0024D2E7F7F7AA
:10CFC000E5B810B531220446002101F05AF92023BA
:10CFD00023708023A3706FF03F0363710423A37257
:10CFE0002823A3730223E3730423A3756FF00803BC
:10CFF00063760323A3766FF00F03E3760E23237784
:10D00000302384F820306FF03F0384F8213001236F
:10D0100084F82230782384F82330802384F8263063
:10D02000402384F82D3010BD08B54FF0FF314FF08C
:10D03000FF30F6F79BFFEFF7F4FDBDE80840F6F789
:10D040009DBF684620F007018D4601B5ECF78EF8CC
:10D05000BDE8014085467047684620F007018D46CF
:10D0600001B5EBF77BFABDE801408546704768469D
:10D0700020F007018D4601B5EBF764FABDE80140E9
:10D080008546704708B5EFF7E8FC002008BDFAF7C1
:10D09000B5BA08B5F0F732FDF0F706FEBDE8084076
:10D0A000FAF7ACBA7047012802D10020EAF78CB831
:10D0B00070477047E9F786BE0020704710B54329D6
:10D0C000046901D00C2904D1ECF788FA2060002013
:10D0D00010BD6FF08500FBE703460020184700F005
:10D0E00025BC10B502461168B1B1BFF35B8FB1FA30
:10D0F00081F3C3F11F000123834021EA030352E8B7
:10D10000004F8C4204D142E8003CBCF1000FF6D144
:10D11000BFF35B8FE7D110BD6FF00B00FBE710B5DD
:10D120000368CB40DB0714D401238B400268BFF3B4
:10D130005B8F43EA020150E8004F944204D140E87B
:10D14000001CBCF1000FF6D1BFF35B8FEED10020C5
:10D1500010BD6FF01500FBE770B50C4600210546C9
:10D1600008461646F7F7C0FD00280ADB3378DB00D7
:10D1700003F1804303F5F8330020C3F81055C3F8DA
:10D18000144570BDF7B5019001A8DDE908471646C2
:10D190001D46F7F7BFFD019BB6F1000C18BF4FF01D
:10D1A000010C00EB83000B1E18BF0123002D43EA86
:10D1B0004C0314BF4FF00C0C4FF0000C002C43EA52
:10D1C0000C0314BF4FF4E06C4FF0000C002F43EA47
:10D1D0000C03D0F8002714BF4FF4403C4FF0000C74
:10D1E00043EA0C0322EA030301B109780EB1367851
:10D1F000760019430DB12D78AD0031430CB1247880
:10D20000240229430FB13F783F040C433C43C0F84C
:10D21000004703B0F0BD1FB50DF10F0301930023CC
:10D220008DF80F1000931A461946FFF7ABFF05B0B3
:10D230005DF804FB10B504460846F7F77BFD04EBE8
:10D240004004A08AC0F3401010BD10B50446084643
:10D25000F7F770FD04EB4004A08AC0F3400010BD56
:10D2600010B504460846F7F765FD04EB4004A08AB4
:10D27000400B10BD70B5044608461646F7F75AFD38
:10D2800008300D4634F81030DA0509D5C3F34323CE
:10D2900004EBC302314654F83330526828469847AD
:10D2A000A3682BB1E26831462846BDE870401847B4
:10D2B00070BD10B504460846F7F73CFD00B204EB1C
:10D2C0004000838ADA051DD5C3F3432123F4F853C4
:10D2D000838204F1120204F1720032F8023F13F467
:10D2E000807F03D0C3F3432399420BD08242F4D111
:10D2F00004EBC10300225A6004F17800BDE810403D
:10D30000FFF70DBF10BDF0B5034600F58074002097
:10D3100005460127844695420AD1D3F87C2132B1D3
:10D320000022C3F87C21D3F87C3140F00040F0BDEE
:10D3300025F0404607FA06F6314209D0D4F800E05D
:10D34000BEF1000F04D0C4F800C0D4F800E03043B0
:10D3500001350434DFE738B504460D46FFF76AFFB0
:10D36000B0B12046FFF771FF90B92046FFF778FF74
:10D37000226801238340C2F80833236800B203EB1C
:10D380008003D3F8102522F00302C3F8102538BD1E
:10D3900028460021BDE83840FFF73DBF2DE9F043A6
:10D3A000174685B004460846F7F7C4FCD7F8008056
:10D3B0000E460546B8F1000F1FD02046FFF745FF87
:10D3C00018B12046FFF736FF30BB0023CDE900330C
:10D3D0008DF80E308DF80F300DF10F0243460DF130
:10D3E0000E013046FFF7CEFE2AB204EB4202938ACA
:10D3F00023F0020343F0010393827B68002B34D0B7
:10D400003146204693F80080D3F80490FFF71DFFC3
:10D4100028B1B9F1000F1FD06FF0150028E028B235
:10D4200004EB4000838A23F4604323F020038382CB
:10D43000B9F1000F10D0B8F1030FEDD87B68216867
:10D440005B6893F800C001EB8C01B8F1000F12D1BA
:10D45000C1F81085C1F810852AB204EB4202938A04
:10D4600023F01C0343EA88039382BB684BBB002074
:10D4700005B0BDE8F083D1F8102522F00302C1F811
:10D480001025226802EB8C03D3F8102522F44F32CA
:10D4900022F44072C3F810253202D3F8101502F4BA
:10D4A0007C5242EA08420A43C3F8102504EB4C03BD
:10D4B000A3F87C60838A43EA4C3343F020038382E1
:10D4C000CAE7D3E9007831462046FFF7F2FE002F85
:10D4D000CDD063689F4206D004F17800FFF701FECB
:10D4E000002804DAC4E7A3689845F5D1002004EBCE
:10D4F000C003C3E901782DB204EB4505C0B2AB8A85
:10D5000043EA402343F48073AB82B0E72DE9F04354
:10D51000054685B0084617461E46F7F70BFC0C4635
:10D52000804637B32846FFF790FE18B92846FFF724
:10D5300081FE28BB0FFA88F905EB4909B9F81430C8
:10D5400013F01C0F02D07B78012B19D001238DF82A
:10D550000F300023CDE900737A1CBB1C0DF10F01C5
:10D560002046FFF70FFEB9F8143043F00303A9F883
:10D570001430002E41D021462846FFF766FE20B920
:10D580006FF0150005B0BDE8F08337782B6803EB2A
:10D5900087030022C3F81025C3F810250FFA88F27C
:10D5A00005EB42024FEA870C938A23F4604323F091
:10D5B00020039382707800B32968B6786144000430
:10D5C000D1F8103523F4991323F4F853C1F810352A
:10D5D000230200F4403003F47C5303433005D1F8B8
:10D5E000105500F4801003432B43C1F81035938A83
:10D5F00043EA473343F0200393820020C2E7C0E9A7
:10D600000312704770B504461546FFF713FE48B184
:10D610000846F7F78FFB04EB40040020A38A5B0B5E
:10D620002B7070BD6FF01500FBE738B590F88C409B
:10D6300005469CB960222146143000F022FE28687D
:10D64000C0F87C41D0F87C3140F30730F0F79AFE07
:10D65000012385F88C30AB67204638BD6FF077002A
:10D66000FBE790F88C00003818BF01207047F7F7EF
:10D670009DBB2DE9F34104461746FFF7DBFD0D4640
:10D68000266800B32046FFF7E0FD8046D8B9204663
:10D69000FFF7E6FD05B2AD0005F5807246F80280A1
:10D6A0002168B2582944D1F8102542F00102C1F88E
:10D6B00010252FB12168012202FA00F3C1F80433CA
:10D6C00002B0BDE8F081D6F80433002BA4BF4FF0C0
:10D6D0000043C6F804332846F7F72CFB04EB40045C
:10D6E000A38AC3F38203042B12D0052B12D001A806
:10D6F0000195F7F70FFB019BD0F81015D94001F009
:10D7000001010231284602B0BDE8F041FFF783BDB8
:10D710000321F7E70221F5E7FFF71DBEA1F58073AE
:10D7200010B59B08012404FA03F318400CD001F152
:10D73000804101F5E041086830B1002008600968C7
:10D74000116819431160204610BD08B50021012061
:10D75000F7F7F0FC0028F9D008BD08B50246F7F746
:10D760008BFC20B9BDE808401046F7F7C7BD6FF045
:10D770000F0008BD91F820200346032A29D8DFE8CE
:10D7800002F0212519028A68500304D5D3F84C25EC
:10D790000869904207D18A6852031AD4D3F84C25FD
:10D7A0008969914215D000200622C3F80005C3F80C
:10D7B00000257047D3F84C2508699042F3D1D3F87F
:10D7C0003C25EDE7D3F84C250969EAE7D3F83C2579
:10D7D000FAE70120704738B5857B04465DB90068DB
:10D7E000062303222946F8F7CDF8606806230322B2
:10D7F0002946F8F7C7F8012038BD30B5A2F5807585
:10D80000AD080124AC400C4207D0815829B1002159
:10D81000815082581A6822431A6030BD13B5002324
:10D820000C4601934FF4A47201ABFFF7E6FF2146CB
:10D830004FF48272FFF7E1FF21464FF49272FFF737
:10D84000DCFF21464FF4A872FFF7D7FF21464FF4C3
:10D85000A672FFF7D2FF21464FF4B072FFF7CDFF5B
:10D860004FF4AE722146FFF7C8FF019802B010BD19
:10D8700010B44FF080528B68D2F83021CC7B082A4C
:10D8800004D1B3F1C86F08BF4FF0C46302682CB96C
:10D89000D1E90041C2F80845C2F80C15C2F8243598
:10D8A00043682BB1006810BC40F30730F0F76ABD45
:10D8B00010BC704738B50D4690F826100446D1B913
:10D8C000C160C0E9012380F8291080F828106DB1EB
:10D8D000AB7B80F82B302846FFF77DFF70B16B7B68
:10D8E00084F82A3029462046FFF7C2FF012384F836
:10D8F0002630002038BD6FF07700FBE76FF0150091
:10D90000F8E703680622C3F80025022380F82630D2
:10D91000704707B5019001A8F8F79CFA019A012316
:10D920009340C0F8083503B05DF804FB08B1F1F787
:10D9300085B8704710B5436904463BB90020E268DA
:10D94000537843F001035370404210BD98470028BC
:10D95000F4D00028B8BF4042E368FF28A8BFFF20EA
:10D960001870ECE740B1C368587810F001001EBF92
:10D970001878B0FA80F040097047EFF31183402324
:10D9800083F31288BFF36F8FFEE708B5FFF7F5FF4B
:10D9900010B400F10C04C0E9034410BCFCF74BBF09
:10D9A00038B50446EFF31185402383F31288BFF3A3
:10D9B0006F8FFCF7F0FE04F10C0000F0C6FA30B1F6
:10D9C000294604F11400BDE83840F9F77DB985F324
:10D9D0001188BFF36F8F38BD4169826842EA010345
:10D9E00013F003030FD1C3600369013B03FB012262
:10D9F000002B01DA00207047C16811604169C260E4
:10DA0000013B521AF4E76FF01500704710B5C0E9FA
:10DA100004320023816083610446FFF7DDFF0028A4
:10DA2000A8BFC4E9004410BD2DE9F04105460F46EA
:10DA3000EFF31188402383F31288BFF36F8FC6681A
:10DA4000F6B90468A0421BD0D4B1D4E90032136007
:10DA50005A60637BA66023F002036373C4E9006627
:10DA600004F1180000F0DFFA2046E667276100F0B5
:10DA70000DFA414605F10800BDE8F041F9F724B977
:10DA80003E60AB69EF60013BAB6188F31188BFF387
:10DA90006F8FBDE8F08108B54024EFF3118384F364
:10DAA0001288BFF36F8FFDF73FF8F6E790F90E305D
:10DAB0008B4201D0F9F796B800207047034600204A
:10DAC000C3E90200C3E900337047D0E900321360B4
:10DAD0005A60427B002322F00202C0E90033427305
:10DAE000836070472DE9F843914604469DF8202055
:10DAF0000D4600F10807EFF31186402181F31288EB
:10DB0000BFF36F8F02B14568D4F80880474518D03D
:10DB1000B8F1000F15D04046FFF7D7FF08F1180005
:10DB200000F081FA0023C8F87C30C8F81090404615
:10DB300000F0ACF938463146F9F7C6F80020BDE8E8
:10DB4000F883A3B10820F9F751FD002838D001224D
:10DB5000C0F804900260016801F003015DB9226819
:10DB60000A430260626820606AB960600BE0C9F82D
:10DB700000304846EFE72A68032A16D8016061683A
:10DB800069B9C4E90000042104F1100000F02AFB87
:10DB90000028CFD186F31188BFF36F8FCFE70A68D3
:10DBA00002F0030202430A60DFE722F003020A43A5
:10DBB00002602A6802F0030240EA02032B60E2E7F7
:10DBC0006FF00B00E6E710B5044630B1026893072A
:10DBD00003D0446809B100F024FB204610BD0023A7
:10DBE000C0E9003300F10803C0E9023300F110037B
:10DBF000C0E90433704707B50123009300230A46A8
:10DC00001946FFF76FFF03B05DF804FB07B500236B
:10DC10000A4600931946FFF765FF03B05DF804FB61
:10DC200000680021FFF7CFBF5AB18A4209D300F143
:10DC30001003C0E90212C0E90000C0E9043300206B
:10DC400070476FF015007047026801238B4022EA8D
:10DC50000303036022FA01F000F0010070477047EF
:10DC600010B5032104460C30FFF7EEFF30B104F18C
:10DC7000100000F0D8F9B0FA80F0400910BD20B1D2
:10DC8000002211468C3000F095B9704770B5C3681A
:10DC9000C3F340069B07044616D4856802210C3066
:10DCA000FFF7D2FF80B1D5F884206AB194421DD12C
:10DCB00022689EB9D5F88830C5F884209C4201D1ED
:10DCC000C5F8882000232360E36813F01F001EBFFF
:10DCD00043F00203E36040F0020070BD3260D5F80B
:10DCE0008820944208BFC5F88860EBE716461268A2
:10DCF000DBE773B50446EFF31185402383F3128805
:10DD0000BFF36F8F0023A0F11006032104380193A5
:10DD1000FFF79AFF28B1A369019301A93046F8F7EC
:10DD2000AFFC85F31188BFF36F8F02B070BD38B5BB
:10DD300004460D461022002100F0A3FA656038BDAC
:10DD400013B501900846EFF31184402383F3128842
:10DD5000BFF36F8F01A9F8F793FC84F31188BFF329
:10DD60006F8F02B010BD10B5FFF7EAFF041E08DD8B
:10DD7000EFF31180402383F31288BFF36F8FF8F71E
:10DD8000B5FF204610BD70B50D46EFF31186402358
:10DD900083F31288BFF36F8FF8F7CEFC044686F347
:10DDA0001188BFF36F8F38B14FF0FF324FF0FF3360
:10DDB00005F11000F8F782FB204670BD08B5A022DF
:10DDC000002100F05EFA08BD38B5302204460D4649
:10DDD000002100F056FA4FF480736560E36038BDAF
:10DDE00038B50446EFF31185402383F31288BFF35F
:10DDF0006F8FFFF735FF2046FFF748FF85F3118847
:10DE0000BFF36F8F38BDEFF30580003818BF0120D6
:10DE100070476FF057007047D0E9003213605A60C6
:10DE20000023C0E90033704708B5FFF7F5FF437BD7
:10DE300023F0020343730023836008BD38B5044612
:10DE40000D46F8F73DFE637B43F002036373E5B1D3
:10DE5000A5602B689D4209D16B68C4E900531C6022
:10DE60006C6012E06A689A42F6D01B68002BF3D00F
:10DE700094F90E2093F90E108A42F3D09142F1DD0D
:10DE80005A68C4E9003214605C6038BD10B5EFF325
:10DE90001184402383F31288BFF36F8FF8F7CEFD10
:10DEA00084F31188BFF36F8F10BD08B5EFF31181B4
:10DEB000402282F31288BFF36F8F83680BB1FFF7A4
:10DEC000B3FF81F31188BFF36F8F08BD10B5014612
:10DED000EFF31184402383F31288BFF36F8F437BEA
:10DEE00013F0280F0AD183680BB1FFF79DFF4B7B1E
:10DEF00023F004034B730846F8F7A0FD84F3118860
:10DF0000BFF36F8F10BD01211838FFF7DFBF08B5D1
:10DF10000346EFF31181402282F31288BFF36F8F23
:10DF20000068834207D008B1FFF77EFF81F31188B4
:10DF3000BFF36F8F08BD0020F8E710B5FFF7B5FFFE
:10DF4000BDE81040183000F06EB838B504680546DA
:10DF5000AC424FF0000000D138BD002CFCD0204670
:10DF6000FFF7EBFF2046FFF791FF2C680120A54249
:10DF7000F1E770B505460E46F8F760FFB6F1FF3FD2
:10DF800008BFB5F1FF3F0446284612D04FF47A711E
:10DF900047F6FF730022C4FB0132D80B40EA42402F
:10DFA000B0F1004F4FEAD23272F1000228BF6FF099
:10DFB000004070BD38B5EFF31185402383F312881C
:10DFC000BFF36F8F0468A04212D09CB1E167226159
:10DFD0002046FFF729FF04F1180000F024F820463E
:10DFE000F8F72CFD012085F31188BFF36F8F38BD42
:10DFF0000020F8E72046F6E708B50246F9F7B8F83A
:10E0000070B1D0E904319B1A61EBE272B3F1004FB9
:10E0100072F1000104DA002AACBF1846002008BDE6
:10E020006FF00040FBE738B50246EFF3118540235F
:10E0300083F31288BFF36F8F0368CBB1F9F798F8B9
:10E0400004461046F9F7A6F800224FF00043844238
:10E05000C0E9042306D1F9F793F8FFF7CDFF0021BB
:10E06000F5F74CFF002085F31188BFF36F8F38BDA3
:10E070006FF01500F7E708B5F9F798F908BDF9F75B
:10E0800095B9B3F1FF3F08BFB2F1FF3F70B5064647
:10E090001D46144614D01A4316D0002B08DBF9F79E
:10E0A00085F9041941EB0501C6E90041304670BD10
:10E0B0006FF001031C1B4FF0FF3363EB0501F3E727
:10E0C0004FF0FF342146EFE70024FBE7B3F1FF3FB9
:10E0D00008BFB2F1FF3FF8B5074616461C4610D000
:10E0E00054EA020311D0F9F761F9B0420A46A1419E
:10E0F00003460AD2F31A64EB0204C7E90034384637
:10E10000F8BD4FF0FF331C46F7E70023FBE7002381
:10E11000C0E9081200F11802C0E90622C0E9003384
:10E1200003634363704710B50446FFF77CFFA8B94B
:10E13000636A0BB12046984704F11800FFF7E7FE29
:10E1400060B1FFF7A3FEEFF31180402383F3128841
:10E15000BFF36F8FBDE81040F8F7C8BD10BD2DE9C3
:10E16000F041846805460E46D4B16378012B22D174
:10E1700014F8533C9A0711D5A4F160073846FFF70D
:10E18000DCFE082E0CBF6FF003030023E36114F8DC
:10E19000533CDB0602D13846FFF778FE002323709C
:10E1A000EB68C3F386321643002066F39433A8600D
:10E1B000EB60BDE8F081022BF0D12378002BEDD08D
:10E1C00054F8048CB8F1000FE8D004F11400FFF704
:10E1D0002AFFA4F114070023E36239464046FFF703
:10E1E000AFFDDBE738B5EFF31185402383F31288E9
:10E1F000BFF36F8F0468A04211D0D4E900321360DE
:10E200005A600023C4E900332046FFF7A8FF85F3D6
:10E210001188BFF36F8F201E18BF012038BD002466
:10E22000F5E720B1011F50F8040CFFF7B9BB7047A8
:10E2300070470A44914200F1FF3300D1704710B596
:10E2400011F8014B03F8014F9142F9D110BD8842FA
:10E2500010B501EB020402D98442234607D8431EBD
:10E26000A14208D011F8012B03F8012FF8E702446E
:10E2700001468A4200D110BD13F8014D02F8014D4C
:10E28000F7E702440346934200D1704703F8011BAD
:10E29000F9E710B501390244904201D1002005E0B0
:10E2A000037811F8014FA34201D0181B10BD0130B3
:10E2B000F2E710B50139044632B111F8013F00F818
:10E2C000013B013A002BF7D10021FFF7DAFF20468E
:10E2D00010BD10B5024601448A42134603D01C7893
:10E2E0000132002CF8D1181A10BDF0B5C3F1370770
:10E2F0000446FFB203F01F031046082BE6B233D0EA
:10E30000102B3ED06508A40844EA817445EAC17523
:10E310002D194FEA910242EB5102290941EA02719B
:10E320006D1842EB1212290A41EA02616D1842EBA4
:10E330001222290C41EA02416D1842EB1242AD183B
:10E3400042F10002EC0844EA4274D10804EB840272
:10E35000A6EB4205EDB2092D0CD90134A5F10A0551
:10E3600041F10001EDB212E0E40844EA417406F024
:10E370000705C908303554EA010200F8015BBCD139
:10E38000F0BD240944EA017406F00F050909092DBE
:10E3900084BFED19EDB2EDE7D1E9043293421EBF1F
:10E3A0005A1C0A61187070470148006870470000E5
:10E3B000C82900209AE8FE7F0100000061EA000001
:10E3C00000000000F9E9000000000000000000006B
:10E3D0007CE40100B161010000000000D561010092
:10E3E0000000000000000000B4E401000000000094
:10E3F00098E401004D4901000000000085D00100B3
:10E40000000000008FD001000000000000000000AC
:10E41000ECE4010000000000D0E401000000000076
:10E4200008E50100A93D01000000000011E800001E
:10E43000000000000000000024E50100BD490100CB
:10E440000000000093D001000000000009650100F9
:10E45000000000000000000040E501000000000096
:10E460005CE501000000000078E5010011EC00000F
:10E470000000000041DA00000000000003FA010083
:10E480002CEE010080E701005A050020902B0020AF
:10E490007D3001000000000032FA010044EE01006E
:10E4A00028E7010060050020382C0020D13601004B
:10E4B0000000000040FA010058EE010028E70100CA
:10E4C00062050020442C0020D1360100000000002D
:10E4D00012FA01000000000020E701005C050020A6
:10E4E000E42B00209D3401000000000022FA01000E
:10E4F000000000003CEE01005E050020000000006E
:10E5000077C901000000000063FA010088EE0100F5
:10E510009CE7010066050020B42C00201FCE0100FE
:10E520000000000097FA010000000000CCEE01009E
:10E5300068050020CC2C0020814001000000000074
:10E54000F6F901000000000014E701005805002062
:10E5500000000000C92D0100000000004EFA01007B
:10E56000900400204CE7010064050020502C00209E
:10E57000A9CA010000000000C1FA0100000000006B
:10E5800064E701006A050020FC2C0020B9D00100DE
:10E5900000000000B5D00100D9D00100000000004B
:10E5A0000DAB010008E50100BFCD0100502C00209B
:10E5B000E95C0100000000000DAB0100000000005C
:10E5C0000DAB0100340300207BCA0100DD570100C0
:10E5D000D9D00100000000000DAB010000000000D8
:10E5E0000DAB0100000000000DAB010000000000B9
:10E5F0000DAB0100000000000DAB0100E42B00207A
:10E600000D350100000000000DAB0100000000000E
:10E610000DAB0100000000000DAB01000000000088
:10E62000393E0100000000000DAB010000000000B9
:10E630000DAB0100000000000DAB01000000000068
:10E640000DAB0100000000000DAB01000000000058
:10E650000DAB0100000000000DAB01000000000048
:10E66000AD490100000000000DAB010000000000FA
:10E670000DAB0100000000000DAB01000000000028
:10E680000DAB0100000000000DAB01000000000018
:10E690000DAB0100000000000DAB01000000000008
:10E6A0000DAB0100000000000DAB010000000000F8
:10E6B0000DAB0100000000000DAB010000000000E8
:10E6C0000DAB0100000000000DAB010000000000D8
:10E6D0000DAB0100000000000DAB010000000000C8
:10E6E0000DAB0100000000000DAB010000000000B8
:10E6F0000DAB0100000000000DAB010000000000A8
:10E700000DAB0100000000000DAB01000000000097
:10E710000DAB0100552A01000D2E0100580200002A
:10E72000453401009D3301000D370100D1C90100BE
:10E73000DFC90100F7C9010003CA01000FCA0100C7
:10E740008135010029CA0100000000007DCC0100D4
:10E7500000000000E1CA010000000000000000000D
:10E760004DCC01000000000000000000000000008F
:10E77000BDD00100B54A010000000000000000000B
:10E78000D5300100E1C8010043C9010000000000CC
:10E790007DC80100000000000000000079CD0100EC
:10E7A000913A01006BCD0100050000000D0D010044
:10E7B00006000000FD29010004000000991301007B
:10E7C00011D100003DD10000000000000000000059
:10E7D00000000000000000001CED0100040000002B
:10E7E0006CED01000700000070EA01000600000067
:10E7F00068EA010060EA010058EA01000000000038
:10E8000003000000A0000000F00000000000000075
:10E8100001020203030100010000010100000100E8
:10E820000100000100010000000001000B000200D7
:10E830000A00050009000A000800140007001E0075
:10E840000600320005004B0004006400030096003F
:10E850000200FA000100F4010000F401FA00960041
:10E8600064004B0032001E0014000A000500020084
:10E8700001000C0802170D0101020909010106023D
:10E880000918180301010909030385030201230282
:10E8900002240910040405050B0B040B2B1B1B158C
:10E8A0009A9A1C021D16130501490D150508061B31
:10E8B0001B0F01010000FEFEFEFEFEFEFEFEFEFE40
:10E8C000FEFEFEFEFEFEFEFEFEFEFE16FEFEFEFE50
:10E8D000FEFEFEFEFEFEFE1F1FFEFE26FEFEFEFEEE
:10E8E000FEFEFEFEFEFEFEFEFEFEFEFEFEFE3E3EC8
:10E8F000FEFEFEFE3B3BA301B103BF05EF0249064E
:10E90000A309C505F50B25120100000010110040F8
:10E9100000000000000000000000000000000000F7
:10E920000406080A0C0E10121416181C1E202224AD
:10E9300026282A2C2E30323436383A3C3E40424487
:10E9400046484A4C4E021A500000000028000000C1
:10E950001800000000000000141E0000301100002C
:10E960000000000070170000A00F00000000DC0590
:10E97000E803000000000000141E00003011000039
:10E9800000002CA6E0A100003408E80318002800CD
:10E9900000002A00D8ECF0F4F8FC0002030405069D
:10E9A0000708000000000000000000000000000058
:10E9B0000000000000000101010102020202030345
:10E9C00003030404040405050505060606080900FA
:10E9D0000000000000000000000000000000000037
:10E9E000000000010101010202020203030303040B
:10E9F0000404040505050506060708090A0B0C0DA5
:10EA000000100200FA0000000000000000000000FA
:10EA10000338FDD8704700000710000044050020AF
:10EA20000101000054050020090A00000AF301005A
:10EA300040E50100000100040000000100000000AA
:10EA40000C00000040E50100010100040000010489
:10EA5000000000000C00000098E401000900010023
:10EA6000B4E4010004000100B4E401000C00010062
:10EA7000C0F001009DC4010000000000BCF30100D3
:10EA800000000100BCF00100E5C50100000000002D
:10EA90000C030020000001009AF3010000000000B8
:10EAA000000000000000000000000100B8F00100BC
:10EAB0007DC5010061220100F40200200000030076
:10EAC000B4F00100E5C5010000000000EC020020E8
:10EAD0000000010078F301000000000071DA00007E
:10EAE000000000000000030000000000EDAA01008B
:10EAF0002C030020240300201C0300200000000041
:10EB00001403002015DC000009DB00005DDB0000C1
:10EB1000BDDB0000000000200000000000000B062C
:10EB20000200000028EB0100000000002DF80100A9
:10EB3000260002060000002035F8010022000B111B
:10EB40009DE800000000000081AB010040EB0100E7
:10EB50005CEB01000001000000000000706000207C
:10EB600040EB010070EB01002E00000000000000EF
:10EB7000C06D002040EB010084EB010002010000A9
:10EB800000000000946E00200E03000095F80000C5
:10EB90000F04000091F900001A01000083AE01008B
:10EBA00005040000C5EB000013010000D5AF010013
:10EBB0003E010000ADEC000001120000C7AF0100F3
:10EBC0000A1E000077B00100FF0100006DEC00009C
:10EBD0003E0100008DEC000005040000A9AE01001C
:10EBE0001001000021AF01000112000089F30000B4
:10EBF0000A1E000029B201000309000085B00100CF
:10EC0000040B000029AF0100060A0000E3B2010076
:10EC1000070A0000EBAE01000C050000D1AE0100B8
:10EC200040EB010030EC0100470000000000000054
:10EC3000B06F002040EB010044EC01000000000038
:10EC400000000000D070002040EB010058EC0100F3
:10EC50000001000000000000F87000208BB70100E8
:10EC6000DDB701000000000000000000000000000F
:10EC700059B9010000000000000000000000000081
:10EC8000000000000202010069C20100040401004A
:10EC9000711D010006060100B11C010008040100FD
:10ECA0009D1B01000A02010051C201000C04010079
:10ECB00039C201000E040100711A01002004010094
:10ECC000D519010010040100E5180100120201002D
:10ECD0000DC2010016040100DD1D01001801010034
:10ECE0008D1701001E00040001C301005202000044
:10ECF000E3C1010040EB010004ED0100020100004E
:10ED0000000000007074002040EB010018ED0100CD
:10ED1000F70000000000000054780020D8F0010047
:10ED20009DC4010000000000D4F0010000000100BB
:10ED3000D0F00100E5C501000000000058040020EB
:10ED400000000100C8F00100000000000000000009
:10ED50000000000000000000C4F001007DC50100BB
:10ED600061220100600400200000030004F10100A2
:10ED70009DC401000000000000F10100000001003E
:10ED8000FCF00100E5C5010000000000880400203F
:10ED900000000100F4F00100D5C4010000000000F3
:10EDA0000000000000000100F0F00100E5C50100D6
:10EDB000000000008004002000000100E8F00100D5
:10EDC000FFC401000000000000000000000001007E
:10EDD000E4F00100E5C50100000000007804002017
:10EDE00000000100DCF00100CD2001000000000067
:10EDF0000000000000000100000000000000000012
:10EE000000000000000000000000000027C8010012
:10EE100000000000000000000000000000000000F2
:10EE2000393001000930010000000000913101007B
:10EE3000113101006DC9010069C901008DC90100CE
:10EE400000000000FFFF000000030050340300201A
:10EE50000000000001000000BCF801FF00000050AD
:10EE600034030020000000000000000000300040DB
:10EE700078EE01000100000080EE010002000000B9
:10EE80002B00000C2A00000B0020004001000000B5
:10EE900000000000A8EE01000000D6010000000004
:10EEA000643800206338002000200040B4EE0100E8
:10EEB00001000000BCEE010004000000060000009C
:10EEC000050000020806000107060003CD3F01000F
:10EED0001BCF010049CF0100080000000300000023
:10EEE000BCE30100C4E3010024E401002CE40100C0
:10EEF00074E401007CE401000BFB01000001000050
:10EF000000000000FF8FFFFFFF8FFFFFFE8FFFFF5E
:10EF1000FE8FFFFFFD8FFFFFFC8FFFFFFC8FFFFFCA
:10EF20006D757465785F667265652063616C6C658C
:10EF3000642077697468204E554C4C207061726172
:10EF40006D6574657200000043616E277420696E00
:10EF5000697469616C697A65206D757465782C20B7
:10EF6000776173204E554C4C0D0A00004661696C68
:10EF700020746F2061637175697265206D757465A9
:10EF8000780A00004661696C20746F20696E6372B4
:10EF90006561736520504D20636F756E7465720AEC
:10EFA000000000004661696C20746F206465637224
:10EFB0006561736520504D20636F756E7465720ACC
:10EFC000000000004661696C20746F2072656C65FA
:10EFD000617365206D757465780A0000436F756C08
:10EFE00064206E6F74206C6F636B20706F77657236
:10EFF0002073617665206D75746578004661696C73
:10F0000020746F20756E6C6F636B206D75746578FE
:10F010000A0000006374782063616E6E6F74206272
:10F0200065204E554C4C00000A63747820697320AB
:10F030004E554C4C0A00000067E6096A85AE67BB76
:10F0400072F36E3C3AF54FA57F520E518C68059BCA
:10F05000ABD9831F19CDE05BD89E05C107D57C369F
:10F0600017DD703039590EF7310BC0FF1115586894
:10F07000A78FF964A44FFABE0123456789ABCDEF92
:10F08000FEDCBA9876543210F0E1D2C36472616744
:10F090006F6F6E2F6C6962732F73636865642F7373
:10F0A00072632F73636865645F68616C5F72746319
:10F0B0002E6300000000032800000229000003283E
:10F0C00000000028000002290000052A0000052A8F
:10F0D0000000032800000118000000280000042A96
:10F0E0000000042A000003280000012A0000012A71
:10F0F000000003280000002A0000002A0000032866
:10F10000000000180000002850494E470009636FB6
:10F110006E76657273696F6E20726573756C74209C
:10F120006973206F7574206F662072616E67650A5F
:10F13000004144432C7365713D25752C61696E3126
:10F140005F6572723D25642C61696E345F65727211
:10F150003D25642C7377313D25642C7377333D2531
:10F16000642C7377343D25640D0A004144432C73AD
:10F1700065713D25752C61696E313D25752F256CB6
:10F18000642C61696E343D25752F256C642C737772
:10F19000313D25642C7377333D25642C7377343DE2
:10F1A00025640D0A00494E412C7365713D25752C6F
:10F1B000696E69743D25642C726561643D25642C1B
:10F1C00069643D253034782F253034782C6E726692
:10F1D0005F74656D705F6572723D25640D0A00494C
:10F1E0004E412C7365713D25752C766275735F6D8C
:10F1F000763D256C642C7368756E745F75763D255D
:10F200006C642C63757272656E745F6D613D256C04
:10F21000642C706F7765725F6D773D256C642C741C
:10F22000656D705F7831303D256C642C6E72665F61
:10F2300074656D705F6572723D25640D0A00494EFC
:10F24000412C7365713D25752C766275735F6D7603
:10F250003D256C642C7368756E745F75763D256C06
:10F26000642C63757272656E745F6D613D256C64AC
:10F270002C706F7765725F6D773D256C642C7465BB
:10F280006D705F7831303D256C642C6E72665F74F2
:10F29000656D705F7831303D256C640D0A00494E14
:10F2A000412C7365713D25752C696E69743D25642B
:10F2B0002C69643D253034782F253034782C6E72DB
:10F2C000665F74656D705F6572723D25640D0A003E
:10F2D000494E412C7365713D25752C696E69743DED
:10F2E00025642C69643D253034782F253034782C02
:10F2F0006E72665F74656D705F7831303D256C6449
:10F300000D0A00504F4E470D0A004537335F494FF5
:10F310005F4E5553002A2A2A20426F6F74696E6728
:10F32000206E524620436F6E6E6563742053444BCB
:10F330002076332E332E302D6261313637643966B4
:10F3400033646234202A2A2A0A002A2A2A20557382
:10F35000696E67205A6570687972204F5320763441
:10F360002E332E39392D66643932303461303264AF
:10F370003532202A2A2A0A00029ECADC240EE5A978
:10F38000E093F3A3B50200406E029ECADC240EE5B2
:10F39000A9E093F3A3B50200406E029ECADC240EDE
:10F3A000E5A9E093F3A3B50300406E029ECADC24F6
:10F3B0000EE5A9E093F3A3B50300406E029ECADCFC
:10F3C000240EE5A9E093F3A3B50100406E6D7574BA
:10F3D00065785F696E69742063616C6C6564207721
:10F3E000697468204E554C4C20706172616D657473
:10F3F000657200436F756C64206E6F7420616C6C75
:10F400006F63617465206D75746578206265666FE1
:10F41000726520696E697469616C697A696E6700EA
:10F4200072302F61313A2020307825303878202012
:10F4300072312F61323A2020307825303878202000
:10F4400072322F61333A20203078253038780A0024
:10F4500072332F61343A202030782530387820728A
:10F4600031322F69703A2020307825303878207278
:10F4700031342F6C723A20203078253038780A00E9
:10F4800020787073723A20203078253038780A005E
:10F490004661756C74696E6720696E73747275630A
:10F4A00074696F6E206164647265737320287231B1
:10F4B000352F7063293A203078253038780A005586
:10F4C0006E68616E646C6564204952516E3A202505
:10F4D000640A002A2A2A2A2A204D505520464155DE
:10F4E0004C54202A2A2A2A2A0A00202053746163B5
:10F4F0006B696E67206572726F722028636F6E741D
:10F500006578742061726561206D69676874206236
:10F5100065206E6F742076616C6964290A00202072
:10F52000556E737461636B696E67206572726F727A
:10F530000A00202044617461204163636573732075
:10F5400056696F6C6174696F6E0A0020204D4D46DC
:10F55000415220416464726573733A203078257893
:10F560000A002020496E737472756374696F6E208F
:10F570004163636573732056696F6C6174696F6E64
:10F580000A002020466C6F6174696E672D706F6988
:10F590006E74206C617A7920737461746520707266
:10F5A00065736572766174696F6E206572726F72D1
:10F5B0000A002A2A2A2A2A20555341474520464133
:10F5C000554C54202A2A2A2A2A0A002020446976E7
:10F5D0006973696F6E206279207A65726F0A002004
:10F5E00020556E616C69676E6564206D656D6F7224
:10F5F00079206163636573730A0020204E6F206376
:10F600006F70726F636573736F7220696E7374725B
:10F61000756374696F6E730A002020496C6C6567AE
:10F62000616C206C6F6164206F66204558435F52A7
:10F63000455455524E20696E746F2050430A002085
:10F6400020496C6C6567616C20757365206F66205E
:10F6500074686520455053520A0020204174746537
:10F660006D707420746F206578656375746520759E
:10F670006E646566696E656420696E737472756325
:10F6800074696F6E0A002A2A2A2A2A2042555320BA
:10F690004641554C54202A2A2A2A2A0A002020535F
:10F6A0007461636B696E67206572726F720A002005
:10F6B00020507265636973652064617461206275AE
:10F6C00073206572726F720A0020204246415220F8
:10F6D000416464726573733A20307825780A00209B
:10F6E00020496D707265636973652064617461207F
:10F6F000627573206572726F720A002020496E7302
:10F700007472756374696F6E2062757320657272AE
:10F710006F720A005265736572766564204578637E
:10F72000657074696F6E20280053707572696F750B
:10F730007320696E74657272757074202849525115
:10F740002000535053454C20696E207468726561E7
:10F7500064206D6F646520646F6573206E6F742024
:10F76000696E646963617465205053500A002A2AE7
:10F770002A2A2A2048415244204641554C54202AE6
:10F780002A2A2A2A0A002020427573206661756C95
:10F7900074206F6E20766563746F72207461626C82
:10F7A0006520726561640A002020446562756720E7
:10F7B0006576656E740A0020204661756C7420655C
:10F7C0007363616C6174696F6E2028736565206274
:10F7D000656C6F77290A00415243485F455843459D
:10F7E0005054207769746820726561736F6E2025AC
:10F7F000780A0A002A2A2A2A2A2044656275672084
:10F800006D6F6E69746F7220657863657074696F6F
:10F810006E202A2A2A2A2A0A002A2A2A2A2A202567
:10F820007320256429202A2A2A2A2A0A00464C41C4
:10F8300053485F30005352414D5F300000000100DB
:10F84000000000FFFFFFFFFFFF00000000000000BE
:10F85000FFFFFFFFFFFF00000000000002FB349BE2
:10F860005F80000080001000000000000001040024
:10F87000020000000200000000000000050000007F
:10F880000000000000000000000000000557455384
:10F89000545F544F504449522F7A65706879722FE3
:10F8A0007375627379732F626C7565746F6F7468AA
:10F8B0002F686F73742F6863695F636F72652E635F
:10F8C000006576745F666C61677320262028315569
:10F8D0004C203C3C202830292900415353455254A8
:10F8E000494F4E204641494C205B25735D20402006
:10F8F00025733A25640A0062745F6863695F657600
:10F90000745F6765745F666C616773286864722DE5
:10F910003E657674292026202831554C203C3C2019
:10F920002831292900657272203D3D2030000943AD
:10F930006F6E74726F6C6C657220756E7265737029
:10F940006F6E736976652C20636F6D6D616E6420D8
:10F950006F70636F64652030782530347820746967
:10F960006D656F75742077697468206572722025E3
:10F97000640A0042542052582057510062756600B4
:10F980007075626C69630072616E646F6D00707592
:10F99000626C69632D69640072616E646F6D2D69BC
:10F9A000640030782530327800253032583A2530DE
:10F9B00032583A253032583A253032583A253032CA
:10F9C000583A2530325820282573290006010501B0
:10F9D00004010702030105020201030205040101FB
:10F9E00001020103010401060108010C01100118C4
:10F9F0000120014001806164634034303030373091
:10FA0000303000636C6F636B4034303030303030F6
:10FA1000300072616E646F6D40343030306430306D
:10FA2000300063727970746F40353030326130303D
:10FA300030006770696F403530303030333030001F
:10FA40006770696F403530303030303030006932A7
:10FA50006340343030303330303000000102030472
:10FA60000506077561727440343030303230303002
:10FA700000536F667444657669636520436F6E74E6
:10FA8000726F6C6C6572204153534552543A202575
:10FA9000732C2025640A0062745F6863695F736475
:10FAA00063004D50534C204153534552543A202546
:10FAB000732C2025640A004D50534C20576F726BF5
:10FAC0000074656D70403430303063303030000089
:10FAD0000000000001010000000000002030303074
:10FAE0003030303030303030303030000101000103
:10FAF000010101090000000D0102030405060708C9
:10FB00000100000000006D61696E00737973776F0A
:10FB1000726B710027037D53048DFE99A9F29AAD93
:10FB2000DE5B6AE2746CAC7500FFFFFFFF1F00280C
:10FB30006E756C6C29002A666C6F61742A00000077
:10FB4000FFFFFFFFFF1F00001F000000000000007C
:10FB50001D40000000000000FFFFFFFF1FFF00002E
:10FB6000BAABBABA101010100000000000800040BC
:10FB700000000000000000000C0000000000000079
:10FB800000FF7F0000000000DBAC00000000000070
:10FB90000FAD0000000000009D1D000000000000EF
:10FBA0002FAD000000000000EDAC000000000000E0
:10FBB000BC690000FF000000E49A000001000000A2
:10FBC0000000000000000000000000000000000035
:10FBD0000000000000000000000000000000000025
:10FBE0000000000000000000000000000000000015
:10FBF0000000000000000000000000000000000005
:10FC000000000000000000000000000000000000F4
:10FC100000000000000000000000000000000000E4
:10FC200000000000000000000000000000000000D4
:10FC300000000000000000000000000000000000C4
:10FC400000000000000000000000000000000000B4
:10FC500000000000000000000000000000000000A4
:10FC60000000000000000000000000000000000094
:10FC70000000000000000000000000000000000084
:10FC80000000000000000000CDF7000000000000B0
:10FC90000000000000000000000000000000000064
:10FCA0000000000000000000000000000000000054
:10FCB0000000000000000000000000000000000044
:10FCC0000000000000000000000000000000000034
:10FCD0000000000000000000000000000000000024
:10FCE0000000000000000000000000000000000014
:10FCF0000000000000000000000000000000000004
:10FD000000000000000000000000000000000000F3
:10FD100000000000000000000000000000000000E3
:10FD200000000000000000000000000024E50100C9
:10FD300000000000F4010020F40100200000000099
:10FD40000100000004020020040200200C02002038
:10FD50000C02002000000000010000001C02002036
:10FD60001C02002000000000000000000000000055
:10FD70000000000000000000000000000000000083
:10FD80000000000000000000000000000000000073
:10FD90000000000000000000000000000000000063
:10FDA0000000000000000000000000000000000053
:10FDB0000000000000000000000000000000000043
:10FDC0000000000000000000000000000000000033
:10FDD0000000000000000000000000000000000023
:10FDE00000000000394A010000000000000100008E
:10FDF0000000000000000000000000000000000003
:10FE000000000000000000000000000000000000F2
:10FE100075CF00000000000000000000EDFFFFFFB4
:10FE2000EDFFFFFFEDFFFFFFE7A8010089F30100F1
:10FE300000000C00000000000000000000000000B6
:10FE40005DDA00000000000000000000ABF30100DC
:10FE500000001000E80500203A000000FC0500202A
:10FE60003A000000C00500203A0000001006002003
:10FE70003A000000006000400000000000000000A8
:10FE80000000000000000000000000000000000072
:10FE90000000000000000000000000000000000062
:10FEA0000000000000000000000000000000000052
:10FEB0000000000000000000000000000000000042
:10FEC0000000000000000000000000000000000032
:10FED0000000000000000000000000000000000022
:10FEE0000000000000000000000000000000000012
:10FEF0000000000000000000000000000000000002
:10FF00000000000000000000D1F800000000000028
:10FF10000000000000000000E5ED0000000000000F
:10FF20000000000000000000D505010000000000F6
:10FF30000000000000000000B90201000000000005
:10FF40000000000004040020040400200000000061
:10FF5000000000007C7A00200000EE017C7A002086
:10FF6000E1100100A91F01000000000000000000D6
:10FF7000000000004116010023C1010053C0010030
:10FF80003D100100000000000000000015150100F8
:10FF90000000000000000000CCF001000000200084
:10FFA0000000000000000000000000000000000051
:10FFB0005FC5010000000000E0F001000000020049
:10FFC000ECF0010000000200F8F001000000020067
:10FFD0000000000000000000000098010000010186
:10FFE0007FCA0100100000008D3801006CEE010096
:10FFF00053380020FFFF0000000000000000000058
:020000040002F8
:100000000090D003FF00000090020000CC0400200C
:10001000CC040020000000004176010018050020FB
:100020001005002008050020000000000005002049
:10003000017801004D77010081770100C977010047
:10004000382F00203A00003A3C2F00203A00003AB6
:10005000402F00203A00003A442F00203A00003A96
:100060008C3400202C050020EC040020E404002047
:10007000E0040020DC040020798501006D8501008A
:10008000618501009ECADC240EE5A9E093F3A3B5C7
:100090000100406E060000000000000000000000AB
:1000A0000000000000000000000000006C050020BF
:1000B0006C050020F0770020000000000100000027
:1000C00034000000000000008805002088050020A2
:1000D000C05F00200000000001000000B000000030
:1000E00000000000A4050020A405002024780020C2
:1000F00000000000030000001000000000000000ED
:10010000C0050020C0050020000000000000000025
:100110000E000000D4050020D405002000000000DF
:10012000000000000E000000E8050020E8050020A7
:1001300000000000000000000E000000FC05002090
:10014000FC05002000000000000000000E00000080
:100150001006002010060020000000000000000033
:100160000E000000240600202406002000000000ED
:10017000FFFFFFFF34060020340600203C0600206D
:100180003C06002000000000010000004C0600209A
:100190004C06002000000000000000005C0600206B
:1001A0005C060020640600206406002000000000B9
:1001B0000000000074060020740600207C06002069
:1001C0007C06002003000300100000000000000077
:1001D00048EC0100F873002000000000000000005F
:1001E000A0060020A0060020A8060020A8060020E7
:1001F000030003001000000091100100F4EC010066
:10020000787700200000000000000000CC060020ED
:10021000CC060020D4060020D406002003000300F2
:10022000000000000000000060EB01004C6E0020A8
:100230000000000000000000F8060020F806002082
:10024000000700200007002001000100100000004E
:10025000F101010034EC0100D0700020000000002A
:100260000000000024070020240700202C070020A5
:100270002C07002003000300000000000000000025
:1002800020EC010088700020000000000000000049
:100290005007002050070020580700205807002072
:1002A0000C000C0004000000F5EA00004CEB01001B
:1002B000706C002000000000000000007C0700209F
:1002C0007C07002084070020840700200200020031
:1002D000040000000000000008ED0100447A002046
:1002E0000000000000000000A8070020A807002070
:1002F000B0070020B007002001000100000000004E
:100300000000000074EB0100986F002015E015E07C
:00000001FF
